{"type":"FeatureCollection","features":[{"type":"Feature","id":1,"geometry":{"type":"Polygon","coordinates":[[[-43.426846783999963,-21.644828746352406],[-43.427141311999939,-21.644786373352417],[-43.427584304999982,-21.644695726352399],[-43.427928276999985,-21.644604141352389],[-43.428149632999975,-21.644515910352379],[-43.428445303999986,-21.644423867352394],[-43.428740740999963,-21.644241496352407],[-43.428865262999977,-21.644062025352447],[-43.428940566999984,-21.643854989352445],[-43.428965206999983,-21.643810060352433],[-43.428990578999951,-21.643697394352419],[-43.429017465999955,-21.64344473835245],[-43.428995087999965,-21.643169036352436],[-43.428996065999968,-21.643078721352424],[-43.428948932999958,-21.642802784352458],[-43.428901427999968,-21.642617169352437],[-43.428879489999986,-21.642300825352446],[-43.428856133999943,-21.642115439352452],[-43.428833999999931,-21.641817157352502],[-43.428910035999934,-21.641542385352494],[-43.429034487999957,-21.641313234352456],[-43.429354984999975,-21.641158196352521],[-43.42962626499996,-21.640975594352462],[-43.429750098999932,-21.640859342352474],[-43.429898521999974,-21.640702676352529],[-43.430096385999938,-21.640496798352494],[-43.43034326999998,-21.640336547352497],[-43.430539980999981,-21.640293243352517],[-43.430761620999931,-21.640177914352542],[-43.430982724999978,-21.640112258352541],[-43.431435305999969,-21.639859106352517],[-43.432086142999943,-21.639531046352523],[-43.43274647199997,-21.639162429352524],[-43.433284351999923,-21.638837815352566],[-43.433797718999983,-21.638490387352586],[-43.433921234999957,-21.638627040352549],[-43.433995369999934,-21.638695481352535],[-43.434216986999957,-21.638805961352521],[-43.434315271999935,-21.63887463035255],[-43.43461066499998,-21.639030965352546],[-43.434857104999935,-21.639191356352544],[-43.43500530799998,-21.639278561352548],[-43.435276260999949,-21.639461763352561],[-43.435620677999957,-21.639663722352527],[-43.43584301799995,-21.639819368352519],[-43.436015323999982,-21.639911315352506],[-43.43616251599996,-21.639980444352506],[-43.436680801999955,-21.640409850352505],[-43.436828834999972,-21.640569312352515],[-43.436952353999963,-21.640705961352513],[-43.437076284999932,-21.640860680352478],[-43.437200235999967,-21.641069593352476],[-43.437226300999953,-21.641340814352514],[-43.437227444999962,-21.641571154352476],[-43.437278029999966,-21.64175228035251],[-43.437327773999982,-21.641843073352472],[-43.437377635999951,-21.641979030352466],[-43.43750182499997,-21.642278271352446],[-43.437699485999985,-21.642483361352451],[-43.437970377999939,-21.642616880352481],[-43.438191643999964,-21.642704770352456],[-43.438510962999942,-21.642770998352439],[-43.438782167999932,-21.642931616352431],[-43.439053777999959,-21.643223209352467],[-43.439324262999946,-21.64333865735242],[-43.439644667999971,-21.643472638352456],[-43.439865573999953,-21.643537940352466],[-43.439817147999968,-21.643605229352413],[-43.43972000499997,-21.643766903352425],[-43.439574740999944,-21.644135871352407],[-43.439404415999952,-21.644364600352407],[-43.439160379999976,-21.6445971533524],[-43.438990649999937,-21.644938793352384],[-43.438746611999932,-21.645171345352356],[-43.438551840999928,-21.645426941352412],[-43.438234500999954,-21.645681385352415],[-43.438038937999977,-21.645842130352367],[-43.438039297999978,-21.64586471635236],[-43.437843851999958,-21.646070625352404],[-43.437673403999959,-21.646254188352348],[-43.437478989999924,-21.646532367352361],[-43.437235424999983,-21.64683266535237],[-43.43696631399996,-21.647037881352347],[-43.436721790999968,-21.647202680352336],[-43.436575256999959,-21.647296142352342],[-43.436331620999965,-21.647546759352348],[-43.436210503999966,-21.647803045352362],[-43.436064320999947,-21.648031998352327],[-43.43591933499993,-21.648373868352316],[-43.43582241799993,-21.648625865352329],[-43.43572514899995,-21.64874237135232],[-43.435725509999948,-21.648764956352323],[-43.435628114999986,-21.648949204352309],[-43.43555631299995,-21.649224020352293],[-43.435558408999952,-21.649589856352303],[-43.435487034999937,-21.649936934352304],[-43.43544033999995,-21.650347473352262],[-43.435418282999933,-21.650713082352283],[-43.435346596999977,-21.651033059352265],[-43.435202385999958,-21.651582682352245],[-43.435106252999958,-21.651929528352248],[-43.435083951999957,-21.652317715352243],[-43.435061299999973,-21.652570412352247],[-43.435038159999976,-21.652868266352236],[-43.43499206599995,-21.653278810352198],[-43.434919537999974,-21.653508454352188],[-43.434897479999968,-21.653874063352209],[-43.43492270399998,-21.654054950352204],[-43.435021962999947,-21.654146210352177],[-43.435193447999943,-21.654147826352201],[-43.435438461999979,-21.654050778352154],[-43.435756371999965,-21.653913769352208],[-43.435977299999934,-21.653866172352217],[-43.436076317999955,-21.653980010352157],[-43.436175686999952,-21.654229339352192],[-43.436250425999958,-21.654410694352187],[-43.436522244999935,-21.65468422735216],[-43.43672003699993,-21.654934483352175],[-43.436892838999938,-21.655094179352137],[-43.437016128999971,-21.655253408352156],[-43.437090751999961,-21.655389598352137],[-43.437115742999936,-21.655480159352162],[-43.437117967999946,-21.655778251352146],[-43.437094283999954,-21.655958679352153],[-43.436924729999937,-21.656282253352131],[-43.436509483999941,-21.656653191352127],[-43.436093026999963,-21.656744111352118],[-43.435872094999979,-21.656791708352106],[-43.435455948999959,-21.656909726352136],[-43.435161297999969,-21.656961144352124],[-43.435014684999942,-21.657004925352108],[-43.434867661999924,-21.657030637352133],[-43.434720754999944,-21.657101511352096],[-43.434598294999944,-21.65714551935212],[-43.434427418999974,-21.657311010352082],[-43.434380355999963,-21.657698962352114],[-43.43435655199994,-21.657834226352104],[-43.434309255999949,-21.658131851352074],[-43.434188126999963,-21.658388135352045],[-43.434164799999962,-21.658591146352105],[-43.434141666999949,-21.658776094352071],[-43.434142376999951,-21.658934169352065],[-43.434192911999958,-21.659119811352078],[-43.434194458999968,-21.659368219352086],[-43.434219877999965,-21.65953104335204],[-43.434244983999974,-21.659666768352057],[-43.434270218999991,-21.659734749352022],[-43.434339881999961,-21.659938637352056],[-43.434428430999958,-21.660183349352032],[-43.43456176199993,-21.660419451351999],[-43.434682217999985,-21.660673496352008],[-43.434777555999972,-21.660904723352044],[-43.434849032999978,-21.661108628352011],[-43.434919973999968,-21.661362206352027],[-43.435015917999969,-21.661593439351975],[-43.435209313999962,-21.66191591535199],[-43.435329459999934,-21.662142860351981],[-43.435472610999966,-21.662532606351974],[-43.435641738999941,-21.662809691351963],[-43.435786837999963,-21.663018805351996],[-43.435880475999966,-21.663408084351953],[-43.435902750999951,-21.663638623351932],[-43.436121327999956,-21.663866494351979],[-43.436241059999929,-21.664188276351922],[-43.436383435999971,-21.664650273351921],[-43.436477317999959,-21.665016973351932],[-43.436549285999945,-21.665175720351943],[-43.436741230999985,-21.665633667351887],[-43.436983791999978,-21.665934024351895],[-43.437224533999931,-21.666347269351892],[-43.437393182999983,-21.66666951035188],[-43.437559350999948,-21.66722205635185],[-43.437631564999947,-21.667358223351854],[-43.437798832999931,-21.667752711351884],[-43.438017535999954,-21.668025743351865],[-43.43825998799997,-21.668280934351817],[-43.438528044999941,-21.668513785351827],[-43.438721631999961,-21.668764000351828],[-43.439233408999939,-21.669134630351834],[-43.438235446999954,-21.670615602351763],[-43.43818701899994,-21.670569984351758],[-43.438040885999953,-21.670455703351788],[-43.437918664999977,-21.670364227351818],[-43.437698907999959,-21.670244736351798],[-43.437552532999973,-21.670153033351795],[-43.437406400999976,-21.670038751351829],[-43.437236163999955,-21.669919726351822],[-43.437139190999972,-21.669783325351801],[-43.436994567999932,-21.669529054351798],[-43.436873439999943,-21.669392426351795],[-43.436702793999984,-21.669255332351824],[-43.436580741999933,-21.669204503351807],[-43.436383341999935,-21.669252322351827],[-43.435890436999962,-21.669428327351849],[-43.435645260999934,-21.669426016351835],[-43.435473152999975,-21.669424394351825],[-43.435251840999975,-21.669449405351823],[-43.43503033199994,-21.669492479351831],[-43.434784180999941,-21.669580482351808],[-43.434463214999937,-21.669717458351826],[-43.434265490999969,-21.669851080351787],[-43.433969819999959,-21.669938614351825],[-43.433796902999973,-21.670067954351826],[-43.433642199999952,-21.670188432351807],[-43.433463064999948,-21.670389972351785],[-43.433185875999982,-21.670667362351782],[-43.433075535999933,-21.670874066351764],[-43.433000639999932,-21.670986265351765],[-43.432925861999934,-21.671143628351786],[-43.432898368999993,-21.671396278351779],[-43.432702348999953,-21.671371844351768],[-43.432529996999961,-21.671392798351743],[-43.432358620999942,-21.671323435351788],[-43.432113929999957,-21.671275962351793],[-43.43184496799995,-21.671183095351758],[-43.431625165999947,-21.671068113351797],[-43.431527220999953,-21.671022025351771],[-43.431282463999935,-21.670924871351772],[-43.431062418999943,-21.670832465351801],[-43.430902077999974,-21.670803852351767],[-43.430772486999956,-21.670780046351769],[-43.430560863999965,-21.670746431351759],[-43.428889597999955,-21.670202218351815],[-43.428741026999951,-21.670313717351775],[-43.428518242999985,-21.670474192351797],[-43.428172674999992,-21.670651569351797],[-43.427924151999953,-21.670902124351777],[-43.42767636199995,-21.671084941351747],[-43.427428865999957,-21.671240665351771],[-43.427083979999964,-21.671354818351741],[-43.426985660999947,-21.671399048351759],[-43.426689738999983,-21.671509148351785],[-43.426444446999938,-21.671461660351778],[-43.426152557999949,-21.671255662351768],[-43.42598379899993,-21.671001154351753],[-43.425864200999968,-21.670724529351801],[-43.425719956999949,-21.67049283435178],[-43.425695443999992,-21.670470020351814],[-43.425573589999942,-21.670401121351773],[-43.425304144999984,-21.670353402351818],[-43.42510763699994,-21.670374118351813],[-43.42496107399996,-21.670300467351776],[-43.42483946699997,-21.670208989351778],[-43.424693590999937,-21.670072118351783],[-43.424522874999987,-21.669998238351784],[-43.424326857999972,-21.669973795351826],[-43.424180001999964,-21.669927239351789],[-43.42393556299993,-21.66985717535178],[-43.42369210499993,-21.669696795351832],[-43.423398442999947,-21.66959916435183],[-43.423324522999962,-21.669621044351778],[-43.423102717999946,-21.669691196351817],[-43.422881206999925,-21.669734253351788],[-43.422611271999983,-21.669731688351803],[-43.422389515999953,-21.669797324351787],[-43.422265699999969,-21.669909052351823],[-43.422091824999939,-21.670069982351801],[-43.421968253999971,-21.670159132351817],[-43.421943249999977,-21.670181475351821],[-43.421694716999987,-21.670432020351786],[-43.421297065999966,-21.670843729351763],[-43.420973382999932,-21.671229044351772],[-43.420799011999982,-21.671435130351757],[-43.420674947999942,-21.671569436351763],[-43.420428427999973,-21.671634834351767],[-43.420331335999947,-21.671566166351784],[-43.420086537999964,-21.671473512351778],[-43.419891013999965,-21.671403906351774],[-43.419745301999967,-21.671307678351752],[-43.419429207999933,-21.671051760351769],[-43.41921253199996,-21.670706465351792],[-43.419238408999938,-21.670548644351772],[-43.41919102199995,-21.670408190351822],[-43.419144321999973,-21.670204515351791],[-43.419146698999953,-21.670041954351777],[-43.419148962999934,-21.669834230351832],[-43.419177955999942,-21.669446111351803],[-43.419229492999932,-21.669261438351832],[-43.419331172999932,-21.668964336351845],[-43.419432065999956,-21.668739487351854],[-43.419606187999939,-21.668555979351829],[-43.419828928999948,-21.668400033351826],[-43.41997706099994,-21.668329184351837],[-43.416671538999935,-21.663533081351954],[-43.416475286999976,-21.663531208351934],[-43.416377215999944,-21.663552854351977],[-43.41620314599993,-21.663731841351954],[-43.415954615999972,-21.663982378351939],[-43.415584242999955,-21.664164008351907],[-43.415263077999953,-21.664319009351917],[-43.41486928799997,-21.66443267135196],[-43.414475683999967,-21.664474074351901],[-43.414108429999942,-21.66442540335191],[-43.41379186599994,-21.66421463235195],[-43.413622346999944,-21.664032365351947],[-43.413454408999939,-21.663705593351963],[-43.413360833999945,-21.663316305351952],[-43.41329226299996,-21.662904674351964],[-43.413271615999975,-21.662583826351959],[-43.413378092999956,-21.661848703351996],[-43.413457107999925,-21.661415902352026],[-43.413535626999931,-21.661028258352037],[-43.413614936999977,-21.660568363352059],[-43.413667106999981,-21.660270792352016],[-43.413694628999963,-21.660018146352048],[-43.413721607999946,-21.659815175352033],[-43.413841106999939,-21.659766639352029],[-43.413866247999977,-21.659676555352057],[-43.413916194999963,-21.659582192352048],[-43.413941335999937,-21.65949210735204],[-43.414016424999943,-21.659307660352063],[-43.414166166999962,-21.659033602352061],[-43.414389465999932,-21.658715084352103],[-43.414514449999949,-21.658440789352046],[-43.414737857999967,-21.658167433352084],[-43.414985171999952,-21.657916886352076],[-43.41513441799998,-21.657687985352073],[-43.415308308999954,-21.657414154352118],[-43.415481953999979,-21.657162904352102],[-43.415630273999966,-21.657073995352111],[-43.415803423999925,-21.656867901352093],[-43.415829844999962,-21.656660408352149],[-43.415781809999942,-21.656524463352142],[-43.41570962399993,-21.656388288352122],[-43.41553870499996,-21.656224074352131],[-43.415417744999957,-21.656019689352117],[-43.415321835999983,-21.65578844735214],[-43.415199643999976,-21.655696956352163],[-43.414979632999966,-21.655604533352157],[-43.414832793999956,-21.655557969352149],[-43.41456362699995,-21.655487656352172],[-43.41436727599995,-21.655440618352124],[-43.414196421999975,-21.655326081352122],[-43.413976904999977,-21.655188499352153],[-43.413781541999981,-21.655051146352143],[-43.413512512999944,-21.654913089352181],[-43.413220319999937,-21.654684488352196],[-43.412976344999947,-21.654519572352168],[-43.412585622999984,-21.654244865352155],[-43.412439911999968,-21.654040243352149],[-43.412196926999968,-21.653785012352181],[-43.411953290999982,-21.653534290352216],[-43.411929323999971,-21.653461801352218],[-43.411832138999955,-21.653347966352193],[-43.41158910799993,-21.65309725135219],[-43.411369783999923,-21.652887407352228],[-43.41107759799997,-21.652658801352224],[-43.410710897999927,-21.652452064352246],[-43.410515294999982,-21.652337286352232],[-43.410247559999952,-21.652081816352229],[-43.409783789999942,-21.651806403352239],[-43.409442591999941,-21.651532163352236],[-43.409272180999942,-21.651322785352267],[-43.409053171999972,-21.651140040352256],[-43.408808662999945,-21.651024791352231],[-43.408637817999924,-21.65091024935229],[-43.408222762999969,-21.650653364352291],[-43.408100826999942,-21.650539290352278],[-43.407954739999973,-21.65042498535227],[-43.408054088999961,-21.650285935352262],[-43.408128633999979,-21.650151163352284],[-43.408204219999959,-21.649921562352297],[-43.408329205999962,-21.649647271352318],[-43.408353357999943,-21.64964750235232],[-43.408428941999937,-21.649417900352287],[-43.40852873599993,-21.649238208352312],[-43.408554669999944,-21.649075873352292],[-43.408604953999941,-21.648895707352295],[-43.408681279999939,-21.648598368352314],[-43.408731859999932,-21.648391108352293],[-43.40895451799998,-21.648185496352298],[-43.409151738999974,-21.648097060352303],[-43.409349008999975,-21.6480041093523],[-43.409471823999979,-21.647982704352316],[-43.409569884999939,-21.647961061352351],[-43.409670220999942,-21.647731696352306],[-43.409646208999959,-21.64766372335237],[-43.409573288999987,-21.64759528235232],[-43.409549027999951,-21.647549887352344],[-43.40955020499996,-21.647387315352329],[-43.409649254999977,-21.647275358352321],[-43.409968348999946,-21.647251316352317],[-43.410017611999926,-21.647274369352328],[-43.410286266999947,-21.647389845352347],[-43.41035943299994,-21.647435708352369],[-43.410604431999957,-21.647505796352331],[-43.410652843999969,-21.647551421352325],[-43.410996011999941,-21.647645028352315],[-43.411166993999984,-21.647691826352343],[-43.411412733999953,-21.647694177352321],[-43.411779807999949,-21.647810592352354],[-43.412023571999953,-21.647993571352348],[-43.412366632999984,-21.648042013352306],[-43.412759390999952,-21.648018671352347],[-43.413349119999971,-21.647929464352323],[-43.413447536999968,-21.647930404352319],[-43.413766335999981,-21.647933449352365],[-43.414379449999956,-21.648025112352329],[-43.414992896999934,-21.648030967352309],[-43.41543431499997,-21.648030663352344],[-43.415851532999966,-21.648034642352332],[-43.416292814999963,-21.648102078352331],[-43.416659894999952,-21.648218483352359],[-43.416880142999958,-21.648288326352304],[-43.417172638999951,-21.648544021352318],[-43.417391274999943,-21.648817078352323],[-43.417560598999948,-21.649071600352293],[-43.417901807999954,-21.649345823352309],[-43.418023750999964,-21.649459890352269],[-43.418194171999971,-21.649669260352258],[-43.418364666999942,-21.649761208352299],[-43.418781017999954,-21.649900659352284],[-43.419099870999958,-21.649899179352307],[-43.419543015999977,-21.649740812352277],[-43.419961895999968,-21.649537051352304],[-43.420233449999955,-21.649331888352283],[-43.420677462999947,-21.649038040352334],[-43.420726614999985,-21.649015927352337],[-43.420949259999929,-21.648810297352295],[-43.421222037999939,-21.648492238352311],[-43.421444925999928,-21.648264029352323],[-43.421691719999956,-21.648058628352302],[-43.42186558599996,-21.647784790352315],[-43.422137380999978,-21.647557045352354],[-43.422335376999968,-21.647396341352366],[-43.422630647999931,-21.647286240352344],[-43.422999383999972,-21.647194901352353],[-43.42329445799993,-21.647102861352334],[-43.423712654999974,-21.64701650635233],[-43.423959443999934,-21.646811100352373],[-43.423986093999986,-21.646581026352376],[-43.424036225999942,-21.646468596352378],[-43.424062029999959,-21.646261094352354],[-43.424064905999955,-21.645940469352389],[-43.42414021899998,-21.645733436352359],[-43.424239926999974,-21.645504054352386],[-43.42451220199996,-21.64523114735238],[-43.424660389999985,-21.645097065352392],[-43.42466063499996,-21.645074486352375],[-43.424882287999935,-21.644959166352411],[-43.42507900499993,-21.644915868352385],[-43.425398338999969,-21.644869218352369],[-43.425840302999973,-21.644873407352414],[-43.426135240999933,-21.644849104352385],[-43.42652769599993,-21.644852821352412],[-43.426846783999963,-21.644828746352406]]]},"properties":{"OBJECTID":1,"nro":20,"nome":"Barreira do Triunfo","qtd_contrib_oficina_1_centro":null,"qtd_contrib_oficina_2_oeste":null,"qtd_contrib_oficina_3_leste":null,"qtd_contrib_oficina_4_nordeste":null,"qtd_contrib_oficina_5_vilas_nu":null,"qtd_contrib_oficina_6_n_co":null,"qtd_contrib_oficina_7_sudeste":null,"qtd_contrib_oficina_8_sul":null,"qtd_inscricoes_vaf":31,"observacao":"-","fonte":"PDDU","ano":"2000","vaf_2018":52164067,"vaf_2019":31037009,"vaf_2020":35516410,"vaf_2021":35958583,"vaf_2022":32114334,"bairro_dado_vinculado":"-","regiao_planejamento":"Norte","shape.STArea()":0.00057579443278648766,"shape.STLength()":0.13090959734520705}},{"type":"Feature","id":2,"geometry":{"type":"Polygon","coordinates":[[[-43.439233408999939,-21.669134630351834],[-43.439306838999983,-21.669157901351809],[-43.439379978999966,-21.669208268351834],[-43.439477321999959,-21.669254345351813],[-43.439550509999947,-21.669300196351795],[-43.439746403999948,-21.669392363351829],[-43.440040369999956,-21.669462870351815],[-43.440236146999943,-21.669509873351831],[-43.440456682999987,-21.669557107351796],[-43.440701977999936,-21.669604575351784],[-43.440922757999942,-21.669629230351777],[-43.441068238999947,-21.66974801935179],[-43.441189489999942,-21.669929808351792],[-43.441309602999972,-21.670161265351823],[-43.441528926999979,-21.670321394351809],[-43.441651343999986,-21.670394803351787],[-43.441871034999956,-21.6704646093518],[-43.442065233999983,-21.670714826351752],[-43.442184863999955,-21.670991440351777],[-43.442255821999936,-21.671245016351754],[-43.442326537999975,-21.671521171351728],[-43.44158825399996,-21.671930842351724],[-43.441253754999941,-21.672400613351748],[-43.440587232999974,-21.673109220351719],[-43.440420984999946,-21.673250632351721],[-43.439965042999972,-21.67407119535169],[-43.438990720999982,-21.674952866351678],[-43.438597141999935,-21.675444072351656],[-43.437540326999965,-21.676335957351668],[-43.436862833999953,-21.676967457351658],[-43.436434777999978,-21.677381346351602],[-43.436034758999938,-21.677377576351631],[-43.435540260999964,-21.677405908351624],[-43.435081415999946,-21.677401580351635],[-43.434599040999963,-21.677397030351624],[-43.434104899999966,-21.67739236735164],[-43.433773150999976,-21.677440691351606],[-43.433471818999983,-21.677516671351633],[-43.432708150999979,-21.677762368351591],[-43.432659362999971,-21.677694163351607],[-43.43261171499995,-21.677576291351642],[-43.432465580999974,-21.677462004351607],[-43.432367875999944,-21.677393337351617],[-43.43219763299993,-21.677274308351599],[-43.432199343999969,-21.677116255351653],[-43.432250506999935,-21.676908992351606],[-43.432302109999966,-21.676661087351633],[-43.43242743899998,-21.676409362351649],[-43.432503605999955,-21.676179754351661],[-43.432483533999971,-21.675746007351684],[-43.432410882999932,-21.675650479351653],[-43.432289997999931,-21.675491269351674],[-43.432414837999943,-21.675284702351643],[-43.432442283999933,-21.675036568351661],[-43.432467952999957,-21.674896807351701],[-43.432520695999983,-21.674599235351682],[-43.432524162999982,-21.674278615351728],[-43.432525627999951,-21.674143142351721],[-43.432502137999968,-21.674025498351735],[-43.432429437999993,-21.673934486351687],[-43.432307578999939,-21.673865591351717],[-43.432530247999978,-21.673659949351695],[-43.432654664999973,-21.673548218351701],[-43.432729853999945,-21.67340892535174],[-43.432754007999968,-21.673409153351724],[-43.432783454999935,-21.672975873351753],[-43.432785700999951,-21.672768148351761],[-43.432787897999958,-21.672564938351773],[-43.43281527399995,-21.672267125351741],[-43.432817274999934,-21.672081979351777],[-43.432818496999971,-21.671969084351744],[-43.432843498999944,-21.67194674035175],[-43.432844719999935,-21.671833845351767],[-43.432846476999941,-21.67167127735177],[-43.432871364999983,-21.671603769351751],[-43.432898368999993,-21.671396278351779],[-43.432925861999934,-21.671143628351786],[-43.433000639999932,-21.670986265351765],[-43.433075535999933,-21.670874066351764],[-43.433185875999982,-21.670667362351782],[-43.433463064999948,-21.670389972351785],[-43.433642199999952,-21.670188432351807],[-43.433796902999973,-21.670067954351826],[-43.433969819999959,-21.669938614351825],[-43.434265490999969,-21.669851080351787],[-43.434463214999937,-21.669717458351826],[-43.434784180999941,-21.669580482351808],[-43.43503033199994,-21.669492479351831],[-43.435251840999975,-21.669449405351823],[-43.435473152999975,-21.669424394351825],[-43.435645260999934,-21.669426016351835],[-43.435890436999962,-21.669428327351849],[-43.436383341999935,-21.669252322351827],[-43.436580741999933,-21.669204503351807],[-43.436702793999984,-21.669255332351824],[-43.436873439999943,-21.669392426351795],[-43.436994567999932,-21.669529054351798],[-43.437139190999972,-21.669783325351801],[-43.437236163999955,-21.669919726351822],[-43.437406400999976,-21.670038751351829],[-43.437552532999973,-21.670153033351795],[-43.437698907999959,-21.670244736351798],[-43.437918664999977,-21.670364227351818],[-43.438040885999953,-21.670455703351788],[-43.43818701899994,-21.670569984351758],[-43.438235446999954,-21.670615602351763],[-43.439233408999939,-21.669134630351834]]]},"properties":{"OBJECTID":2,"nro":21,"nome":"Ponte Preta","qtd_contrib_oficina_1_centro":null,"qtd_contrib_oficina_2_oeste":null,"qtd_contrib_oficina_3_leste":null,"qtd_contrib_oficina_4_nordeste":null,"qtd_contrib_oficina_5_vilas_nu":3,"qtd_contrib_oficina_6_n_co":null,"qtd_contrib_oficina_7_sudeste":null,"qtd_contrib_oficina_8_sul":null,"qtd_inscricoes_vaf":null,"observacao":"-","fonte":"PDDU","ano":"2000","vaf_2018":null,"vaf_2019":null,"vaf_2020":null,"vaf_2021":null,"vaf_2022":null,"bairro_dado_vinculado":"-","regiao_planejamento":"Norte","shape.STArea()":5.6141880826087012e-05,"shape.STLength()":0.032133763372017343}},{"type":"Feature","id":3,"geometry":{"type":"Polygon","coordinates":[[[-43.431450057999946,-21.687528106351365],[-43.431451458999959,-21.687342954351394],[-43.431431504999985,-21.686954370351394],[-43.43155733499998,-21.686657490351383],[-43.431706654999978,-21.686478252351417],[-43.431781606999948,-21.686361539351413],[-43.431806009999946,-21.686339189351404],[-43.432005634999939,-21.686088167351425],[-43.431933418999961,-21.685951999351392],[-43.431986786999978,-21.685541526351415],[-43.432086873999936,-21.685334727351407],[-43.432237461999932,-21.685038079351461],[-43.432239416999948,-21.684857449351469],[-43.432318324999983,-21.684374958351469],[-43.432347043999982,-21.684009415351486],[-43.432372422999947,-21.683896748351444],[-43.432423101999973,-21.683734643351485],[-43.43249951699994,-21.683482457351477],[-43.432575396999944,-21.683279943351458],[-43.432603382999957,-21.68298213735148],[-43.432654058999958,-21.682820032351458],[-43.432704931999979,-21.682639863351493],[-43.432757189999954,-21.682387449351509],[-43.432785302999946,-21.682021900351486],[-43.43283695699995,-21.681769479351516],[-43.432814019999959,-21.681656357351514],[-43.432816266999964,-21.681448631351536],[-43.432720804999974,-21.681172240351533],[-43.432672863999983,-21.681081462351525],[-43.432331602999959,-21.680802748351539],[-43.432186685999966,-21.680575567351525],[-43.432139283999959,-21.680435116351553],[-43.431994904999954,-21.680158261351568],[-43.431824495999933,-21.67999858335158],[-43.431678604999945,-21.679861717351532],[-43.431509093999978,-21.679674949351547],[-43.431487803999978,-21.67935409535157],[-43.431490050999969,-21.679146370351575],[-43.431540922999943,-21.678966201351596],[-43.431641365999958,-21.67878198635162],[-43.431964681999943,-21.67837406635158],[-43.432261152999963,-21.678214283351629],[-43.432532323999965,-21.678103940351615],[-43.432606734999979,-21.678036899351596],[-43.432682414999924,-21.677852448351601],[-43.432708150999979,-21.677762368351591],[-43.433471818999983,-21.677516671351633],[-43.433773150999976,-21.677440691351606],[-43.434104899999966,-21.67739236735164],[-43.434599040999963,-21.677397030351624],[-43.435081415999946,-21.677401580351635],[-43.434991815999972,-21.678071611351587],[-43.434988135999959,-21.678412512351603],[-43.434901146999941,-21.678840611351557],[-43.434869897999931,-21.679555183351592],[-43.434958923999943,-21.68111773235152],[-43.435053531999984,-21.682163431351537],[-43.434728856999982,-21.683898041351462],[-43.434495564999963,-21.68479767135144],[-43.433866741999964,-21.686364440351419],[-43.433646037999956,-21.687187201351392],[-43.433168735999971,-21.687798577351369],[-43.43288526799995,-21.688983675351356],[-43.432471770999939,-21.690222533351296],[-43.432085131999941,-21.691153701351293],[-43.431770872999948,-21.691920585351298],[-43.431232808999937,-21.692707346351266],[-43.430620921999946,-21.693790349351254],[-43.430287046999979,-21.694194111351198],[-43.430096397999932,-21.694412265351229],[-43.429677387999966,-21.694759862351198],[-43.429384110999933,-21.694621598351215],[-43.42943540199996,-21.69445950035124],[-43.42924209399996,-21.694182179351198],[-43.429218064999922,-21.69411420935122],[-43.428999325999932,-21.693954068351243],[-43.428853471999965,-21.693812684351222],[-43.42873233399996,-21.693676049351243],[-43.428613318999965,-21.693399433351235],[-43.42858904499996,-21.693354041351242],[-43.428468446999943,-21.693167733351213],[-43.428250493999933,-21.692935340351241],[-43.428152779999955,-21.692866670351233],[-43.427957712999955,-21.692751915351256],[-43.427812709999955,-21.692587958351286],[-43.427692063999984,-21.692406165351262],[-43.42752205499994,-21.692264551351297],[-43.42737664699996,-21.692082523351264],[-43.427181383999944,-21.691985830351275],[-43.427010345999982,-21.691939046351266],[-43.426938132999958,-21.691802874351268],[-43.427135207999989,-21.691732484351256],[-43.427456180999968,-21.691600042351265],[-43.427728901999956,-21.691349719351276],[-43.428001735999942,-21.691144560351272],[-43.428200475999979,-21.690920634351286],[-43.428449034999971,-21.690670081351293],[-43.428722111999953,-21.690442342351318],[-43.429092784999973,-21.690238107351323],[-43.429512084999942,-21.690061430351303],[-43.429660969999929,-21.689922837351343],[-43.429811144999974,-21.68972103035135],[-43.429909770999977,-21.68964970335136],[-43.430428785999936,-21.689356546351313],[-43.430472074999955,-21.689375021351356],[-43.430596750999939,-21.689240715351357],[-43.430695132999965,-21.689191966351331],[-43.430769303999959,-21.689147506351361],[-43.430966815999966,-21.68903646935135],[-43.431215121999962,-21.688808491351363],[-43.431316551999942,-21.688533961351357],[-43.431366694999944,-21.688421530351359],[-43.431369187999962,-21.688191226351357],[-43.43139481299994,-21.6880559813514],[-43.431420602999935,-21.68796138535134],[-43.43142206899995,-21.687825912351411],[-43.43144683099996,-21.687826146351373],[-43.431450057999946,-21.687528106351365]]]},"properties":{"OBJECTID":3,"nro":24,"nome":"Araújo","qtd_contrib_oficina_1_centro":null,"qtd_contrib_oficina_2_oeste":null,"qtd_contrib_oficina_3_leste":null,"qtd_contrib_oficina_4_nordeste":null,"qtd_contrib_oficina_5_vilas_nu":null,"qtd_contrib_oficina_6_n_co":null,"qtd_contrib_oficina_7_sudeste":null,"qtd_contrib_oficina_8_sul":null,"qtd_inscricoes_vaf":null,"observacao":"-","fonte":"PDDU","ano":"2000","vaf_2018":null,"vaf_2019":null,"vaf_2020":null,"vaf_2021":null,"vaf_2022":null,"bairro_dado_vinculado":"-","regiao_planejamento":"Norte","shape.STArea()":4.4169846598628011e-05,"shape.STLength()":0.043170200341425151}},{"type":"Feature","id":4,"geometry":{"type":"MultiPolygon","coordinates":[[[[-43.338947626999982,-21.652937173352189],[-43.33904559399997,-21.652919904352238],[-43.33908374899994,-21.652850477352203],[-43.339166616999933,-21.652682597352214],[-43.339217424999958,-21.652595843352223],[-43.339351518999933,-21.652556828352196],[-43.339417451999964,-21.65255287135221],[-43.339560521999942,-21.652541098352234],[-43.339667029999937,-21.652483989352209],[-43.339774001999963,-21.652386160352258],[-43.339865740999983,-21.652115313352223],[-43.33986693099996,-21.652113294352208],[-43.340456678999942,-21.65257345535224],[-43.340471464999951,-21.652577897352213],[-43.340840061999984,-21.652878014352204],[-43.34141815299995,-21.653265688352199],[-43.341738163999928,-21.653439576352209],[-43.34194230199995,-21.653595162352222],[-43.342079558999956,-21.653790725352181],[-43.342346255999985,-21.654073385352174],[-43.342796540999984,-21.654407554352197],[-43.342966150999985,-21.654628966352167],[-43.342973069999971,-21.654622554352159],[-43.343083444999927,-21.654771705352179],[-43.343327383999963,-21.654932202352128],[-43.343668660999981,-21.655188508352172],[-43.343862663999971,-21.655438829352175],[-43.344154260999971,-21.655762380352122],[-43.34447109499996,-21.655991344352138],[-43.344813715999976,-21.656130243352116],[-43.345229742999948,-21.656292453352158],[-43.345521771999984,-21.656525685352118],[-43.345862850999936,-21.656800049352121],[-43.346155793999969,-21.657006191352139],[-43.346472670999958,-21.657284829352133],[-43.346567694999976,-21.657583839352114],[-43.346663889999945,-21.657833182352118],[-43.34673501799994,-21.658109372352079],[-43.346831161999944,-21.658363231352062],[-43.346878615999977,-21.65854434835207],[-43.346926327999938,-21.65870288735206],[-43.346977058999983,-21.658861455352071],[-43.347042510999984,-21.659105977352059],[-43.347123765999982,-21.659341622352027],[-43.347232898999955,-21.659568514352028],[-43.34747542599996,-21.659801249352022],[-43.347670379999954,-21.659916092352031],[-43.348013180999942,-21.659987246352028],[-43.34838013499995,-21.660058637352034],[-43.348748462999943,-21.660062302352049],[-43.349091212999951,-21.660137969352022],[-43.349555819999978,-21.660278071352057],[-43.349823876999949,-21.660443315352019],[-43.350311354999974,-21.660696547352028],[-43.35060330999994,-21.66088460735201],[-43.350919508999937,-21.661118070352028],[-43.351358030999961,-21.661375327352019],[-43.351723283999952,-21.661649920351984],[-43.35218411499995,-21.662069978352005],[-43.352402756999936,-21.662279888351954],[-43.352715793999948,-21.662739122351962],[-43.352739268999983,-21.662852258351986],[-43.352784959999958,-21.66308303235197],[-43.35285575599994,-21.663336638351968],[-43.352926460999981,-21.663545080351934],[-43.35297280799994,-21.663771345351968],[-43.352969936999948,-21.664024219351923],[-43.353089386999955,-21.664300887351938],[-43.353185106999938,-21.66448699735195],[-43.353353725999966,-21.664741572351929],[-43.353497893999929,-21.664968807351933],[-43.353839891999939,-21.665112199351917],[-43.354207977999977,-21.665138429351913],[-43.354527061999931,-21.665119013351934],[-43.354847568999958,-21.665027351351945],[-43.35521693499993,-21.664940689351944],[-43.355536531999981,-21.664876114351941],[-43.355928514999967,-21.664925158351917],[-43.356344999999976,-21.664997026351934],[-43.356613842999934,-21.665094525351922],[-43.356930879999936,-21.665255728351934],[-43.35732051399998,-21.665512487351887],[-43.357537540999942,-21.665812698351907],[-43.357609164999985,-21.665994051351916],[-43.357655467999962,-21.666224831351894],[-43.357600224999942,-21.666730090351905],[-43.357596757999943,-21.666982957351877],[-43.357569953999985,-21.66716333735188],[-43.357568368999978,-21.667303321351859],[-43.357637804999968,-21.667624652351865],[-43.357759362999957,-21.667716178351871],[-43.358078033999959,-21.667787072351842],[-43.358322942999969,-21.667812075351865],[-43.358887288999938,-21.667840236351854],[-43.35927948799997,-21.667871212351852],[-43.359696239999948,-21.667920491351847],[-43.360039320999924,-21.667969043351853],[-43.360112225999963,-21.668037506351848],[-43.360357135999948,-21.668062506351831],[-43.360576562999938,-21.668204673351877],[-43.360964840999941,-21.668529152351837],[-43.361208220999977,-21.668689620351813],[-43.361402127999952,-21.668899277351837],[-43.361693349999946,-21.669155053351798],[-43.361958887999947,-21.669546062351792],[-43.362176440999967,-21.669801111351806],[-43.362295659999972,-21.670100351351799],[-43.362486924999985,-21.670490625351782],[-43.362827413999973,-21.670769468351761],[-43.363214684999946,-21.671184255351765],[-43.363652748999982,-21.671486639351766],[-43.364042410999957,-21.671743384351768],[-43.364455559999953,-21.672113262351765],[-43.364893374999951,-21.672438222351765],[-43.364965679999955,-21.672506676351738],[-43.365109919999952,-21.672783581351748],[-43.365253300999939,-21.673083057351747],[-43.365568531999941,-21.673406808351736],[-43.365664527999968,-21.67357033435173],[-43.365807656999948,-21.6738923883517],[-43.366024045999943,-21.674305487351706],[-43.366215784999959,-21.674655116351662],[-43.366382911999942,-21.675045148351696],[-43.366747319999945,-21.675346800351658],[-43.366988377999981,-21.675714979351664],[-43.367255117999946,-21.675947926351686],[-43.367573303999961,-21.676063960351652],[-43.367964255999937,-21.676207807351666],[-43.368478358999944,-21.676303185351621],[-43.36889513899996,-21.676352444351654],[-43.369239007999973,-21.676333243351678],[-43.369780207999952,-21.676221143351651],[-43.370076682999972,-21.67606599135166],[-43.370446630999936,-21.675929624351681],[-43.370719710999936,-21.675706499351648],[-43.371017758999983,-21.675411361351689],[-43.371315550999952,-21.675138801351665],[-43.371562398999963,-21.675046385351685],[-43.371759675999954,-21.67495799835168],[-43.372005964999971,-21.67491525435171],[-43.372396716999958,-21.675077151351694],[-43.372566141999982,-21.675263976351641],[-43.372635865999939,-21.675562724351675],[-43.372680167999938,-21.675974127351651],[-43.372726497999963,-21.676204904351664],[-43.372771209999939,-21.67652598835166],[-43.372790195999976,-21.676986820351637],[-43.372786089999977,-21.677352586351642],[-43.37282872399993,-21.677858812351598],[-43.372874850999956,-21.678107652351574],[-43.372944019999977,-21.678456072351601],[-43.373062759999982,-21.678800462351592],[-43.373354325999969,-21.679029128351587],[-43.373549530999981,-21.679125881351563],[-43.373745546999942,-21.679150383351594],[-43.374090180999978,-21.679063438351573],[-43.374460639999938,-21.678881908351556],[-43.374781673999969,-21.678745052351587],[-43.375249153999967,-21.678636727351599],[-43.375470941999943,-21.678571157351591],[-43.375765391999941,-21.678596621351566],[-43.376156664999939,-21.678713354351601],[-43.376474766999934,-21.678784210351562],[-43.37674365099997,-21.678881680351591],[-43.376939160999932,-21.678951335351591],[-43.37730703699998,-21.679000095351611],[-43.377454136999965,-21.679024115351556],[-43.377455400999963,-21.678911224351612],[-43.377435086999981,-21.67856779835159],[-43.377441098999952,-21.678084630351591],[-43.377519122999956,-21.677697004351632],[-43.377818826999942,-21.67730703035161],[-43.378286046999953,-21.677221275351631],[-43.378849124999931,-21.677366779351612],[-43.379385125999931,-21.677665565351639],[-43.379629094999984,-21.677830529351599],[-43.37984694499994,-21.678062980351637],[-43.38021320699994,-21.678202040351618],[-43.380456071999959,-21.678412154351577],[-43.380649261999963,-21.678689525351604],[-43.380745579999939,-21.678825949351616],[-43.380916129999946,-21.678967615351599],[-43.380987942999973,-21.679081219351581],[-43.381110381999967,-21.679150156351604],[-43.381401660999984,-21.679405903351586],[-43.381717951999974,-21.679639312351551],[-43.382010543999975,-21.679777650351543],[-43.382327090999972,-21.679988479351561],[-43.382594215999973,-21.68024398935156],[-43.382886053999989,-21.680450060351529],[-43.383276531999968,-21.680639028351553],[-43.383667564999939,-21.68077832335155],[-43.384035650999976,-21.68080900635152],[-43.384305901999937,-21.680784542351542],[-43.38460187099998,-21.680674519351559],[-43.38499758599994,-21.680448050351519],[-43.385343476999935,-21.680248189351538],[-43.385614733999951,-21.680133409351534],[-43.386009137999963,-21.680024343351551],[-43.386304097999989,-21.680004632351569],[-43.386426440999969,-21.680028403351535],[-43.386671629999967,-21.680030787351562],[-43.38711318999998,-21.680080242351572],[-43.387603417999962,-21.680152750351585],[-43.388019112999984,-21.680247113351545],[-43.388336171999988,-21.68041277535157],[-43.388801137999963,-21.68053019535154],[-43.38899665799994,-21.680599837351565],[-43.389264800999968,-21.680765023351565],[-43.389631131999977,-21.680953741351505],[-43.389826652999943,-21.681023382351558],[-43.390047082999956,-21.681025521351557],[-43.390294181999934,-21.680910498351523],[-43.390640066999929,-21.680710628351566],[-43.390962345999981,-21.680460849351572],[-43.391184932999977,-21.680323006351571],[-43.391308131999949,-21.680324202351542],[-43.391773802999971,-21.680378394351525],[-43.392091917999949,-21.680449221351534],[-43.392530876999956,-21.680679282351555],[-43.393017700999962,-21.681004646351536],[-43.393212672999937,-21.681123955351538],[-43.393479820999971,-21.681379448351535],[-43.393820648999963,-21.681635654351549],[-43.394090100999961,-21.681683424351533],[-43.394457889999956,-21.681686985351497],[-43.39492411599997,-21.681691496351547],[-43.395120494999958,-21.681738559351491],[-43.395437866999941,-21.68187711335154],[-43.395803354999941,-21.682088391351524],[-43.396046248999937,-21.682298484351485],[-43.396462061999955,-21.682437989351524],[-43.396877271999983,-21.68257748835153],[-43.397097258999963,-21.682674454351524],[-43.397122020999973,-21.682674693351494],[-43.397340455999938,-21.682857450351502],[-43.397559945999944,-21.682999571351502],[-43.397827050999986,-21.683205380351467],[-43.398144731999942,-21.683371030351509],[-43.39868414699999,-21.683421400351509],[-43.398953852999966,-21.683446584351483],[-43.399370669999932,-21.683495769351506],[-43.399712155999964,-21.683639065351471],[-43.399956459999949,-21.683776907351479],[-43.400248530999932,-21.683964887351454],[-43.400540154999923,-21.684193507351466],[-43.400783805999936,-21.684335860351464],[-43.400929919999953,-21.684450172351458],[-43.401125401999934,-21.684524316351457],[-43.401295672999936,-21.684638861351424],[-43.401490208999974,-21.684798802351466],[-43.401561598999933,-21.685007234351435],[-43.401632382999935,-21.685215660351442],[-43.401654902999951,-21.685419106351443],[-43.401604333999948,-21.685513457351423],[-43.401527613999974,-21.68578820635144],[-43.401672876999953,-21.6859250913514],[-43.40177002399998,-21.686043446351427],[-43.401842708999936,-21.686134471351394],[-43.402060855999935,-21.686344317351406],[-43.40223113199994,-21.686458862351376],[-43.402377248999983,-21.686573174351427],[-43.402521716999956,-21.68678231035139],[-43.402714962999944,-21.68705965735138],[-43.40288474099998,-21.68721935835142],[-43.403104241999984,-21.687361474351363],[-43.40327427099993,-21.687498596351372],[-43.403445648999934,-21.687567989351351],[-43.403591861999978,-21.687619074351353],[-43.403642679999962,-21.687502143351381],[-43.403717603999951,-21.687389960351386],[-43.403817838999942,-21.6872283413514],[-43.403867504999937,-21.687161078351394],[-43.404041122999956,-21.687027262351382],[-43.404238697999972,-21.686911743351374],[-43.404435832999972,-21.686891059351378],[-43.404754219999973,-21.686939283351382],[-43.405023686999982,-21.686987036351379],[-43.40517080099994,-21.68701103235141],[-43.405366039999933,-21.687107749351377],[-43.405512301999977,-21.687154317351379],[-43.405635009999969,-21.687200659351401],[-43.405756616999945,-21.687292151351368],[-43.405878970999929,-21.68731590835138],[-43.406296546999961,-21.6872973413514],[-43.406320952999977,-21.687274994351377],[-43.406468813999929,-21.687231253351413],[-43.406593012999963,-21.687142123351364],[-43.406594551999937,-21.687002135351371],[-43.406521615999964,-21.686933692351396],[-43.406401298999981,-21.686724792351381],[-43.406378630999939,-21.68658908935139],[-43.406378879999977,-21.686566510351419],[-43.406453058999944,-21.686522060351393],[-43.406502473999979,-21.686477374351437],[-43.406625678999951,-21.686478557351435],[-43.406626224999968,-21.686428884351393],[-43.40662647299996,-21.686406306351419],[-43.406602208999971,-21.68636091235139],[-43.406603450999967,-21.686248018351399],[-43.406653469999981,-21.686203337351387],[-43.406727647999958,-21.686158888351414],[-43.406925220999938,-21.686043364351395],[-43.407048565999951,-21.685976806351427],[-43.407246990999965,-21.685838710351444],[-43.40744500899995,-21.685682546351408],[-43.407792033999947,-21.685432970351425],[-43.408188225999929,-21.685161286351445],[-43.40856039899996,-21.684821627351443],[-43.409128849999945,-21.684483850351484],[-43.409450116999949,-21.684324348351453],[-43.409428190999961,-21.684120909351442],[-43.409382047999941,-21.683867560351459],[-43.409360665999941,-21.683614449351452],[-43.409314523999967,-21.683361100351473],[-43.409317795999982,-21.683063062351501],[-43.409296413999982,-21.682809950351512],[-43.409252114999951,-21.682443714351532],[-43.409252610999943,-21.682398557351476],[-43.409279156999958,-21.682236228351513],[-43.409331098999985,-21.681961239351534],[-43.409531992999973,-21.681597354351521],[-43.409880738999966,-21.681189724351551],[-43.410202741999967,-21.680962484351532],[-43.410522850999939,-21.680852647351497],[-43.410917291999972,-21.680739004351555],[-43.411336829999989,-21.680539794351553],[-43.411510482999972,-21.680401455351575],[-43.411733001999941,-21.680268100351569],[-43.412054504999958,-21.680086014351573],[-43.412624956999927,-21.679563078351553],[-43.412923041999925,-21.679313022351593],[-43.413196503999984,-21.678994988351562],[-43.413448139999964,-21.678518678351629],[-43.413771415999975,-21.678174021351602],[-43.413820825999949,-21.678129333351595],[-43.413998426999967,-21.677629732351622],[-43.414075474999947,-21.677377561351612],[-43.414128749999975,-21.677034839351652],[-43.414135381999976,-21.676483925351651],[-43.414091010999982,-21.676068011351685],[-43.413973270999968,-21.675678492351665],[-43.413806505999958,-21.675243343351692],[-43.413639791999969,-21.674803678351708],[-43.413620378999951,-21.674369937351678],[-43.413699204999944,-21.67395520035171],[-43.413899038999944,-21.673686138351748],[-43.414124361999939,-21.67329538235175],[-43.414274477999982,-21.673043909351708],[-43.414448066999967,-21.672910082351745],[-43.414669831999959,-21.672844457351701],[-43.414866096999958,-21.67284633235171],[-43.415061621999939,-21.672915943351732],[-43.415306663999957,-21.672986026351754],[-43.415404740999982,-21.672964382351743],[-43.415602843999977,-21.672853369351706],[-43.415799897999932,-21.672782991351731],[-43.415972388999933,-21.672694313351744],[-43.416245447999984,-21.672466593351736],[-43.416442451999956,-21.672400730351768],[-43.416786557999963,-21.672358851351731],[-43.417082487999956,-21.672248769351736],[-43.417330044999972,-21.67208854735177],[-43.417530165999956,-21.671792385351736],[-43.417828854999982,-21.671429421351768],[-43.417953328999943,-21.671313186351764],[-43.418176813999935,-21.671089505351752],[-43.418425105999972,-21.670861546351784],[-43.418548680999947,-21.670772399351808],[-43.418819649999932,-21.670680140351763],[-43.418992002999971,-21.670659201351793],[-43.41921253199996,-21.670706465351792],[-43.419429207999933,-21.671051760351769],[-43.419745301999967,-21.671307678351752],[-43.419891013999965,-21.671403906351774],[-43.420086537999964,-21.671473512351778],[-43.420331335999947,-21.671566166351784],[-43.420428427999973,-21.671634834351767],[-43.420674947999942,-21.671569436351763],[-43.420799011999982,-21.671435130351757],[-43.420973382999932,-21.671229044351772],[-43.421297065999966,-21.670843729351763],[-43.421694716999987,-21.670432020351786],[-43.421943249999977,-21.670181475351821],[-43.421968253999971,-21.670159132351817],[-43.422091824999939,-21.670069982351801],[-43.422265699999969,-21.669909052351823],[-43.422389515999953,-21.669797324351787],[-43.422611271999983,-21.669731688351803],[-43.422881206999925,-21.669734253351788],[-43.423102717999946,-21.669691196351817],[-43.423324522999962,-21.669621044351778],[-43.423398442999947,-21.66959916435183],[-43.42369210499993,-21.669696795351832],[-43.42393556299993,-21.66985717535178],[-43.424180001999964,-21.669927239351789],[-43.424326857999972,-21.669973795351826],[-43.424522874999987,-21.669998238351784],[-43.424693590999937,-21.670072118351783],[-43.42483946699997,-21.670208989351778],[-43.42496107399996,-21.670300467351776],[-43.42510763699994,-21.670374118351813],[-43.425304144999984,-21.670353402351818],[-43.425573589999942,-21.670401121351773],[-43.425695443999992,-21.670470020351814],[-43.425719956999949,-21.67049283435178],[-43.425864200999968,-21.670724529351801],[-43.42598379899993,-21.671001154351753],[-43.426152557999949,-21.671255662351768],[-43.426444446999938,-21.671461660351778],[-43.426689738999983,-21.671509148351785],[-43.426985660999947,-21.671399048351759],[-43.427083979999964,-21.671354818351741],[-43.427428865999957,-21.671240665351771],[-43.42767636199995,-21.671084941351747],[-43.427924151999953,-21.670902124351777],[-43.428172674999992,-21.670651569351797],[-43.428518242999985,-21.670474192351797],[-43.428741026999951,-21.670313717351775],[-43.428889597999955,-21.670202218351815],[-43.430560863999965,-21.670746431351759],[-43.430772486999956,-21.670780046351769],[-43.430902077999974,-21.670803852351767],[-43.431062418999943,-21.670832465351801],[-43.431282463999935,-21.670924871351772],[-43.431527220999953,-21.671022025351771],[-43.431625165999947,-21.671068113351797],[-43.43184496799995,-21.671183095351758],[-43.432113929999957,-21.671275962351793],[-43.432358620999942,-21.671323435351788],[-43.432529996999961,-21.671392798351743],[-43.432702348999953,-21.671371844351768],[-43.432898368999993,-21.671396278351779],[-43.432871364999983,-21.671603769351751],[-43.432846476999941,-21.67167127735177],[-43.432844719999935,-21.671833845351767],[-43.432843498999944,-21.67194674035175],[-43.432818496999971,-21.671969084351744],[-43.432817274999934,-21.672081979351777],[-43.43281527399995,-21.672267125351741],[-43.432787897999958,-21.672564938351773],[-43.432785700999951,-21.672768148351761],[-43.432783454999935,-21.672975873351753],[-43.432754007999968,-21.673409153351724],[-43.432729853999945,-21.67340892535174],[-43.432654664999973,-21.673548218351701],[-43.432530247999978,-21.673659949351695],[-43.432307578999939,-21.673865591351717],[-43.432429437999993,-21.673934486351687],[-43.432502137999968,-21.674025498351735],[-43.432525627999951,-21.674143142351721],[-43.432524162999982,-21.674278615351728],[-43.432520695999983,-21.674599235351682],[-43.432467952999957,-21.674896807351701],[-43.432442283999933,-21.675036568351661],[-43.432414837999943,-21.675284702351643],[-43.432289997999931,-21.675491269351674],[-43.432410882999932,-21.675650479351653],[-43.432483533999971,-21.675746007351684],[-43.432503605999955,-21.676179754351661],[-43.43242743899998,-21.676409362351649],[-43.432302109999966,-21.676661087351633],[-43.432250506999935,-21.676908992351606],[-43.432199343999969,-21.677116255351653],[-43.43219763299993,-21.677274308351599],[-43.432367875999944,-21.677393337351617],[-43.432465580999974,-21.677462004351607],[-43.43261171499995,-21.677576291351642],[-43.432659362999971,-21.677694163351607],[-43.432708150999979,-21.677762368351591],[-43.432682414999924,-21.677852448351601],[-43.432606734999979,-21.678036899351596],[-43.432532323999965,-21.678103940351615],[-43.432261152999963,-21.678214283351629],[-43.431964681999943,-21.67837406635158],[-43.431641365999958,-21.67878198635162],[-43.431540922999943,-21.678966201351596],[-43.431490050999969,-21.679146370351575],[-43.431487803999978,-21.67935409535157],[-43.431509093999978,-21.679674949351547],[-43.431678604999945,-21.679861717351532],[-43.431824495999933,-21.67999858335158],[-43.431994904999954,-21.680158261351568],[-43.432139283999959,-21.680435116351553],[-43.432186685999966,-21.680575567351525],[-43.432331602999959,-21.680802748351539],[-43.432672863999983,-21.681081462351525],[-43.432720804999974,-21.681172240351533],[-43.432816266999964,-21.681448631351536],[-43.432814019999959,-21.681656357351514],[-43.43283695699995,-21.681769479351516],[-43.432785302999946,-21.682021900351486],[-43.432757189999954,-21.682387449351509],[-43.432704931999979,-21.682639863351493],[-43.432654058999958,-21.682820032351458],[-43.432603382999957,-21.68298213735148],[-43.432575396999944,-21.683279943351458],[-43.43249951699994,-21.683482457351477],[-43.432423101999973,-21.683734643351485],[-43.432372422999947,-21.683896748351444],[-43.432347043999982,-21.684009415351486],[-43.432318324999983,-21.684374958351469],[-43.432239416999948,-21.684857449351469],[-43.432237461999932,-21.685038079351461],[-43.432086873999936,-21.685334727351407],[-43.431986786999978,-21.685541526351415],[-43.431933418999961,-21.685951999351392],[-43.432005634999939,-21.686088167351425],[-43.431806009999946,-21.686339189351404],[-43.431781606999948,-21.686361539351413],[-43.431706654999978,-21.686478252351417],[-43.43155733499998,-21.686657490351383],[-43.431431504999985,-21.686954370351394],[-43.431451458999959,-21.687342954351394],[-43.431450057999946,-21.687528106351365],[-43.43144683099996,-21.687826146351373],[-43.43142206899995,-21.687825912351411],[-43.431420602999935,-21.68796138535134],[-43.43139481299994,-21.6880559813514],[-43.431369187999962,-21.688191226351357],[-43.431366694999944,-21.688421530351359],[-43.431316551999942,-21.688533961351357],[-43.431215121999962,-21.688808491351363],[-43.431190114999936,-21.688830836351343],[-43.430966815999966,-21.68903646935135],[-43.430769303999959,-21.689147506351361],[-43.430695132999965,-21.689191966351331],[-43.430596750999939,-21.689240715351357],[-43.430472074999955,-21.689375021351356],[-43.430428785999936,-21.689356546351313],[-43.429909770999977,-21.68964970335136],[-43.429811144999974,-21.68972103035135],[-43.429660969999929,-21.689922837351343],[-43.429512084999942,-21.690061430351303],[-43.429092784999973,-21.690238107351323],[-43.428722111999953,-21.690442342351318],[-43.428449034999971,-21.690670081351293],[-43.428200475999979,-21.690920634351286],[-43.428001735999942,-21.691144560351272],[-43.427728901999956,-21.691349719351276],[-43.427456180999968,-21.691600042351265],[-43.427135207999989,-21.691732484351256],[-43.426938132999958,-21.691802874351268],[-43.427010345999982,-21.691939046351266],[-43.427181383999944,-21.691985830351275],[-43.42737664699996,-21.692082523351264],[-43.42752205499994,-21.692264551351297],[-43.427692063999984,-21.692406165351262],[-43.427812709999955,-21.692587958351286],[-43.427957712999955,-21.692751915351256],[-43.428152779999955,-21.692866670351233],[-43.428250493999933,-21.692935340351241],[-43.428468446999943,-21.693167733351213],[-43.42858904499996,-21.693354041351242],[-43.428613318999965,-21.693399433351235],[-43.42873233399996,-21.693676049351243],[-43.428853471999965,-21.693812684351222],[-43.428999325999932,-21.693954068351243],[-43.429218064999922,-21.69411420935122],[-43.42924209399996,-21.694182179351198],[-43.42943540199996,-21.69445950035124],[-43.429384110999933,-21.694621598351215],[-43.429677387999966,-21.694759862351198],[-43.429504222999981,-21.694853062351221],[-43.429355381999983,-21.694987140351206],[-43.429132557999942,-21.69514761135121],[-43.428785295999944,-21.695419810351215],[-43.428561786999985,-21.695643503351203],[-43.428264784999953,-21.695848434351188],[-43.427917765999958,-21.696098051351193],[-43.427645525999935,-21.69630321635119],[-43.427397984999963,-21.696458936351139],[-43.427101715999981,-21.696596127351153],[-43.426805495999986,-21.696728803351185],[-43.426583206999965,-21.696839599351179],[-43.426062634999937,-21.697272731351113],[-43.426037871999938,-21.697272496351168],[-43.425790636999977,-21.697455312351174],[-43.425518082999986,-21.697633373351152],[-43.425195817999963,-21.697883220351109],[-43.42489831599994,-21.698133301351145],[-43.424626362999959,-21.698311365351088],[-43.424452699999961,-21.698449717351107],[-43.424205102999963,-21.69860994735112],[-43.423981825999931,-21.698811054351115],[-43.423658818999968,-21.699128634351119],[-43.423310800999957,-21.699468556351071],[-43.423037809999983,-21.699741448351062],[-43.422789717999933,-21.699946833351081],[-43.42256638799995,-21.700152454351091],[-43.422292298999935,-21.700470496351084],[-43.421994294999926,-21.700765728351062],[-43.421746494999979,-21.70094401735107],[-43.421597342999974,-21.70110518035105],[-43.421100408999969,-21.701583681351071],[-43.420926048999938,-21.701785249351023],[-43.420702221999932,-21.702036024350999],[-43.420477407999954,-21.702377113351016],[-43.420427090999958,-21.702448893350994],[-43.420204048999942,-21.702627416351032],[-43.420080152999958,-21.702743656350989],[-43.419881763999967,-21.702877250351026],[-43.41968319099994,-21.703083103351027],[-43.419483026999963,-21.703379263351025],[-43.41918525799997,-21.703651911350985],[-43.418937201999945,-21.703852774351009],[-43.418662851999954,-21.704193388350983],[-43.418489285999961,-21.704376895350961],[-43.418265586999951,-21.704559925350964],[-43.418018131999929,-21.704760792350942],[-43.417993367999941,-21.704760556350941],[-43.417744517999949,-21.705033668350929],[-43.41754508799994,-21.70526209035096],[-43.417346753999936,-21.705445359350936],[-43.41709893999996,-21.705623642350954],[-43.416924273999939,-21.70585229935093],[-43.416724949999953,-21.70612588235095],[-43.416525516999968,-21.706354302350935],[-43.41635163899997,-21.706510708350901],[-43.416177464999983,-21.706694207350896],[-43.416001559999984,-21.707035756350933],[-43.41585140799998,-21.707287227350875],[-43.415749686999952,-21.707584324350915],[-43.415698376999956,-21.707746417350887],[-43.415546986999971,-21.708110780350889],[-43.415371819999962,-21.708384592350878],[-43.415320311999949,-21.70856474835087],[-43.415218588999949,-21.708861843350864],[-43.415118102999941,-21.709046045350867],[-43.415042925999956,-21.70918081335088],[-43.414916189999985,-21.709500249350853],[-43.414789947999964,-21.709774529350845],[-43.414615875999971,-21.710003190350822],[-43.414518157999964,-21.709934512350831],[-43.414348142999977,-21.709792883350847],[-43.414251167999957,-21.709656469350865],[-43.414155341999958,-21.70947038935088],[-43.414133655999926,-21.709244372350835],[-43.414086260999966,-21.709103917350895],[-43.413965620999932,-21.708922115350852],[-43.413819521999983,-21.708803297350883],[-43.413699485999985,-21.708621500350912],[-43.413578646999952,-21.708457760350896],[-43.413481426999965,-21.708343925350857],[-43.413360589999968,-21.708180185350866],[-43.413313395999971,-21.708021667350888],[-43.41334068599997,-21.707791603350909],[-43.413443509999979,-21.707449357350914],[-43.413471047999963,-21.7071967153509],[-43.413474313999977,-21.706898678350914],[-43.413427417999969,-21.706713065350925],[-43.413284152999942,-21.706391044350944],[-43.413211203999936,-21.706322603350959],[-43.413066206999979,-21.706158633350949],[-43.412846865999938,-21.705998466350952],[-43.412652091999973,-21.705856599350938],[-43.412359911999943,-21.705673153350943],[-43.412164841999981,-21.705558379350947],[-43.41192089499998,-21.705438621350961],[-43.411798416999943,-21.705369705350936],[-43.411480482999934,-21.705276335350931],[-43.411309732999939,-21.705202439350934],[-43.411236785999968,-21.705133997350959],[-43.411163590999934,-21.705088134350987],[-43.411090147999971,-21.705064849350929],[-43.411016952999944,-21.705018986350961],[-43.410916818999972,-21.70522577035096],[-43.410841780999931,-21.705292794350939],[-43.410791862999986,-21.705382638350933],[-43.41074079599997,-21.705522150350969],[-43.410665617999932,-21.705656915350936],[-43.410664873999963,-21.705724650350955],[-43.410663088999968,-21.705887215350931],[-43.410662096999943,-21.705977530350957],[-43.410708989999925,-21.706163143350938],[-43.410755933999944,-21.706344240350926],[-43.410801478999986,-21.706597583350916],[-43.410824211999966,-21.706782964350914],[-43.410821126999963,-21.707008744350905],[-43.410796172999937,-21.707080763350906],[-43.410720140999956,-21.707238100350921],[-43.410497279999959,-21.707398546350916],[-43.410349151999988,-21.707464868350922],[-43.410176614999955,-21.707553536350911],[-43.410052348999955,-21.70764718335089],[-43.409952155999974,-21.707804289350889],[-43.409877470999952,-21.70789389535091],[-43.409778823999936,-21.707965208350888],[-43.40963119099996,-21.707986372350916],[-43.409433530999934,-21.708052218350904],[-43.409261736999952,-21.708073151350881],[-43.409112813999968,-21.708211722350899],[-43.409062288999962,-21.7083015613509],[-43.409011077999935,-21.708508813350889],[-43.40893405099996,-21.708756463350895],[-43.408908243999974,-21.70885105535087],[-43.408906504999941,-21.709009105350844],[-43.408904220999943,-21.709216827350865],[-43.408948522999943,-21.70958306235087],[-43.409020429999941,-21.709746335350847],[-43.409067617999938,-21.709904855350867],[-43.409113765999962,-21.710158203350865],[-43.409110381999938,-21.710411076350823],[-43.409034950999967,-21.710568418350849],[-43.408934952999971,-21.710707460350836],[-43.40883475499993,-21.710864564350821],[-43.408760265999945,-21.710936108350797],[-43.408587226999941,-21.711069931350792],[-43.408391904999974,-21.710977731350809],[-43.408294189999935,-21.7109090503508],[-43.408172610999948,-21.710813044350814],[-43.408002056999976,-21.71072108235083],[-43.407879682999976,-21.710697324350825],[-43.407756456999948,-21.710696140350841],[-43.407584907999933,-21.710694492350818],[-43.407363329999953,-21.710737525350808],[-43.407238919999941,-21.710898910350831],[-43.407188393999945,-21.710988749350818],[-43.407135083999947,-21.711331466350831],[-43.407084116999954,-21.711516139350813],[-43.407056865999948,-21.711741686350816],[-43.407054969999933,-21.71185908735082],[-43.40703006199994,-21.711926591350782],[-43.407001907999984,-21.712179225350763],[-43.406407030999958,-21.712656736350805],[-43.406283661999957,-21.712723291350784],[-43.40606133499994,-21.712834057350758],[-43.405888680999958,-21.712877558350751],[-43.405691069999932,-21.712993076350763],[-43.405491907999931,-21.713194388350779],[-43.405293548999964,-21.71337764235075],[-43.405169076999982,-21.713489348350731],[-43.40504565699996,-21.71356041935076],[-43.404872006999938,-21.71369423235075],[-43.404648132999966,-21.713944982350768],[-43.404251603999967,-21.714239231350735],[-43.404029023999961,-21.714372572350722],[-43.403806391999979,-21.714510428350749],[-43.403484551999945,-21.714715071350703],[-43.403311752999969,-21.714826310350738],[-43.403163114999984,-21.714937781350702],[-43.403038839999965,-21.715031423350734],[-43.402964895999951,-21.715053292350756],[-43.402890450999962,-21.715120315350728],[-43.40284102499993,-21.715165001350702],[-43.402717296999981,-21.715208971350737],[-43.402520176999985,-21.71527932935069],[-43.402371789999961,-21.715368221350701],[-43.402149454999979,-21.715478981350735],[-43.401877391999967,-21.715661519350714],[-43.401556593999942,-21.715771328350691],[-43.401458485999967,-21.715792963350687],[-43.401236100999945,-21.715908238350664],[-43.401186567999957,-21.715907760350724],[-43.401038426999939,-21.715974072350679],[-43.400767410999947,-21.716061779350699],[-43.400521909999952,-21.716081990350695],[-43.400275005999958,-21.716174446350703],[-43.399954205999961,-21.716284251350714],[-43.399609491999975,-21.716371246350665],[-43.399362941999982,-21.716486285350697],[-43.399065303999983,-21.716686635350701],[-43.398818253999927,-21.716846829350672],[-43.398472133999974,-21.71700606535067],[-43.398225881999963,-21.717094007350653],[-43.39805322199993,-21.717137500350688],[-43.397683736999966,-21.717224250350665],[-43.397585327999934,-21.717272975350657],[-43.397437433999983,-21.717316706350655],[-43.397338470999955,-21.717360910350664],[-43.39726477399995,-21.717360198350637],[-43.397068200999968,-21.717380877350688],[-43.396847109999953,-21.717378737350682],[-43.396453712999971,-21.717442672350654],[-43.396158425999943,-21.71748497535069],[-43.395715444999951,-21.717552945350654],[-43.395641246999958,-21.717597387350651],[-43.39556679899993,-21.71766440935064],[-43.395392584999975,-21.717847883350672],[-43.395268956999985,-21.717937009350653],[-43.395169489999944,-21.718026369350646],[-43.394895912999971,-21.718344365350625],[-43.394746110999961,-21.718505494350612],[-43.394548532999977,-21.718616484350601],[-43.394375318999948,-21.718709644350611],[-43.394128307999949,-21.718865314350644],[-43.393929824999937,-21.719003391350608],[-43.393755657999982,-21.719182348350603],[-43.393605453999946,-21.719433797350622],[-43.393604952999958,-21.719478952350631],[-43.393552859999943,-21.719708771350593],[-43.393501121999975,-21.719961174350626],[-43.393472940999963,-21.7202138043506],[-43.393447271999946,-21.720349040350605],[-43.393420448999962,-21.720533942350599],[-43.393320227999936,-21.720691035350573],[-43.393244369999934,-21.72083029935056],[-43.393119985999931,-21.720987159350553],[-43.393018960999939,-21.721216501350565],[-43.392967919999933,-21.721351490350571],[-43.392965610999966,-21.721559210350545],[-43.393111202999933,-21.721723204350539],[-43.393256741999942,-21.72183752035054],[-43.39337781699993,-21.72197869535055],[-43.393524211999932,-21.722070437350538],[-43.393621069999938,-21.722161700350547],[-43.393693766999945,-21.722252727350533],[-43.393814590999959,-21.722416481350557],[-43.393854365999971,-21.722534285350516],[-43.393885230999963,-21.722692650350528],[-43.393809422999944,-21.722827400350539],[-43.393734670999947,-21.722921513350531],[-43.393585766999934,-21.723055554350545],[-43.393486547999942,-21.723122333350549],[-43.393363664999974,-21.723143723350525],[-43.393218124999983,-21.723029408350509],[-43.393071478999957,-21.722960243350553],[-43.392827269999941,-21.722863034350514],[-43.392656860999978,-21.722703315350561],[-43.392511872999933,-21.722539327350567],[-43.392414911999943,-21.722402902350517],[-43.392318305999936,-21.722289060350558],[-43.392173819999989,-21.722079916350584],[-43.392028480999947,-21.721893343350565],[-43.391860484999945,-21.721571065350577],[-43.39173961399996,-21.721411827350547],[-43.391693493999973,-21.721158476350581],[-43.391525248999976,-21.720858777350607],[-43.391404929999965,-21.720649866350595],[-43.391260648999946,-21.720422657350603],[-43.391116418999957,-21.720190933350601],[-43.39097284199994,-21.719846312350604],[-43.39087704099996,-21.719660220350629],[-43.390782747999936,-21.719338657350633],[-43.390711108999938,-21.719152800350617],[-43.390566830999944,-21.718925592350612],[-43.39044576099996,-21.718784414350637],[-43.390275208999981,-21.718692434350658],[-43.389908281999958,-21.718548867350652],[-43.389712712999938,-21.718479225350624],[-43.389590336999966,-21.718455455350647],[-43.389565317999939,-21.718477792350658],[-43.389270882999938,-21.718497510350634],[-43.388901593999947,-21.718566178350628],[-43.388630818999957,-21.718631286350607],[-43.38828498699997,-21.718763406350661],[-43.387990047999949,-21.718828278350653],[-43.387718364999955,-21.718920473350636],[-43.387521033999974,-21.719008875350642],[-43.387077289999979,-21.719144556350606],[-43.38683203599993,-21.719142168350615],[-43.386513537999974,-21.719044226350601],[-43.386245631999948,-21.718906133350625],[-43.386050315999974,-21.718813907350629],[-43.385855049999975,-21.718717166350647],[-43.38561070399993,-21.718579301350641],[-43.385292509999935,-21.718508458350644],[-43.385047810999936,-21.718456395350646],[-43.384949599999963,-21.718432857350663],[-43.384705102999931,-21.718362731350627],[-43.384680334999992,-21.718362490350621],[-43.384433770999976,-21.718477505350627],[-43.384186399999969,-21.718610576350628],[-43.384062210999957,-21.718749365350625],[-43.383863768999959,-21.718882913350626],[-43.383593243999933,-21.71892543535062],[-43.383348493999961,-21.718877885350651],[-43.38322687699997,-21.718786376350629],[-43.383104705999983,-21.718690344350652],[-43.383055523999985,-21.718712445350594],[-43.383006290999958,-21.718739062350604],[-43.382881544999982,-21.718873328350636],[-43.382781010999956,-21.719057508350659],[-43.382606929999952,-21.719281614350614],[-43.382506142999944,-21.719488372350593],[-43.382429770999977,-21.719672788350614],[-43.382232435999988,-21.719761183350592],[-43.38203611199998,-21.719759265350646],[-43.37926054199994,-21.717830846350658],[-43.379134983999968,-21.718037358350639],[-43.379009320999948,-21.718307096350664],[-43.378933451999963,-21.718446354350657],[-43.378808245999949,-21.718675450350645],[-43.378657716999953,-21.718899783350651],[-43.37843404399996,-21.719127916350647],[-43.378210624999944,-21.719333471350627],[-43.378036944999963,-21.719467254350594],[-43.377765605999961,-21.719582016350589],[-43.377420874999984,-21.719668962350603],[-43.377125073999927,-21.719756387350607],[-43.376830284999983,-21.719753499350617],[-43.376608888999961,-21.719778426350587],[-43.376265170999943,-21.719775057350645],[-43.376044987999933,-21.719745803350619],[-43.375724874999939,-21.719792340350612],[-43.375429578999956,-21.719834606350595],[-43.375207472999932,-21.719922749350612],[-43.375009320999936,-21.720083386350577],[-43.374884314999974,-21.720240224350576],[-43.374857213999974,-21.720447700350594],[-43.37485487999993,-21.720655418350606],[-43.37487599699994,-21.720926593350569],[-43.374947361999943,-21.721135034350596],[-43.375021059999938,-21.721135757350563],[-43.375168200999951,-21.721159781350597],[-43.375388690999955,-21.72116194435057],[-43.37563404399998,-21.721209511350594],[-43.375976700999963,-21.721307709350583],[-43.376269620999949,-21.721423484350577],[-43.376489448999955,-21.721538541350576],[-43.376758154999948,-21.721658595350547],[-43.376999969999986,-21.721913866350551],[-43.37712193699997,-21.722027964350545],[-43.377168186999945,-21.722213578350562],[-43.37711748199996,-21.722371145350532],[-43.377016177999963,-21.722623056350557],[-43.376889598999981,-21.722919878350538],[-43.376762765999963,-21.723239280350533],[-43.376710742999933,-21.723514254350505],[-43.376681264999938,-21.723879770350489],[-43.376555794999945,-21.724131443350508],[-43.376504180999973,-21.72431609835051],[-43.376501646999941,-21.724541879350486],[-43.376302631999977,-21.724725088350482],[-43.376178173999961,-21.724886449350457],[-43.376052910999924,-21.725065865350494],[-43.375903178999977,-21.725272138350487],[-43.375702640999975,-21.725590816350465],[-43.375576816999967,-21.725819903350438],[-43.375427133999949,-21.726021660350455],[-43.375325823999951,-21.726273568350436],[-43.375224513999967,-21.726525477350418],[-43.375123456999972,-21.726754808350428],[-43.37510803899994,-21.726890140350431],[-43.375132788999963,-21.727107156350449],[-43.374996616999965,-21.727074207350451],[-43.374874235999982,-21.727050424350431],[-43.374388941999939,-21.727009533350415],[-43.373941498999947,-21.727041269350448],[-43.373695627999957,-21.727038855350457],[-43.37347478099997,-21.727014106350424],[-43.373133223999957,-21.726870752350436],[-43.372913392999969,-21.726755689350448],[-43.372644374999943,-21.726662724350465],[-43.372376170999985,-21.726497507350459],[-43.372230645999934,-21.726383175350463],[-43.372230898999938,-21.726360597350425],[-43.372085583999933,-21.726174008350476],[-43.37194005799995,-21.726059675350474],[-43.371720788999937,-21.725894940350489],[-43.371476286999957,-21.725824794350448],[-43.371304882999937,-21.725755367350477],[-43.371182758999957,-21.725709005350446],[-43.371011194999937,-21.725707317350448],[-43.370790094999968,-21.725705142350485],[-43.370471385999963,-21.72567942635045],[-43.370299218999946,-21.725677731350459],[-43.370102376999967,-21.725720956350472],[-43.369905790999958,-21.725741602350467],[-43.369585713999989,-21.72578361235049],[-43.369413895999969,-21.72580450135046],[-43.369290659999933,-21.725803287350463],[-43.369192540999961,-21.725824903350489],[-43.36909330999999,-21.725891666350446],[-43.369117262999957,-21.725964160350479],[-43.369164666999943,-21.726100110350441],[-43.369235164999964,-21.726331125350427],[-43.36929635499996,-21.726530437350437],[-43.369344813999938,-21.726679945350419],[-43.369396446999993,-21.726815936350455],[-43.369428755999934,-21.726897544350415],[-43.369441784999943,-21.726974446350464],[-43.369428822999964,-21.727159479350426],[-43.369340245999979,-21.72735279935042],[-43.369167100999952,-21.72749109335043],[-43.368921070999932,-21.727556412350413],[-43.368748943999947,-21.727604393350429],[-43.368551335999939,-21.727715349350451],[-43.368427727999972,-21.727854131350405],[-43.368377266999971,-21.727989118350429],[-43.368376034999983,-21.728151685350387],[-43.368595704999962,-21.72833449335042],[-43.368668896999971,-21.728380375350405],[-43.368691829999932,-21.728543180350407],[-43.368568431999954,-21.728609706350412],[-43.368321889999947,-21.728720179350422],[-43.368125086999953,-21.728813079350378],[-43.368001593999971,-21.728834442350422],[-43.367878959999992,-21.728833233350425],[-43.367756069999984,-21.728854603350378],[-43.366506879999974,-21.728458416350403],[-43.365110871999953,-21.727902709350424],[-43.363568846999954,-21.72727780535044],[-43.363644038999958,-21.727093389350419],[-43.363317911999957,-21.726868878350427],[-43.363176858999964,-21.726840387350446],[-43.363004853999946,-21.726770945350406],[-43.362867578999953,-21.726728943350427],[-43.362723454999973,-21.72670493835043],[-43.362576054999984,-21.726703481350434],[-43.362403886999978,-21.726701778350431],[-43.362256229999957,-21.726722899350456],[-43.361789864999935,-21.726718285350426],[-43.361716164999962,-21.726717557350458],[-43.361422478999934,-21.726669491350407],[-43.361153522999984,-21.726571991350433],[-43.361055309999983,-21.726548438350441],[-43.360785790999955,-21.726500611350424],[-43.360564946999943,-21.726475843350432],[-43.360295170999962,-21.726450592350474],[-43.360049907999951,-21.726448164350462],[-43.35982906299995,-21.726423396350466],[-43.359510868999962,-21.726352504350459],[-43.359363724999973,-21.726328465350413],[-43.359119025999973,-21.726276365350479],[-43.358873670999969,-21.726228773350442],[-43.358751295999973,-21.72620497935047],[-43.358634498999947,-21.726221886350451],[-43.358606036999959,-21.72606805735046],[-43.358509414999958,-21.725904520350468],[-43.358413089999942,-21.725768083350491],[-43.358195979999941,-21.725467869350442],[-43.358197311999959,-21.725350465350477],[-43.358176533999931,-21.725052197350486],[-43.358179096999955,-21.724826418350478],[-43.358181198999944,-21.724641279350493],[-43.358258372999956,-21.724389143350475],[-43.358308585999957,-21.724276739350476],[-43.358434434999943,-21.724047666350533],[-43.358584444999963,-21.72381883135051],[-43.358684961999984,-21.723639184350535],[-43.358810808999976,-21.723410111350525],[-43.35896107599995,-21.723158699350524],[-43.35925924999998,-21.722863590350535],[-43.359384275999957,-21.722706766350559],[-43.359510120999971,-21.722477692350562],[-43.359659872999941,-21.722271436350557],[-43.359909368999979,-21.721953264350564],[-43.360281491999956,-21.72163630635059],[-43.360555753999961,-21.721318378350592],[-43.360852897999962,-21.721113579350568],[-43.361223737999978,-21.720909507350594],[-43.361249527999973,-21.72081944135056],[-43.361447899999973,-21.720640759350612],[-43.361597134999954,-21.720479656350577],[-43.361746062999934,-21.720345646350577],[-43.361871390999966,-21.720161726350597],[-43.362120366999932,-21.719888706350591],[-43.362320924999949,-21.719570046350594],[-43.36244590299998,-21.719363541350603],[-43.362594829999985,-21.719229531350592],[-43.362719643999981,-21.719090765350636],[-43.362819639999941,-21.718956271350624],[-43.362944105999929,-21.71879492135065],[-43.363117798999944,-21.718661155350613],[-43.363191494999967,-21.718661883350652],[-43.363240934999965,-21.718617210350654],[-43.363315141999976,-21.718572783350631],[-43.363340214999937,-21.71854593335064],[-43.363537301999941,-21.718480139350632],[-43.363734644999965,-21.718391766350639],[-43.36390757099997,-21.718325733350653],[-43.364104708999953,-21.718255422350648],[-43.36437660699994,-21.718145205350663],[-43.364549180999965,-21.718056587350663],[-43.364821129999939,-21.717941852350652],[-43.365017959999925,-21.717898634350679],[-43.365314784999953,-21.717720919350676],[-43.365562730999955,-21.717538205350678],[-43.365785653999971,-21.717377825350678],[-43.366082731999938,-21.717177530350668],[-43.366330929999947,-21.716972237350703],[-43.366380878999962,-21.716882408350656],[-43.36660532999997,-21.716586558350681],[-43.366931700999942,-21.716038811350717],[-43.367081689999964,-21.715809968350701],[-43.367281974999969,-21.715513878350713],[-43.367409329999937,-21.715149329350744],[-43.367535060999948,-21.714875086350709],[-43.367661140999978,-21.714623426350702],[-43.367786965999983,-21.714394344350751],[-43.368010339999955,-21.714193320350766],[-43.368184326999938,-21.714032453350736],[-43.368382425999982,-21.713876341350726],[-43.368729583999929,-21.713626857350739],[-43.369027209999956,-21.713376885350733],[-43.369250122999972,-21.713216499350747],[-43.369522980999932,-21.712966281350777],[-43.369572766999973,-21.712944191350772],[-43.369796644999951,-21.712698008350767],[-43.370020065999938,-21.712492465350788],[-43.370293524999965,-21.712242252350784],[-43.370492177999949,-21.71203646535081],[-43.370643015999974,-21.711785047350808],[-43.370916376999958,-21.711489670350844],[-43.371189781999938,-21.711243971350829],[-43.371289814999955,-21.711104955350795],[-43.371388685999932,-21.711015604350813],[-43.371464207999971,-21.710853766350816],[-43.371318952999957,-21.710716856350835],[-43.371222419999981,-21.710598488350822],[-43.371149489999937,-21.710530029350846],[-43.371004138999972,-21.710347955350837],[-43.370834423999952,-21.710183707350815],[-43.370591779999984,-21.70995100035087],[-43.37044617599998,-21.709791504350829],[-43.370276460999946,-21.709627255350867],[-43.370033259999964,-21.709444218350878],[-43.369691652999961,-21.709255697350834],[-43.369546144999958,-21.709141362350856],[-43.369328173999975,-21.708863735350874],[-43.368987936999993,-21.708607485350875],[-43.368693936999932,-21.708536849350882],[-43.368449464999962,-21.708466701350879],[-43.368131863999956,-21.708346155350878],[-43.367766260999986,-21.708089653350864],[-43.367474392999952,-21.707883552350875],[-43.367232013999967,-21.70762826335088],[-43.367062560999948,-21.70744143335093],[-43.366747510999971,-21.707095104350906],[-43.366529081999936,-21.706912307350926],[-43.366334100999957,-21.706792965350925],[-43.366138814999942,-21.706700718350934],[-43.365845073999935,-21.706607501350902],[-43.365600914999959,-21.706510255350917],[-43.365407159999961,-21.706282538350951],[-43.365188275999962,-21.706140380350931],[-43.364847447999985,-21.705884115350919],[-43.364775288999958,-21.705747920350944],[-43.364507481999965,-21.705605279350916],[-43.364312197999936,-21.705513029350961],[-43.364092404999951,-21.705397958350975],[-43.363874288999959,-21.70518806335097],[-43.363680077999959,-21.705000986350953],[-43.363533976999975,-21.704886642350967],[-43.363412383999957,-21.70479511835099],[-43.36314499599996,-21.704562157350949],[-43.363023914999978,-21.704425477350981],[-43.362878980999938,-21.70426146635101],[-43.362758460999942,-21.704075116350971],[-43.362662399999984,-21.703916103351006],[-43.362517627999978,-21.703684352351015],[-43.362446330999944,-21.703525583351023],[-43.362302070999931,-21.703248676351031],[-43.362231336999969,-21.703040237351033],[-43.362062662999953,-21.702785668351034],[-43.362038152999958,-21.702762845350986],[-43.361896032999937,-21.702350475351007],[-43.361751516999952,-21.702096145351046],[-43.361607607999986,-21.701841821351024],[-43.361439191999978,-21.701564674351012],[-43.361296050999947,-21.701242616351031],[-43.361079478999955,-21.700897251351051],[-43.361009675999973,-21.700553336351092],[-43.361063087999987,-21.700210641351067],[-43.361164144999975,-21.699981319351082],[-43.361266224999952,-21.699661685351082],[-43.361417063999966,-21.69941027435107],[-43.361494121999954,-21.699112973351081],[-43.36152123599993,-21.698905500351106],[-43.361599153999975,-21.69858562735109],[-43.361700464999956,-21.698333725351091],[-43.361803306999938,-21.697946357351139],[-43.361927191999932,-21.697834679351157],[-43.362125927999948,-21.69767406235114],[-43.362397693999974,-21.697518683351113],[-43.362546647999977,-21.697380156351123],[-43.36272215099995,-21.697083825351172],[-43.362821619999977,-21.696994486351119],[-43.362970827999959,-21.696833379351133],[-43.363096846999952,-21.696586237351163],[-43.363247073999958,-21.696334819351158],[-43.363324220999971,-21.696082678351178],[-43.363303081999959,-21.695761826351184],[-43.363159174999964,-21.695507503351212],[-43.362991782999984,-21.695140045351192],[-43.36274866499997,-21.69495248435117],[-43.36253082099995,-21.694720011351194],[-43.362214735999942,-21.694468504351235],[-43.361947113999975,-21.69425811935124],[-43.361778447999939,-21.694003551351237],[-43.361707112999966,-21.693795105351256],[-43.361638426999946,-21.693406041351214],[-43.361592367999947,-21.693152684351254],[-43.361522914999959,-21.692831354351245],[-43.361476855999967,-21.69257799735124],[-43.36135629599994,-21.692396161351279],[-43.361332902999941,-21.692328189351269],[-43.361114716999964,-21.692073130351289],[-43.360995068999955,-21.691864207351287],[-43.360729496999966,-21.691473196351264],[-43.36048715499993,-21.691217899351297],[-43.360293222999985,-21.691008240351305],[-43.360052251999953,-21.690685214351319],[-43.359833508999941,-21.690479826351286],[-43.359541226999973,-21.690314355351287],[-43.359126763999939,-21.690057352351289],[-43.359031788999971,-21.68980351035135],[-43.359082591999936,-21.689691111351308],[-43.359205447999962,-21.689669745351306],[-43.359427258999972,-21.689604198351343],[-43.359599034999974,-21.689583317351335],[-43.359796482999968,-21.68953559335133],[-43.359919850999965,-21.689469072351322],[-43.360019826999974,-21.689334577351314],[-43.36009560399998,-21.689150167351357],[-43.360172147999947,-21.688898021351328],[-43.360224225999957,-21.68867273035135],[-43.36030051399996,-21.688443163351376],[-43.360450319999984,-21.688282065351345],[-43.36069730699996,-21.68812644235134],[-43.360844921999956,-21.688105321351362],[-43.360992538999938,-21.688084199351341],[-43.361065963999977,-21.688107505351343],[-43.361187030999979,-21.688244184351387],[-43.361235182999962,-21.688312403351336],[-43.361407050999958,-21.688336681351348],[-43.361529650999955,-21.688337893351378],[-43.361630952999974,-21.688085991351372],[-43.361657501999964,-21.687928190351382],[-43.361657756999932,-21.687905612351365],[-43.36170876999995,-21.687720954351391],[-43.361735828999947,-21.687517997351392],[-43.361691956999948,-21.687124663351391],[-43.361620319999986,-21.686943310351378],[-43.361475656999971,-21.686756721351379],[-43.361479283999984,-21.686436112351412],[-43.361556426999982,-21.686183972351429],[-43.361705571999948,-21.686027382351412],[-43.36182949799997,-21.68591118735144],[-43.361782111999958,-21.685775235351393],[-43.361660840999946,-21.685656619351434],[-43.36136851599997,-21.685495667351404],[-43.36105199299994,-21.68528479935145],[-43.36078356999996,-21.685146663351428],[-43.360539703999962,-21.685026833351415],[-43.360319945999947,-21.684911758351422],[-43.36022573799994,-21.684590183351435],[-43.360203931999926,-21.684382227351445],[-43.360182073999965,-21.684178786351456],[-43.360084709999974,-21.68408298535147],[-43.360037323999961,-21.683947033351487],[-43.359868161999934,-21.683737619351451],[-43.359722849999969,-21.683555538351463],[-43.359626089999942,-21.683459743351481],[-43.359528765999983,-21.683413620351466],[-43.359186669999985,-21.683274752351508],[-43.358869899999952,-21.683086458351514],[-43.358576977999974,-21.682925496351455],[-43.358212569999978,-21.682623827351517],[-43.357921328999964,-21.682368042351484],[-43.357579800999986,-21.682179500351506],[-43.357214066999973,-21.681995235351536],[-43.356823622999968,-21.681806207351524],[-43.356334999999945,-21.68159362535151],[-43.356017160999947,-21.68150015435155],[-43.355625131999943,-21.681451108351528],[-43.355405945999962,-21.681286355351496],[-43.355213098999968,-21.681036057351537],[-43.355094143999963,-21.680714234351573],[-43.355048917999966,-21.680388625351565],[-43.355051315999958,-21.680230586351584],[-43.35495814799998,-21.679818696351585],[-43.354911590999954,-21.679610494351582],[-43.354866056999981,-21.679311980351571],[-43.354795598999942,-21.679080960351584],[-43.354798468999945,-21.678828087351569],[-43.35480296999998,-21.67848490835161],[-43.354903198999978,-21.678327838351603],[-43.35495717699996,-21.677935473351642],[-43.354961327999945,-21.677569709351609],[-43.354892663999983,-21.67718064435164],[-43.35484790199996,-21.67681439535162],[-43.354804304999959,-21.676398481351665],[-43.354833215999982,-21.676032963351652],[-43.355007935999943,-21.675804374351635],[-43.35515789699997,-21.675575540351659],[-43.355356812999958,-21.675396867351665],[-43.355554406999936,-21.675281407351665],[-43.355751181999949,-21.67523819635166],[-43.356071403999984,-21.6751736273517],[-43.356219518999985,-21.675107352351656],[-43.356342618999975,-21.675063411351651],[-43.356220286999985,-21.675039619351679],[-43.355852175999985,-21.675013391351719],[-43.355509129999973,-21.67496031435169],[-43.355165520999954,-21.674956908351675],[-43.354724338999972,-21.674929954351711],[-43.354356484999983,-21.674881145351694],[-43.354013132999974,-21.674855159351665],[-43.353669780999944,-21.674829172351707],[-43.353351700999951,-21.674758274351667],[-43.353058381999965,-21.674687621351701],[-43.352716107999981,-21.674566804351663],[-43.352470842999935,-21.674519208351725],[-43.352447200999968,-21.674473812351703],[-43.352422183999984,-21.674496145351704],[-43.352079861999982,-21.674379843351669],[-43.351492414999939,-21.67425659035171],[-43.351100921999944,-21.674162377351703],[-43.350758342999939,-21.674068650351714],[-43.350416844999984,-21.673880095351695],[-43.350225093999931,-21.673534966351728],[-43.349982799999964,-21.673279655351742],[-43.349885653999934,-21.673165787351714],[-43.349862011999953,-21.673120391351702],[-43.349789418999933,-21.673024830351736],[-43.34966914599994,-21.672820410351761],[-43.34957394099996,-21.672589142351772],[-43.349430078999944,-21.672334810351721],[-43.349235620999941,-21.672174812351766],[-43.349088534999964,-21.672150768351727],[-43.348843363999947,-21.672148329351767],[-43.348548984999972,-21.672118303351784],[-43.348327918999985,-21.672120619351734],[-43.347838054999954,-21.672020904351747],[-43.347543971999983,-21.672017976351746],[-43.347275071999952,-21.671924976351754],[-43.347055086999944,-21.671832463351777],[-43.346785981999972,-21.671757525351776],[-43.346639153999952,-21.67171090135178],[-43.346346616999938,-21.671572504351783],[-43.346078285999965,-21.671429831351755],[-43.345933606999957,-21.671247744351781],[-43.345838578999981,-21.670948736351765],[-43.345745271999924,-21.670604582351771],[-43.345624799999939,-21.670418222351795],[-43.345405900999943,-21.670230879351806],[-43.345114655999964,-21.669979591351787],[-43.344922061999974,-21.669657027351814],[-43.344729813999948,-21.669357048351785],[-43.344585102999986,-21.669125284351821],[-43.344220757999956,-21.668823586351838],[-43.343953724999949,-21.668568021351806],[-43.343565228999978,-21.668266083351863],[-43.343002692999953,-21.668079824351835],[-43.342634947999962,-21.668076152351844],[-43.342167398999948,-21.668139223351851],[-43.341847792999943,-21.668203772351852],[-43.341504200999957,-21.668200338351841],[-43.341087716999937,-21.668128435351846],[-43.340868567999955,-21.667963665351817],[-43.340624955999942,-21.667825747351838],[-43.34025907399996,-21.667659510351864],[-43.340088268999978,-21.667544900351835],[-43.34006437499994,-21.667522080351866],[-43.339796573999934,-21.667334242351881],[-43.339358059999931,-21.667076954351895],[-43.339017058999957,-21.666847737351866],[-43.338700349999954,-21.666659408351894],[-43.33826209799998,-21.66637954035189],[-43.337922790999983,-21.666055501351888],[-43.337582363999957,-21.665776610351905],[-43.337291192999949,-21.665520794351913],[-43.33705074799996,-21.665107421351916],[-43.33688215799998,-21.664852831351926],[-43.336835577999977,-21.664649142351941],[-43.336741743999944,-21.664300463351932],[-43.336718108999946,-21.664255066351927],[-43.336647858999974,-21.663956300351924],[-43.336603227999944,-21.663635211351973],[-43.336680572999967,-21.66331534435195],[-43.336854475999985,-21.66315902435198],[-43.336904731999944,-21.663042110351991],[-43.336930782999957,-21.662929468351969],[-43.336883995999983,-21.662743840351968],[-43.336765958999933,-21.662399436351997],[-43.336571786999961,-21.662216846351996],[-43.336353773999974,-21.662006922352017],[-43.33615939699996,-21.661842394351986],[-43.335916316999942,-21.661659316351979],[-43.33554460899996,-21.661504365352023],[-43.335510311999947,-21.661501658352005],[-43.335250237999958,-21.66139522035202],[-43.335115967999968,-21.661308068352021],[-43.334973553999923,-21.661193738351997],[-43.334570139999983,-21.660932275352042],[-43.33439741799998,-21.660722802352016],[-43.334248348999949,-21.660504535352043],[-43.33394101499993,-21.66018532535206],[-43.333563986999934,-21.659729934352068],[-43.333194570999979,-21.659243005352039],[-43.332818068999984,-21.658742456352087],[-43.332590513999946,-21.658378786352067],[-43.332579326999962,-21.658360904352062],[-43.332567827999981,-21.658342528352104],[-43.332325405999939,-21.657893002352107],[-43.33219415099996,-21.657543945352128],[-43.332086807999985,-21.657163516352107],[-43.332089112999945,-21.657141536352135],[-43.331965769999954,-21.656687026352138],[-43.331930718999956,-21.656653102352109],[-43.331933544999977,-21.656653579352124],[-43.332017414999939,-21.656656324352131],[-43.332117300999982,-21.656634057352122],[-43.332235798999932,-21.656617794352094],[-43.332379267999954,-21.6565959663521],[-43.33250365899994,-21.656608849352104],[-43.332571878999943,-21.656632805352118],[-43.332621620999937,-21.656639122352104],[-43.332758728999977,-21.656628864352129],[-43.332861136999952,-21.656618825352108],[-43.332969159999941,-21.65658279735209],[-43.333167629999934,-21.656509420352112],[-43.33335541699995,-21.656424045352097],[-43.333474647999935,-21.656343795352107],[-43.333686623999938,-21.656265158352102],[-43.333849554999972,-21.6562312093521],[-43.334213510999973,-21.656252224352126],[-43.334428318999983,-21.656260284352143],[-43.334686027999972,-21.656188333352151],[-43.335028701999931,-21.656033606352104],[-43.335234699999944,-21.655989133352165],[-43.335435804999975,-21.655828258352159],[-43.335549341999979,-21.655701412352158],[-43.335781777999948,-21.65552340035217],[-43.335919618999981,-21.655449153352127],[-43.336163705999979,-21.655341066352136],[-43.336307707999936,-21.655272699352146],[-43.336390648999945,-21.655099005352152],[-43.336461469999961,-21.654896103352129],[-43.33653794199995,-21.654678915352186],[-43.336597118999975,-21.654515816352156],[-43.336772314999962,-21.654441942352157],[-43.337123709999958,-21.654206945352161],[-43.337324665999972,-21.654054626352167],[-43.337450264999973,-21.653965878352171],[-43.337540628999932,-21.653687543352213],[-43.337605088999965,-21.653496210352195],[-43.33784407699995,-21.65328917235221],[-43.338022058999968,-21.653124912352197],[-43.33805728599998,-21.653081983352237],[-43.338116316999951,-21.653050226352192],[-43.338243621999936,-21.653010756352195],[-43.338279126999971,-21.652970412352193],[-43.338372782999954,-21.652948078352203],[-43.338503662999976,-21.652937753352184],[-43.338777406999959,-21.652957944352224],[-43.338947626999982,-21.652937173352189]]],[[[-43.339690904999941,-21.651953189352252],[-43.33958069199997,-21.651866469352239],[-43.339488700999937,-21.651743380352254],[-43.339716774999943,-21.651968366352218],[-43.339690904999941,-21.651953189352252]]]]},"properties":{"OBJECTID":4,"nro":18,"nome":"Remonta","qtd_contrib_oficina_1_centro":null,"qtd_contrib_oficina_2_oeste":null,"qtd_contrib_oficina_3_leste":null,"qtd_contrib_oficina_4_nordeste":null,"qtd_contrib_oficina_5_vilas_nu":1,"qtd_contrib_oficina_6_n_co":null,"qtd_contrib_oficina_7_sudeste":null,"qtd_contrib_oficina_8_sul":null,"qtd_inscricoes_vaf":null,"observacao":"-","fonte":"PDDU","ano":"2000","vaf_2018":null,"vaf_2019":null,"vaf_2020":null,"vaf_2021":null,"vaf_2022":null,"bairro_dado_vinculado":"-","regiao_planejamento":"Centro-Oeste","shape.STArea()":0.0028543996925817312,"shape.STLength()":0.38779541199337286}},{"type":"Feature","id":5,"geometry":{"type":"Polygon","coordinates":[[[-43.349026600999935,-21.687400229351407],[-43.34922023799993,-21.68692926035137],[-43.34980551599994,-21.686165251351426],[-43.350377270999957,-21.685555072351399],[-43.350925239999981,-21.684966652351431],[-43.351534407999964,-21.684169881351441],[-43.351902385999949,-21.683887600351493],[-43.352340828999964,-21.683617015351487],[-43.352850234999956,-21.683314140351509],[-43.353678300999945,-21.682926448351513],[-43.354260917999966,-21.682393345351517],[-43.354938275999984,-21.681806191351516],[-43.355625131999943,-21.681451108351528],[-43.356017160999947,-21.68150015435155],[-43.356334999999945,-21.68159362535151],[-43.356823622999968,-21.681806207351524],[-43.357214066999973,-21.681995235351536],[-43.357579800999986,-21.682179500351506],[-43.357921328999964,-21.682368042351484],[-43.358212569999978,-21.682623827351517],[-43.358576977999974,-21.682925496351455],[-43.358869899999952,-21.683086458351514],[-43.359186669999985,-21.683274752351508],[-43.359528765999983,-21.683413620351466],[-43.359626089999942,-21.683459743351481],[-43.359722849999969,-21.683555538351463],[-43.359868161999934,-21.683737619351451],[-43.360037323999961,-21.683947033351487],[-43.360084709999974,-21.68408298535147],[-43.360182073999965,-21.684178786351456],[-43.360203931999926,-21.684382227351445],[-43.36022573799994,-21.684590183351435],[-43.360319945999947,-21.684911758351422],[-43.360539703999962,-21.685026833351415],[-43.36078356999996,-21.685146663351428],[-43.36105199299994,-21.68528479935145],[-43.36136851599997,-21.685495667351404],[-43.361660840999946,-21.685656619351434],[-43.361782111999958,-21.685775235351393],[-43.36182949799997,-21.68591118735144],[-43.361705571999948,-21.686027382351412],[-43.361556426999982,-21.686183972351429],[-43.361479283999984,-21.686436112351412],[-43.361475656999971,-21.686756721351379],[-43.361620319999986,-21.686943310351378],[-43.361691956999948,-21.687124663351391],[-43.361735828999947,-21.687517997351392],[-43.36170876999995,-21.687720954351391],[-43.361657756999932,-21.687905612351365],[-43.361657501999964,-21.687928190351382],[-43.361630952999974,-21.688085991351372],[-43.361529650999955,-21.688337893351378],[-43.361407050999958,-21.688336681351348],[-43.361235182999962,-21.688312403351336],[-43.361187030999979,-21.688244184351387],[-43.361065963999977,-21.688107505351343],[-43.360992538999938,-21.688084199351341],[-43.360844921999956,-21.688105321351362],[-43.36069730699996,-21.68812644235134],[-43.360450319999984,-21.688282065351345],[-43.36030051399996,-21.688443163351376],[-43.360224225999957,-21.68867273035135],[-43.360172147999947,-21.688898021351328],[-43.36009560399998,-21.689150167351357],[-43.360019826999974,-21.689334577351314],[-43.359919850999965,-21.689469072351322],[-43.359796482999968,-21.68953559335133],[-43.359599034999974,-21.689583317351335],[-43.359427258999972,-21.689604198351343],[-43.359205447999962,-21.689669745351306],[-43.359082591999936,-21.689691111351308],[-43.359031788999971,-21.68980351035135],[-43.359126763999939,-21.690057352351289],[-43.359541226999973,-21.690314355351287],[-43.359833508999941,-21.690479826351286],[-43.360052251999953,-21.690685214351319],[-43.360293222999985,-21.691008240351305],[-43.36048715499993,-21.691217899351297],[-43.360347870999931,-21.691427703351305],[-43.360075510999934,-21.691578978351259],[-43.359590116999982,-21.69183811935126],[-43.358863669999948,-21.692600766351234],[-43.355559034999942,-21.692425057351276],[-43.354737286999978,-21.692251941351241],[-43.354103921999979,-21.692069693351247],[-43.353599483999972,-21.691932714351267],[-43.353058249999947,-21.691927340351256],[-43.352635551999981,-21.691846158351289],[-43.35230697999998,-21.691765910351275],[-43.351590383999962,-21.691659810351297],[-43.35069004199994,-21.691155965351282],[-43.350105004999932,-21.690864207351286],[-43.349533364999957,-21.690429613351345],[-43.349159864999933,-21.690161953351328],[-43.349168386999963,-21.689414202351344],[-43.349032336999983,-21.688961944351355],[-43.348818689999973,-21.688091007351364],[-43.349026600999935,-21.687400229351407]]]},"properties":{"OBJECTID":5,"nro":15,"nome":"Parque Independência","qtd_contrib_oficina_1_centro":null,"qtd_contrib_oficina_2_oeste":null,"qtd_contrib_oficina_3_leste":null,"qtd_contrib_oficina_4_nordeste":1,"qtd_contrib_oficina_5_vilas_nu":null,"qtd_contrib_oficina_6_n_co":null,"qtd_contrib_oficina_7_sudeste":null,"qtd_contrib_oficina_8_sul":null,"qtd_inscricoes_vaf":null,"observacao":"-","fonte":"PDDU","ano":"2000","vaf_2018":null,"vaf_2019":null,"vaf_2020":null,"vaf_2021":null,"vaf_2022":null,"bairro_dado_vinculado":"-","regiao_planejamento":"Nordeste","shape.STArea()":9.9199802935159032e-05,"shape.STLength()":0.040623243052135591}},{"type":"Feature","id":6,"geometry":{"type":"Polygon","coordinates":[[[-43.362729354999942,-21.708410286350873],[-43.36287857599995,-21.708249181350901],[-43.363126966999971,-21.708025829350877],[-43.363449609999975,-21.707753535350868],[-43.36367302899999,-21.707548000350908],[-43.363872193999953,-21.707297064350929],[-43.364072728999993,-21.706978401350902],[-43.364272242999959,-21.706750048350898],[-43.364446427999951,-21.706571123350905],[-43.364597991999972,-21.706202298350959],[-43.364649561999947,-21.706022163350905],[-43.364699558999973,-21.705927817350943],[-43.364775288999958,-21.705747920350944],[-43.364847447999985,-21.705884115350919],[-43.365188275999962,-21.706140380350931],[-43.365407159999961,-21.706282538350951],[-43.365600914999959,-21.706510255350917],[-43.365845073999935,-21.706607501350902],[-43.366138814999942,-21.706700718350934],[-43.366334100999957,-21.706792965350925],[-43.366529081999936,-21.706912307350926],[-43.366747510999971,-21.707095104350906],[-43.367062560999948,-21.70744143335093],[-43.367232013999967,-21.70762826335088],[-43.367474392999952,-21.707883552350875],[-43.367766260999986,-21.708089653350864],[-43.368131863999956,-21.708346155350878],[-43.368449464999962,-21.708466701350879],[-43.368693936999932,-21.708536849350882],[-43.368987936999993,-21.708607485350875],[-43.369328173999975,-21.708863735350874],[-43.369546144999958,-21.709141362350856],[-43.369691652999961,-21.709255697350834],[-43.370033259999964,-21.709444218350878],[-43.370276460999946,-21.709627255350867],[-43.37044617599998,-21.709791504350829],[-43.370591779999984,-21.70995100035087],[-43.370834423999952,-21.710183707350815],[-43.371004138999972,-21.710347955350837],[-43.371149489999937,-21.710530029350846],[-43.371222419999981,-21.710598488350822],[-43.371318952999957,-21.710716856350835],[-43.371464207999971,-21.710853766350816],[-43.371388685999932,-21.711015604350813],[-43.371289814999955,-21.711104955350795],[-43.371189781999938,-21.711243971350829],[-43.370916376999958,-21.711489670350844],[-43.370643015999974,-21.711785047350808],[-43.370492177999949,-21.71203646535081],[-43.370293524999965,-21.712242252350784],[-43.370020065999938,-21.712492465350788],[-43.369796644999951,-21.712698008350767],[-43.369572766999973,-21.712944191350772],[-43.369522980999932,-21.712966281350777],[-43.369250122999972,-21.713216499350747],[-43.369027209999956,-21.713376885350733],[-43.368729583999929,-21.713626857350739],[-43.368382425999982,-21.713876341350726],[-43.368184326999938,-21.714032453350736],[-43.368010339999955,-21.714193320350766],[-43.367786965999983,-21.714394344350751],[-43.367661140999978,-21.714623426350702],[-43.367535060999948,-21.714875086350709],[-43.367409329999937,-21.715149329350744],[-43.367281974999969,-21.715513878350713],[-43.367081689999964,-21.715809968350701],[-43.366931700999942,-21.716038811350717],[-43.36660532999997,-21.716586558350681],[-43.366380878999962,-21.716882408350656],[-43.366330929999947,-21.716972237350703],[-43.366082731999938,-21.717177530350668],[-43.365785653999971,-21.717377825350678],[-43.365562730999955,-21.717538205350678],[-43.365314784999953,-21.717720919350676],[-43.365017959999925,-21.717898634350679],[-43.364821129999939,-21.717941852350652],[-43.364549180999965,-21.718056587350663],[-43.36437660699994,-21.718145205350663],[-43.364104708999953,-21.718255422350648],[-43.36390757099997,-21.718325733350653],[-43.363734644999965,-21.718391766350639],[-43.363537301999941,-21.718480139350632],[-43.363340214999937,-21.71854593335064],[-43.363315141999976,-21.718572783350631],[-43.363240934999965,-21.718617210350654],[-43.363191494999967,-21.718661883350652],[-43.363117798999944,-21.718661155350613],[-43.362923315999979,-21.718496653350659],[-43.362850131999949,-21.718450769350643],[-43.362728783999955,-21.718336667350645],[-43.36260850999998,-21.718127738350645],[-43.362392167999985,-21.717759795350641],[-43.362247476999976,-21.717573205350643],[-43.362101874999944,-21.717413703350676],[-43.361834979999969,-21.717135581350682],[-43.361666034999985,-21.716903590350665],[-43.361593710999962,-21.716835134350656],[-43.361569456999973,-21.716789733350698],[-43.361424419999928,-21.716580557350706],[-43.361376257999943,-21.716512340350675],[-43.361206547999984,-21.716348083350695],[-43.361036530999968,-21.716210917350676],[-43.360988881999965,-21.716097544350717],[-43.360892261999936,-21.715934009350693],[-43.360894707999933,-21.71577145335069],[-43.360896498999971,-21.715613407350716],[-43.36097254699996,-21.715406419350725],[-43.361049965999939,-21.715131704350743],[-43.361174889999972,-21.714929715350735],[-43.361300213999982,-21.714745794350716],[-43.36137651599995,-21.714516228350753],[-43.361453420999958,-21.714286668350709],[-43.361528904999943,-21.714129351350728],[-43.361604694999983,-21.713944941350753],[-43.361606485999964,-21.713786895350733],[-43.36155858099994,-21.713696099350731],[-43.361487588999985,-21.713510237350775],[-43.361367319999943,-21.71330130735074],[-43.361221978999936,-21.713119226350749],[-43.361101199999958,-21.712955452350759],[-43.361052527999959,-21.71293239035079],[-43.360905908999939,-21.712863198350792],[-43.360685689999968,-21.712838440350794],[-43.360439844999974,-21.712836006350777],[-43.360170351999955,-21.712788178350792],[-43.359851417999948,-21.71278502335079],[-43.359679520999975,-21.712760739350788],[-43.359532136999981,-21.712759281350802],[-43.359385097999954,-21.712780405350799],[-43.35933556699996,-21.712779915350758],[-43.359286639999937,-21.712779431350747],[-43.359065560999966,-21.712777241350778],[-43.358893500999947,-21.712820698350775],[-43.358770021999923,-21.712842056350752],[-43.358573451999973,-21.712862689350771],[-43.358401646999937,-21.712883567350758],[-43.358130268999957,-21.712948619350783],[-43.358006828999969,-21.713019654350802],[-43.357883695999931,-21.713063595350743],[-43.357784468999967,-21.713130353350742],[-43.357634980999933,-21.713314031350777],[-43.357335194999955,-21.713699443350716],[-43.357186525999964,-21.713810871350759],[-43.356987339999932,-21.714061797350723],[-43.356813339999981,-21.714222650350724],[-43.356738878999977,-21.714289653350754],[-43.356664414999962,-21.714356656350713],[-43.356516257999935,-21.71442292835075],[-43.356221483999946,-21.71442000335075],[-43.356025167999981,-21.714418055350723],[-43.355879320999975,-21.71428112635072],[-43.355831418999969,-21.714190329350735],[-43.355736693999972,-21.713913908350719],[-43.355713865999974,-21.713796262350751],[-43.355691975999946,-21.713543145350748],[-43.35569514599996,-21.713317371350751],[-43.355698018999931,-21.713064499350786],[-43.35572488899993,-21.712879606350747],[-43.355728058999944,-21.712653833350807],[-43.35575595399996,-21.712378629350759],[-43.35575754499996,-21.712238646350766],[-43.355758827999971,-21.712125756350801],[-43.355736001999958,-21.712008111350819],[-43.355712004999923,-21.711940132350769],[-43.355615177999937,-21.711848849350812],[-43.355542819999982,-21.711730713350789],[-43.355472554999942,-21.711481630350821],[-43.355400709999962,-21.711318338350797],[-43.355404700999941,-21.711020316350826],[-43.355407317999948,-21.710790022350832],[-43.355407831999969,-21.710744866350833],[-43.355411052999955,-21.710514577350825],[-43.355510444999943,-21.710380081350852],[-43.355609671999957,-21.710313324350835],[-43.355708897999932,-21.710246568350822],[-43.355832850999946,-21.71013037935084],[-43.355982285999971,-21.70995121935082],[-43.356107866999935,-21.709744724350845],[-43.356356577999975,-21.709494290350836],[-43.356553911999981,-21.709405926350868],[-43.356726623999975,-21.709357961350854],[-43.35692370199996,-21.709292174350878],[-43.357169794999947,-21.709272033350889],[-43.357488720999982,-21.70927519535087],[-43.357758976999946,-21.70925529335085],[-43.358005326999944,-21.70921257335084],[-43.358201634999951,-21.709214517350862],[-43.358471889999983,-21.709194614350846],[-43.358545581999977,-21.70919534435086],[-43.358717380999963,-21.709174466350881],[-43.358939273999965,-21.709104406350832],[-43.359063262999939,-21.709037893350864],[-43.359212180999975,-21.708903884350828],[-43.359385310999976,-21.708765599350848],[-43.359485301999932,-21.708631107350886],[-43.359610877999948,-21.708424609350878],[-43.359711380999954,-21.708244960350871],[-43.359762915999966,-21.708015148350885],[-43.359815056999935,-21.707785344350867],[-43.359840844999951,-21.707695277350901],[-43.359841918999962,-21.70760044935092],[-43.359867963999925,-21.707487806350898],[-43.360015343999976,-21.707489263350894],[-43.360210882999979,-21.707558940350886],[-43.36038191199998,-21.707605794350897],[-43.360626928999977,-21.707680474350905],[-43.360920575999955,-21.707728540350875],[-43.361263752999946,-21.707777095350913],[-43.361459035999978,-21.707869348350897],[-43.361630414999986,-21.707938784350887],[-43.361897711999973,-21.708126586350907],[-43.362116944999968,-21.708291332350914],[-43.362312230999976,-21.708383584350909],[-43.362555929999985,-21.708521475350853],[-43.362729354999942,-21.708410286350873]]]},"properties":{"OBJECTID":6,"nro":14,"nome":"Granjas Betânia","qtd_contrib_oficina_1_centro":null,"qtd_contrib_oficina_2_oeste":null,"qtd_contrib_oficina_3_leste":null,"qtd_contrib_oficina_4_nordeste":1,"qtd_contrib_oficina_5_vilas_nu":null,"qtd_contrib_oficina_6_n_co":null,"qtd_contrib_oficina_7_sudeste":null,"qtd_contrib_oficina_8_sul":null,"qtd_inscricoes_vaf":null,"observacao":"-","fonte":"PDDU","ano":"2000","vaf_2018":null,"vaf_2019":null,"vaf_2020":null,"vaf_2021":null,"vaf_2022":null,"bairro_dado_vinculado":"-","regiao_planejamento":"Nordeste","shape.STArea()":0.00010372799962448953,"shape.STLength()":0.049588188695805821}},{"type":"Feature","id":7,"geometry":{"type":"Polygon","coordinates":[[[-43.351009856999944,-21.709007628350832],[-43.351208619999966,-21.708847027350892],[-43.351456166999981,-21.708646266350861],[-43.351802824999936,-21.70844197435089],[-43.351975998999933,-21.70835337535086],[-43.35214913599998,-21.708215098350902],[-43.352347843999958,-21.708059010350869],[-43.352669734999949,-21.707854471350892],[-43.352966858999935,-21.707649684350923],[-43.353189728999951,-21.707493836350903],[-43.353560284999958,-21.707312358350904],[-43.353856636999978,-21.707175303350926],[-43.354105039999979,-21.706951966350907],[-43.354351860999948,-21.70681441835092],[-43.354672923999942,-21.706682124350888],[-43.354895071999984,-21.7065894903509],[-43.355141325999966,-21.706501613350909],[-43.355338747999951,-21.706458412350909],[-43.355657666999946,-21.706461576350943],[-43.355902895999975,-21.70646400935092],[-43.356099547999975,-21.706488540350907],[-43.356369029999946,-21.706536374350897],[-43.356638766999936,-21.706561628350922],[-43.356687435999959,-21.706584691350944],[-43.356834302999971,-21.706631309350946],[-43.357078454999964,-21.706728568350911],[-43.357567725999957,-21.706891480350922],[-43.35783634899996,-21.706961884350896],[-43.358007928999932,-21.707013261350937],[-43.358325825999941,-21.707106732350894],[-43.358667974999946,-21.70724560435092],[-43.358937149999967,-21.707320528350902],[-43.359255560999941,-21.707368841350888],[-43.359573713999957,-21.707439731350902],[-43.359769763999964,-21.707464253350889],[-43.359819037999955,-21.707487321350918],[-43.359867963999925,-21.707487806350898],[-43.359841918999962,-21.70760044935092],[-43.359840844999951,-21.707695277350901],[-43.359815056999935,-21.707785344350867],[-43.359762915999966,-21.708015148350885],[-43.359711380999954,-21.708244960350871],[-43.359610877999948,-21.708424609350878],[-43.359485301999932,-21.708631107350886],[-43.359385310999976,-21.708765599350848],[-43.359212180999975,-21.708903884350828],[-43.359063262999939,-21.709037893350864],[-43.358939273999965,-21.709104406350832],[-43.358717380999963,-21.709174466350881],[-43.358545581999977,-21.70919534435086],[-43.358471889999983,-21.709194614350846],[-43.358201634999951,-21.709214517350862],[-43.358005326999944,-21.70921257335084],[-43.357758976999946,-21.70925529335085],[-43.357488720999982,-21.70927519535087],[-43.357169794999947,-21.709272033350889],[-43.35692370199996,-21.709292174350878],[-43.356726623999975,-21.709357961350854],[-43.356553911999981,-21.709405926350868],[-43.356356577999975,-21.709494290350836],[-43.356107866999935,-21.709744724350845],[-43.355982285999971,-21.70995121935082],[-43.355832850999946,-21.71013037935084],[-43.355708897999932,-21.710246568350822],[-43.355609671999957,-21.710313324350835],[-43.355510444999943,-21.710380081350852],[-43.355411052999955,-21.710514577350825],[-43.355407831999969,-21.710744866350833],[-43.355407317999948,-21.710790022350832],[-43.355404700999941,-21.711020316350826],[-43.355400709999962,-21.711318338350797],[-43.355472554999942,-21.711481630350821],[-43.355542819999982,-21.711730713350789],[-43.355615177999937,-21.711848849350812],[-43.355712004999923,-21.711940132350769],[-43.355736001999958,-21.712008111350819],[-43.355758827999971,-21.712125756350801],[-43.35575754499996,-21.712238646350766],[-43.35575595399996,-21.712378629350759],[-43.355728058999944,-21.712653833350807],[-43.35572488899993,-21.712879606350747],[-43.355698018999931,-21.713064499350786],[-43.35569514599996,-21.713317371350751],[-43.355691975999946,-21.713543145350748],[-43.355713865999974,-21.713796262350751],[-43.355736693999972,-21.713913908350719],[-43.355831418999969,-21.714190329350735],[-43.355879320999975,-21.71428112635072],[-43.356025167999981,-21.714418055350723],[-43.35610563399996,-21.714755624350722],[-43.356196153999981,-21.715075453350703],[-43.35634276299993,-21.715637784350708],[-43.356538444999956,-21.7160246423507],[-43.356000889999962,-21.716723154350685],[-43.355666135999975,-21.717181731350678],[-43.355472845999941,-21.71761971635064],[-43.354917120999971,-21.717845148350676],[-43.354360768999982,-21.718125559350671],[-43.353851611999971,-21.718395441350648],[-43.352758052999953,-21.71830758835063],[-43.352181415999951,-21.718301852350642],[-43.351487098999939,-21.718294945350653],[-43.351123414999968,-21.718192347350644],[-43.350464401999943,-21.71818578635067],[-43.349832188999983,-21.717893553350635],[-43.349532364999952,-21.717351686350668],[-43.349175087999981,-21.716688271350662],[-43.349064841999962,-21.715004545350705],[-43.349103183999937,-21.713707215350727],[-43.349096587999959,-21.712222477350782],[-43.349106374999963,-21.711364764350787],[-43.349218303999976,-21.710837996350811],[-43.349224324999966,-21.710310172350862],[-43.349332163999975,-21.709654789350836],[-43.349579031999944,-21.709566926350874],[-43.349923545999964,-21.709498100350856],[-43.350120625999971,-21.709432321350839],[-43.350293544999943,-21.709366301350876],[-43.350589852999974,-21.709233769350867],[-43.350716191999929,-21.709192604350847],[-43.351009856999944,-21.709007628350832]]]},"properties":{"OBJECTID":7,"nro":13,"nome":"Parque Guarani","qtd_contrib_oficina_1_centro":null,"qtd_contrib_oficina_2_oeste":null,"qtd_contrib_oficina_3_leste":null,"qtd_contrib_oficina_4_nordeste":3,"qtd_contrib_oficina_5_vilas_nu":null,"qtd_contrib_oficina_6_n_co":null,"qtd_contrib_oficina_7_sudeste":null,"qtd_contrib_oficina_8_sul":null,"qtd_inscricoes_vaf":null,"observacao":"-","fonte":"PDDU","ano":"2000","vaf_2018":null,"vaf_2019":null,"vaf_2020":null,"vaf_2021":null,"vaf_2022":null,"bairro_dado_vinculado":"-","regiao_planejamento":"Nordeste","shape.STArea()":7.6199611558437524e-05,"shape.STLength()":0.039598697285085603}},{"type":"Feature","id":8,"geometry":{"type":"Polygon","coordinates":[[[-43.344148905999923,-21.709878558350827],[-43.344320707999941,-21.70985769335083],[-43.344641268999972,-21.709770575350863],[-43.345011581999977,-21.709611695350869],[-43.345355529999949,-21.709592550350859],[-43.345577376999984,-21.709527024350837],[-43.345995272999971,-21.709486034350842],[-43.346240763999958,-21.709465905350836],[-43.346584194999927,-21.70949191235086],[-43.346878441999934,-21.709540007350878],[-43.347147150999945,-21.709655590350835],[-43.347366278999971,-21.709775194350847],[-43.347488725999931,-21.709844156350858],[-43.347807135999972,-21.709892492350811],[-43.348027692999949,-21.709939851350825],[-43.348199235999964,-21.70994156135087],[-43.348346876999983,-21.709920452350822],[-43.348543699999937,-21.709877254350879],[-43.34881395799993,-21.709857366350811],[-43.349011384999983,-21.709814173350868],[-43.349332163999975,-21.709654789350836],[-43.349224324999966,-21.710310172350862],[-43.349218303999976,-21.710837996350811],[-43.349106374999963,-21.711364764350787],[-43.349096587999959,-21.712222477350782],[-43.349103183999937,-21.713707215350727],[-43.349064841999962,-21.715004545350705],[-43.349175087999981,-21.716688271350662],[-43.349532364999952,-21.717351686350668],[-43.349832188999983,-21.717893553350635],[-43.350464401999943,-21.71818578635067],[-43.351123414999968,-21.718192347350644],[-43.351487098999939,-21.718294945350653],[-43.352181415999951,-21.718301852350642],[-43.352758052999953,-21.71830758835063],[-43.353851611999971,-21.718395441350648],[-43.354360768999982,-21.718125559350671],[-43.354917120999971,-21.717845148350676],[-43.355472845999941,-21.71761971635064],[-43.355666135999975,-21.717181731350678],[-43.356000889999962,-21.716723154350685],[-43.356538444999956,-21.7160246423507],[-43.35634276299993,-21.715637784350708],[-43.356196153999981,-21.715075453350703],[-43.35610563399996,-21.714755624350722],[-43.356025167999981,-21.714418055350723],[-43.356221483999946,-21.71442000335075],[-43.356516257999935,-21.71442292835075],[-43.356664414999962,-21.714356656350713],[-43.356738878999977,-21.714289653350754],[-43.356813339999981,-21.714222650350724],[-43.356987339999932,-21.714061797350723],[-43.357186525999964,-21.713810871350759],[-43.357335194999955,-21.713699443350716],[-43.357634980999933,-21.713314031350777],[-43.357784468999967,-21.713130353350742],[-43.357883695999931,-21.713063595350743],[-43.358006828999969,-21.713019654350802],[-43.358130268999957,-21.712948619350783],[-43.358401646999937,-21.712883567350758],[-43.358573451999973,-21.712862689350771],[-43.358770021999923,-21.712842056350752],[-43.358893500999947,-21.712820698350775],[-43.359065560999966,-21.712777241350778],[-43.359286639999937,-21.712779431350747],[-43.35933556699996,-21.712779915350758],[-43.359385097999954,-21.712780405350799],[-43.359532136999981,-21.712759281350802],[-43.359679520999975,-21.712760739350788],[-43.359851417999948,-21.71278502335079],[-43.360170351999955,-21.712788178350792],[-43.360439844999974,-21.712836006350777],[-43.360685689999968,-21.712838440350794],[-43.360905908999939,-21.712863198350792],[-43.361052527999959,-21.71293239035079],[-43.361101199999958,-21.712955452350759],[-43.361221978999936,-21.713119226350749],[-43.361367319999943,-21.71330130735074],[-43.361487588999985,-21.713510237350775],[-43.36155858099994,-21.713696099350731],[-43.361606485999964,-21.713786895350733],[-43.361604694999983,-21.713944941350753],[-43.361528904999943,-21.714129351350728],[-43.361453420999958,-21.714286668350709],[-43.36137651599995,-21.714516228350753],[-43.361300213999982,-21.714745794350716],[-43.361174889999972,-21.714929715350735],[-43.361049965999939,-21.715131704350743],[-43.36097254699996,-21.715406419350725],[-43.360896498999971,-21.715613407350716],[-43.360894707999933,-21.71577145335069],[-43.360892261999936,-21.715934009350693],[-43.360988881999965,-21.716097544350717],[-43.361036530999968,-21.716210917350676],[-43.361206547999984,-21.716348083350695],[-43.361376257999943,-21.716512340350675],[-43.361424419999928,-21.716580557350706],[-43.361569456999973,-21.716789733350698],[-43.361593710999962,-21.716835134350656],[-43.361666034999985,-21.716903590350665],[-43.361834979999969,-21.717135581350682],[-43.362101874999944,-21.717413703350676],[-43.362247476999976,-21.717573205350643],[-43.362392167999985,-21.717759795350641],[-43.36260850999998,-21.718127738350645],[-43.362728783999955,-21.718336667350645],[-43.362850131999949,-21.718450769350643],[-43.362923315999979,-21.718496653350659],[-43.363117798999944,-21.718661155350613],[-43.362944105999929,-21.71879492135065],[-43.362819639999941,-21.718956271350624],[-43.362719643999981,-21.719090765350636],[-43.362594829999985,-21.719229531350592],[-43.36244590299998,-21.719363541350603],[-43.362320924999949,-21.719570046350594],[-43.362120366999932,-21.719888706350591],[-43.361871390999966,-21.720161726350597],[-43.361746062999934,-21.720345646350577],[-43.361597134999954,-21.720479656350577],[-43.361447899999973,-21.720640759350612],[-43.361249527999973,-21.72081944135056],[-43.361223737999978,-21.720909507350594],[-43.360852897999962,-21.721113579350568],[-43.360555753999961,-21.721318378350592],[-43.360281491999956,-21.72163630635059],[-43.359909368999979,-21.721953264350564],[-43.359659872999941,-21.722271436350557],[-43.359510120999971,-21.722477692350562],[-43.359384275999957,-21.722706766350559],[-43.35925924999998,-21.722863590350535],[-43.35896107599995,-21.723158699350524],[-43.358810808999976,-21.723410111350525],[-43.358684961999984,-21.723639184350535],[-43.358584444999963,-21.72381883135051],[-43.358434434999943,-21.724047666350533],[-43.358308585999957,-21.724276739350476],[-43.358258372999956,-21.724389143350475],[-43.358181198999944,-21.724641279350493],[-43.358179096999955,-21.724826418350478],[-43.358176533999931,-21.725052197350486],[-43.358197311999959,-21.725350465350477],[-43.358195979999941,-21.725467869350442],[-43.358413089999942,-21.725768083350491],[-43.358509414999958,-21.725904520350468],[-43.358606036999959,-21.72606805735046],[-43.358634498999947,-21.726221886350451],[-43.358529374999932,-21.72627503635043],[-43.358233550999948,-21.726362426350462],[-43.358011937999954,-21.72640539035045],[-43.35788828099993,-21.726494486350465],[-43.357665847999954,-21.72660969935048],[-43.357517934999976,-21.726653393350475],[-43.357321089999971,-21.726696601350437],[-43.357050545999982,-21.726739078350452],[-43.356878120999959,-21.726759947350423],[-43.356766966999949,-21.726758845350425],[-43.356585019999947,-21.726820264350447],[-43.35651850499994,-21.726878313350461],[-43.356501115999954,-21.726972979350457],[-43.356603374999963,-21.728979134350414],[-43.356384542999926,-21.728724062350402],[-43.356189144999973,-21.728586639350397],[-43.355945069999962,-21.728426153350426],[-43.355651254999948,-21.728283238350393],[-43.355259946999979,-21.728053548350434],[-43.35496617299998,-21.727960308350426],[-43.354598955999961,-21.727843758350385],[-43.354353600999957,-21.727796159350422],[-43.354059312999937,-21.727748074350423],[-43.353765282999973,-21.72767740935042],[-43.35347068699997,-21.727656417350449],[-43.353323029999956,-21.727677528350412],[-43.353100899999959,-21.727765642350398],[-43.352854810999929,-21.727835451350426],[-43.352633541999978,-21.727900991350399],[-43.352362684999946,-21.727970554350414],[-43.352067111999929,-21.728035354350428],[-43.351748056999952,-21.727987017350419],[-43.351527161999968,-21.727966754350405],[-43.351356111999962,-21.727919892350442],[-43.351135744999965,-21.727800280350397],[-43.350892194999972,-21.727594631350435],[-43.350747243999933,-21.727272547350456],[-43.350722675999975,-21.726883919350456],[-43.350691730999984,-21.72663071135046],[-43.350595876999932,-21.726453630350466],[-43.350450346999935,-21.726235408350462],[-43.350320404999941,-21.726080568350479],[-43.350184615999979,-21.725961797350465],[-43.350010834999971,-21.725783939350439],[-43.349912793999977,-21.725692641350467],[-43.349747455999925,-21.725569059350448],[-43.349674530999948,-21.725500591350464],[-43.34960139899993,-21.7254501863505],[-43.349382451999929,-21.725312522350482],[-43.349260248999933,-21.7252209833505],[-43.349188235999975,-21.725125427350484],[-43.349067668999957,-21.724943583350491],[-43.348995310999953,-21.724825443350504],[-43.348923158999973,-21.724689243350472],[-43.348900851999993,-21.724526441350495],[-43.348853466999969,-21.724390487350526],[-43.348855838999953,-21.724182772350488],[-43.348882669999966,-21.724002397350539],[-43.34890877699997,-21.723885238350526],[-43.348960373999944,-21.723705110350522],[-43.349010902999964,-21.723565616350527],[-43.349036442999939,-21.723498128350506],[-43.349111172999983,-21.723408552350527],[-43.349165449999937,-21.722993615350521],[-43.349216788999961,-21.722836065350535],[-43.349218385999961,-21.722696082350542],[-43.349146751999967,-21.722514725350528],[-43.34910208499997,-21.722193638350561],[-43.349055267999972,-21.722008013350578],[-43.349057896999966,-21.721777720350566],[-43.349035022999949,-21.721664589350532],[-43.348938414999964,-21.721501048350586],[-43.348841843999935,-21.72138718435059],[-43.348670544999948,-21.721362896350556],[-43.34830231799998,-21.721336644350572],[-43.348179691999974,-21.721335421350599],[-43.348057063999931,-21.721334198350579],[-43.347860394999941,-21.721309656350559],[-43.34781146499995,-21.721309168350558],[-43.347614882999949,-21.721329787350545],[-43.347393534999988,-21.721350159350539],[-43.347148022999932,-21.721370290350592],[-43.346852718999969,-21.721412504350543],[-43.346656137999965,-21.721433122350557],[-43.346483408999973,-21.721481075350589],[-43.34630995699996,-21.721592245350561],[-43.346210806999977,-21.721704157350572],[-43.346037043999956,-21.721842420350566],[-43.345937547999931,-21.721931747350574],[-43.345715422999952,-21.722019850350577],[-43.345469341999937,-21.722089650350583],[-43.345419808999964,-21.722089155350574],[-43.345027417999965,-21.722062655350534],[-43.344978487999981,-21.722062166350529],[-43.344659499999977,-21.722009301350553],[-43.344512709999954,-21.722007834350539],[-43.344291618999932,-21.722005624350551],[-43.344168077999939,-21.722031486350573],[-43.343947072999981,-21.722074437350525],[-43.343799420999972,-21.722095542350566],[-43.343603096999971,-21.722093577350535],[-43.343480640999985,-21.722024612350573],[-43.343433313999988,-21.721884141350557],[-43.343385936999944,-21.72174818535056],[-43.343363376999939,-21.721607961350557],[-43.343316774999948,-21.721404272350576],[-43.34324416499993,-21.721308709350577],[-43.34317236499993,-21.721195089350601],[-43.343026834999932,-21.721031056350565],[-43.342953654999981,-21.72098516335058],[-43.342930009999968,-21.720939766350575],[-43.342613958999948,-21.720683704350567],[-43.342516530999944,-21.720592408350591],[-43.342347355999948,-21.720382976350574],[-43.342177094999954,-21.72026837135061],[-43.342078890999971,-21.720244807350603],[-43.341761289999965,-21.720124210350569],[-43.341418870999973,-21.72000788235059],[-43.341394708999978,-21.720007640350584],[-43.341125467999966,-21.719937202350618],[-43.340904897999962,-21.71988983335061],[-43.340659647999985,-21.719887376350613],[-43.340462722999973,-21.71988540335062],[-43.340242239999952,-21.719883195350601],[-43.339898526999946,-21.719879750350604],[-43.339578977999963,-21.71987654835058],[-43.339431585999932,-21.719875070350582],[-43.339283934999969,-21.719896170350609],[-43.33906293299998,-21.719939115350613],[-43.338816560999938,-21.719981805350603],[-43.33854602599996,-21.720024252350616],[-43.338274918999957,-21.720116369350617],[-43.338250150999954,-21.720116121350625],[-43.33788063399993,-21.720202735350618],[-43.337633222999955,-21.720335734350574],[-43.337410266999932,-21.720496074350613],[-43.33713869099995,-21.72062883035057],[-43.336965181999965,-21.720744505350595],[-43.336817270999973,-21.72078818035056],[-43.336644416999945,-21.720899346350571],[-43.336519836999976,-21.721015513350551],[-43.336470387999952,-21.721060176350591],[-43.336371145999976,-21.721126921350567],[-43.33634828199996,-21.7210137893506],[-43.336325125999963,-21.720873559350604],[-43.336277754999962,-21.720737602350614],[-43.336230435999937,-21.720597129350573],[-43.33613569299996,-21.720325214350584],[-43.33608863499996,-21.720162164350629],[-43.335993684999949,-21.719908312350611],[-43.335826079999947,-21.719563408350588],[-43.335731911999972,-21.719241822350611],[-43.335710657999982,-21.71898870935064],[-43.335786431999963,-21.718808829350618],[-43.335861736999959,-21.718669587350636],[-43.33593868599997,-21.718440043350657],[-43.335965530999943,-21.718259669350633],[-43.33601658799995,-21.718075024350661],[-43.336044522999934,-21.717799826350667],[-43.336096965999957,-21.717547454350637],[-43.336097224999953,-21.717524876350666],[-43.336124640999962,-21.717294832350696],[-43.336176768999962,-21.717069553350687],[-43.336207695999974,-21.716586646350656],[-43.336184488999947,-21.716450931350657],[-43.33608902199996,-21.716242234350716],[-43.336016626999935,-21.716128606350718],[-43.335726714999964,-21.715755378350718],[-43.335605912999938,-21.715596102350698],[-43.335485161999941,-21.715432311350725],[-43.335364099999936,-21.715295613350715],[-43.335243348999938,-21.715131822350749],[-43.335390736999962,-21.715133302350718],[-43.335562888999959,-21.715135033350723],[-43.335587050999948,-21.715135275350715],[-43.335685509999969,-21.715136264350722],[-43.335881822999966,-21.715138236350729],[-43.33612766899995,-21.715140706350692],[-43.336421838999968,-21.715143659350733],[-43.336569224999948,-21.7151451403507],[-43.33679004499993,-21.715169936350691],[-43.337133745999949,-21.715173386350706],[-43.337158510999991,-21.715173635350737],[-43.337355084999956,-21.715153027350738],[-43.337576683999941,-21.715110090350692],[-43.33777325799997,-21.715089483350731],[-43.338069586999943,-21.714956974350724],[-43.338341201999981,-21.714819700350724],[-43.338563578999981,-21.714709029350718],[-43.338713089999942,-21.714525370350753],[-43.338937676999933,-21.714274722350748],[-43.339062630999926,-21.714072751350731],[-43.339087396999957,-21.714073000350762],[-43.339137671999936,-21.713956087350763],[-43.339338267999942,-21.713637457350739],[-43.339413515999972,-21.713502730350747],[-43.339564406999955,-21.713251342350777],[-43.339639964999947,-21.713089521350781],[-43.339814446999981,-21.712888047350781],[-43.340012882999986,-21.712704877350777],[-43.340237118999937,-21.712431643350769],[-43.340362723999931,-21.712225163350798],[-43.340512438999951,-21.712023439350784],[-43.340735636999966,-21.711840516350776],[-43.340959698999932,-21.711635020350794],[-43.340983858999948,-21.711635262350793],[-43.341233374999952,-21.711317120350831],[-43.341407593999975,-21.711138221350794],[-43.341556580999963,-21.710999714350812],[-43.341853726999943,-21.710794948350799],[-43.342150302999983,-21.710639855350816],[-43.342422767999949,-21.71048000135082],[-43.34257118599993,-21.710391165350842],[-43.342842478999948,-21.710280976350841],[-43.343040130999952,-21.71016553535086],[-43.34333618699997,-21.710055593350866],[-43.343582541999979,-21.710012895350857],[-43.343853367999941,-21.709943345350815],[-43.344148905999923,-21.709878558350827]]]},"properties":{"OBJECTID":8,"nro":12,"nome":"Bandeirantes","qtd_contrib_oficina_1_centro":null,"qtd_contrib_oficina_2_oeste":null,"qtd_contrib_oficina_3_leste":null,"qtd_contrib_oficina_4_nordeste":4,"qtd_contrib_oficina_5_vilas_nu":null,"qtd_contrib_oficina_6_n_co":null,"qtd_contrib_oficina_7_sudeste":null,"qtd_contrib_oficina_8_sul":null,"qtd_inscricoes_vaf":null,"observacao":"-","fonte":"PDDU","ano":"2000","vaf_2018":null,"vaf_2019":null,"vaf_2020":null,"vaf_2021":null,"vaf_2022":null,"bairro_dado_vinculado":"-","regiao_planejamento":"Nordeste","shape.STArea()":0.00025004411100436807,"shape.STLength()":0.094839292858957078}},{"type":"Feature","id":9,"geometry":{"type":"Polygon","coordinates":[[[-43.440133166999942,-21.693050431351249],[-43.440383199999985,-21.692821589351233],[-43.440550718999923,-21.692591970351256],[-43.440758664999976,-21.692439797351263],[-43.440926183999977,-21.692210178351285],[-43.441092457999957,-21.6920961453513],[-43.441384159999984,-21.691829161351301],[-43.441592933999971,-21.691599928351277],[-43.441926720999959,-21.691256274351279],[-43.442218005999962,-21.691027816351298],[-43.442423049999945,-21.691145339351273],[-43.442832719999956,-21.691418914351264],[-43.443159463999962,-21.691730240351276],[-43.443608739999945,-21.692158313351289],[-43.444018416999938,-21.692431884351269],[-43.444263063999983,-21.692703906351252],[-43.44454814299997,-21.693053371351237],[-43.445039097999938,-21.693443299351234],[-43.445573380999974,-21.693640971351243],[-43.445859705999965,-21.6938748493512],[-43.446309409999969,-21.694264387351222],[-43.44671950999998,-21.694499423351214],[-43.447046682999932,-21.69477221535119],[-43.447289687999948,-21.695198346351212],[-43.447617276999949,-21.695432609351197],[-43.448025731999962,-21.695821755351155],[-43.448517117999984,-21.696173146351182],[-43.448802627999946,-21.696484077351172],[-43.448924751999982,-21.696639348351159],[-43.449086074999961,-21.69698764935119],[-43.449165289999939,-21.697296649351127],[-43.449369108999967,-21.697529751351155],[-43.449739614999935,-21.697610280351167],[-43.449944261999974,-21.697766323351107],[-43.450356026999941,-21.697847237351141],[-43.451234715999931,-21.697812379351138],[-43.451965321999978,-21.700723150351084],[-43.451890616999947,-21.700817294351079],[-43.451717384999938,-21.700973745351032],[-43.451466381999978,-21.701454639351034],[-43.451441496999962,-21.701522150351035],[-43.451217719999939,-21.701772969351065],[-43.450820103999938,-21.702180233351044],[-43.450545706999954,-21.702588646351039],[-43.45022281699994,-21.702955958351005],[-43.449948659999961,-21.703341792350979],[-43.449748796999984,-21.703615414350971],[-43.449597615999949,-21.704024979350958],[-43.449445829999945,-21.704434537350945],[-43.449416613999972,-21.704849758350971],[-43.449389018999966,-21.705170152350991],[-43.449387325999965,-21.705328206350973],[-43.449358641999943,-21.705693752350925],[-43.44942817499998,-21.706082800350959],[-43.44954646399998,-21.706544563350924],[-43.449737407999976,-21.707047653350909],[-43.449881360999946,-21.707369652350895],[-43.449999168999966,-21.707876573350887],[-43.449995008999963,-21.708264931350893],[-43.449891180999941,-21.70876526335088],[-43.44969215499998,-21.709016311350872],[-43.449468846999935,-21.709221969350843],[-43.449146955999936,-21.709494447350828],[-43.448923886999978,-21.709677525350848],[-43.448750521999955,-21.709788807350819],[-43.448651938999944,-21.709855629350827],[-43.448289566999961,-21.709283190350842],[-43.448116927999941,-21.709326736350874],[-43.447771526999929,-21.709481569350881],[-43.447623652999937,-21.709525347350837],[-43.447500377999965,-21.709528707350827],[-43.44732858499998,-21.709549680350843],[-43.44715642999995,-21.709548067350841],[-43.446960354999923,-21.709523648350842],[-43.446739998999931,-21.709453839350886],[-43.446447450999983,-21.709243351350832],[-43.446227821999962,-21.709105804350887],[-43.446106945999922,-21.70894208635087],[-43.445961496999985,-21.708760073350856],[-43.445816824999952,-21.70850580735085],[-43.445671910999977,-21.708274120350858],[-43.445476688999975,-21.708114221350876],[-43.445281343999966,-21.708022064350899],[-43.445086046999954,-21.707925390350884],[-43.444963550999944,-21.707856497350889],[-43.444841900999961,-21.707765031350885],[-43.444695483999965,-21.707673333350883],[-43.444573347999942,-21.707627024350906],[-43.444475907999959,-21.707531269350902],[-43.444354015999977,-21.707462381350908],[-43.444108897999968,-21.707392337350928],[-43.443962481999961,-21.707300637350894],[-43.443913797999983,-21.707277598350903],[-43.44376767399995,-21.707158804350904],[-43.443646024999964,-21.707067339350942],[-43.443548050999937,-21.707021256350906],[-43.443426401999943,-21.706929789350919],[-43.443353194999929,-21.706883938350927],[-43.443279987999972,-21.706838089350924],[-43.44320653799997,-21.70681481735091],[-43.443060170999956,-21.706718602350925],[-43.442963170999974,-21.706582203350944],[-43.442915214999978,-21.706491429350937],[-43.442842785999964,-21.706373325350928],[-43.442794710999976,-21.706237388350942],[-43.442746999999933,-21.706124033350946],[-43.44272325399993,-21.706028969350964],[-43.442675541999961,-21.705915615350953],[-43.442676270999982,-21.705847878350959],[-43.442627759999937,-21.705752582350918],[-43.442628002999982,-21.705730003350958],[-43.442603840999929,-21.705729776350918],[-43.442480860999979,-21.705706040350915],[-43.442260756999978,-21.705613647350937],[-43.442138622999948,-21.705567336350931],[-43.441943283999933,-21.705475175350934],[-43.44182139399993,-21.705406286350968],[-43.441675273999977,-21.705287490350976],[-43.441552780999977,-21.705218595350949],[-43.441357927999952,-21.705081276350981],[-43.441284966999945,-21.705012846350989],[-43.441236573999959,-21.704962712350941],[-43.441187529999979,-21.704917088350939],[-43.441163611999961,-21.704894282350942],[-43.441139332999967,-21.70484889235097],[-43.441066612999983,-21.704757883350965],[-43.441018415999963,-21.704689687350982],[-43.440984608999933,-21.704602058350989],[-43.440946718999953,-21.70450384735096],[-43.440874486999974,-21.704367680350973],[-43.440826949999973,-21.704182068350978],[-43.440828652999983,-21.704024016350964],[-43.440830403999939,-21.70386144935101],[-43.440831863999961,-21.703725976351016],[-43.440882296999966,-21.703586447350997],[-43.440907547999984,-21.703541522350999],[-43.440908520999983,-21.703451206350991],[-43.440934502999937,-21.703338545350988],[-43.440887209999971,-21.703130353350989],[-43.440888424999969,-21.703017459350995],[-43.440914697999965,-21.702877703351],[-43.44089212199998,-21.702674261351017],[-43.440820911999943,-21.702443263351018],[-43.440700288999956,-21.702256963351026],[-43.440554854999959,-21.702074946351054],[-43.440483644999972,-21.701843947351062],[-43.44048552199996,-21.701613638351038],[-43.440512231999939,-21.701433239351061],[-43.440612923999936,-21.701226440351061],[-43.440688073999979,-21.701091660351068],[-43.440787917999955,-21.70090743435108],[-43.440813897999938,-21.700794773351081],[-43.440839030999939,-21.700704684351063],[-43.440595066999947,-21.700584967351038],[-43.440302009999975,-21.700424143351064],[-43.439960078999945,-21.700258341351049],[-43.439617251999948,-21.700119628351089],[-43.439152414999967,-21.699979764351099],[-43.438834403999977,-21.699836767351087],[-43.438809882999983,-21.69981395535109],[-43.438516099999951,-21.699720863351107],[-43.438223164999954,-21.699605198351094],[-43.437953787999959,-21.699489755351074],[-43.437806896999973,-21.699443208351124],[-43.437489490999944,-21.69930021435108],[-43.437269155999957,-21.699230393351122],[-43.437122509999945,-21.699161267351098],[-43.437049062999961,-21.699137994351094],[-43.437100717999947,-21.698885572351081],[-43.437151347999936,-21.698727982351127],[-43.437202514999967,-21.698520717351094],[-43.437254284999938,-21.69831345935112],[-43.43727917599994,-21.698245951351144],[-43.437231469999972,-21.698132594351119],[-43.437134528999941,-21.697991679351148],[-43.437439472999976,-21.697957195351126],[-43.437728284999942,-21.697959917351163],[-43.438184211999953,-21.697771552351117],[-43.438392582999938,-21.697580853351148],[-43.43847883899997,-21.69723487635116],[-43.438524253999951,-21.696849980351153],[-43.438487149999958,-21.696464309351153],[-43.438490887999926,-21.696117554351162],[-43.438577142999975,-21.695771576351184],[-43.438580881999947,-21.695424820351185],[-43.438625462999937,-21.695116982351177],[-43.438669629999936,-21.694847673351212],[-43.438755052999966,-21.694578752351223],[-43.438883809999929,-21.694117577351239],[-43.439053825999963,-21.693656790351241],[-43.439263850999964,-21.693311976351236],[-43.439471798999932,-21.693159805351282],[-43.439636828999937,-21.693161357351226],[-43.439884375999952,-21.693163687351262],[-43.440133166999942,-21.693050431351249]]]},"properties":{"OBJECTID":9,"nro":25,"nome":"Nova Benfica","qtd_contrib_oficina_1_centro":null,"qtd_contrib_oficina_2_oeste":null,"qtd_contrib_oficina_3_leste":null,"qtd_contrib_oficina_4_nordeste":null,"qtd_contrib_oficina_5_vilas_nu":1,"qtd_contrib_oficina_6_n_co":null,"qtd_contrib_oficina_7_sudeste":null,"qtd_contrib_oficina_8_sul":null,"qtd_inscricoes_vaf":null,"observacao":"-","fonte":"PDDU","ano":"2000","vaf_2018":null,"vaf_2019":null,"vaf_2020":null,"vaf_2021":null,"vaf_2022":null,"bairro_dado_vinculado":"-","regiao_planejamento":"Norte","shape.STArea()":0.00015188649393600354,"shape.STLength()":0.054696817529117633}},{"type":"Feature","id":10,"geometry":{"type":"Polygon","coordinates":[[[-43.427645525999935,-21.69630321635119],[-43.427917765999958,-21.696098051351193],[-43.428264784999953,-21.695848434351188],[-43.428561786999985,-21.695643503351203],[-43.428785295999944,-21.695419810351215],[-43.429132557999942,-21.69514761135121],[-43.429355381999983,-21.694987140351206],[-43.429504222999981,-21.694853062351221],[-43.429677387999966,-21.694759862351198],[-43.430339520999944,-21.694973877351167],[-43.430511642999932,-21.6950884123512],[-43.430617813999959,-21.69515716035119],[-43.430729274999976,-21.695239508351218],[-43.430875669999978,-21.695331218351203],[-43.431046467999977,-21.695400577351204],[-43.431144184999937,-21.695469245351187],[-43.431216844999931,-21.695564773351165],[-43.431337252999981,-21.695769142351185],[-43.431458461999974,-21.695955453351164],[-43.43153068099997,-21.696091624351173],[-43.431651774999978,-21.696232772351184],[-43.431798171999965,-21.69632448135118],[-43.431993492999936,-21.696416653351172],[-43.432165141999981,-21.696463438351167],[-43.432238828999971,-21.696464135351189],[-43.432312515999968,-21.696464832351143],[-43.432386447999932,-21.696442950351148],[-43.432655699999941,-21.696513238351162],[-43.432899033999945,-21.696745865351168],[-43.432923062999976,-21.696813836351183],[-43.432971498999962,-21.696859457351156],[-43.433019444999957,-21.696950234351171],[-43.433043671999954,-21.697000141351168],[-43.433117358999937,-21.697000838351144],[-43.433166282999935,-21.697001300351143],[-43.433265271999971,-21.696952556351174],[-43.433362630999966,-21.696998640351129],[-43.433387393999965,-21.69699887335118],[-43.433485064999957,-21.697072055351157],[-43.433631462999983,-21.69716376335117],[-43.433802508999975,-21.697210541351129],[-43.433875709999938,-21.697256395351122],[-43.433998435999968,-21.697302717351132],[-43.434145078999954,-21.697371845351135],[-43.434291965999932,-21.697418394351125],[-43.434414040999968,-21.697469225351142],[-43.434486752999923,-21.697560236351126],[-43.43455946399996,-21.697651248351114],[-43.434705619999932,-21.697765534351149],[-43.434827206999955,-21.697861521351161],[-43.43490040599994,-21.697907375351107],[-43.435072057999946,-21.697954158351124],[-43.435244197999964,-21.697955783351098],[-43.435416466999982,-21.697889665351159],[-43.435589143999941,-21.697841617351106],[-43.435711756999979,-21.697842773351155],[-43.435907568999937,-21.697889783351165],[-43.436005240999975,-21.697962964351099],[-43.43610296099996,-21.698031628351124],[-43.436200077999956,-21.698100289351135],[-43.436323294999966,-21.698101451351121],[-43.43651983899997,-21.69808072335114],[-43.436691862999965,-21.698037183351104],[-43.436864540999977,-21.697989133351125],[-43.437036680999938,-21.697990756351135],[-43.437134528999941,-21.697991679351148],[-43.437231469999972,-21.698132594351119],[-43.43727917599994,-21.698245951351144],[-43.437254284999938,-21.69831345935112],[-43.437202514999967,-21.698520717351094],[-43.437151347999936,-21.698727982351127],[-43.437100717999947,-21.698885572351081],[-43.437049062999961,-21.699137994351094],[-43.437122509999945,-21.699161267351098],[-43.437269155999957,-21.699230393351122],[-43.437489490999944,-21.69930021435108],[-43.437806896999973,-21.699443208351124],[-43.437953787999959,-21.699489755351074],[-43.438223164999954,-21.699605198351094],[-43.438516099999951,-21.699720863351107],[-43.438809882999983,-21.69981395535109],[-43.438834403999977,-21.699836767351087],[-43.439152414999967,-21.699979764351099],[-43.439617251999948,-21.700119628351089],[-43.439960078999945,-21.700258341351049],[-43.440302009999975,-21.700424143351064],[-43.440595066999947,-21.700584967351038],[-43.440839030999939,-21.700704684351063],[-43.440813897999938,-21.700794773351081],[-43.440787917999955,-21.70090743435108],[-43.440688073999979,-21.701091660351068],[-43.440612923999936,-21.701226440351061],[-43.440512231999939,-21.701433239351061],[-43.44048552199996,-21.701613638351038],[-43.440483644999972,-21.701843947351062],[-43.440554854999959,-21.702074946351054],[-43.440700288999956,-21.702256963351026],[-43.440820911999943,-21.702443263351018],[-43.44089212199998,-21.702674261351017],[-43.440914697999965,-21.702877703351],[-43.440888424999969,-21.703017459350995],[-43.440887209999971,-21.703130353350989],[-43.440934502999937,-21.703338545350988],[-43.440908520999983,-21.703451206350991],[-43.440907547999984,-21.703541522350999],[-43.440882296999966,-21.703586447350997],[-43.440831863999961,-21.703725976351016],[-43.440830403999939,-21.70386144935101],[-43.440828652999983,-21.704024016350964],[-43.440826949999973,-21.704182068350978],[-43.440874486999974,-21.704367680350973],[-43.440946718999953,-21.70450384735096],[-43.440984608999933,-21.704602058350989],[-43.440245557999958,-21.704846116350943],[-43.439794835999983,-21.705171812350937],[-43.439414598999974,-21.705509168350986],[-43.439231444999962,-21.706123328350955],[-43.438537154999942,-21.706116788350947],[-43.437602528999946,-21.706569893350903],[-43.437212177999982,-21.706753177350894],[-43.436633900999929,-21.706901694350901],[-43.436243427999948,-21.707095973350938],[-43.435500281999964,-21.707253927350887],[-43.434970735999968,-21.707248929350879],[-43.434592265999989,-21.707421322350893],[-43.434119891999956,-21.707570829350889],[-43.43371848299995,-21.707688013350868],[-43.433315998999944,-21.707904166350922],[-43.433053774999955,-21.708209629350876],[-43.432332020999979,-21.708442023350891],[-43.432236415999967,-21.70823337335089],[-43.432164434999947,-21.708074625350857],[-43.432092257999955,-21.707933939350916],[-43.432043949999979,-21.70782057735088],[-43.43202076599993,-21.707730033350902],[-43.43197348599994,-21.707521840350907],[-43.431902777999937,-21.707245682350891],[-43.431881730999976,-21.706902251350922],[-43.431810484999971,-21.706675765350887],[-43.431691093999966,-21.706376566350919],[-43.431620141999986,-21.706122987350934],[-43.431620386999946,-21.706100408350903],[-43.431574444999967,-21.70582448435092],[-43.431528387999947,-21.705503397350956],[-43.431457681999966,-21.705227239350936],[-43.431361427999946,-21.705023098350964],[-43.431266314999959,-21.704769290350956],[-43.431146078999973,-21.704492663350948],[-43.431025711999951,-21.704283778350998],[-43.430904809999959,-21.704124565350984],[-43.430784083999981,-21.703893096350971],[-43.430663425999967,-21.703711305350986],[-43.430566487999954,-21.703570384351014],[-43.430518051999968,-21.703524763350998],[-43.430421064999962,-21.703388359351013],[-43.43029728799997,-21.703215571351016],[-43.429909229999957,-21.702791888351019],[-43.429342400999985,-21.702253605351011],[-43.428369303999943,-21.701467593351044],[-43.428083280999942,-21.700991933351048],[-43.427701771999978,-21.700361435351105],[-43.427374444999948,-21.700160367351074],[-43.42710726699994,-21.699838894351089],[-43.426722179999949,-21.699538296351076],[-43.426302273999966,-21.699193375351118],[-43.426037011999945,-21.69869595335112],[-43.425487315999931,-21.698382792351122],[-43.425317271999972,-21.69778905835113],[-43.425518082999986,-21.697633373351152],[-43.425790636999977,-21.697455312351174],[-43.426037871999938,-21.697272496351168],[-43.426062634999937,-21.697272731351113],[-43.426583206999965,-21.696839599351179],[-43.426805495999986,-21.696728803351185],[-43.427101715999981,-21.696596127351153],[-43.427397984999963,-21.696458936351139],[-43.427645525999935,-21.69630321635119]]]},"properties":{"OBJECTID":10,"nro":26,"nome":"São Judas Tadeu","qtd_contrib_oficina_1_centro":null,"qtd_contrib_oficina_2_oeste":null,"qtd_contrib_oficina_3_leste":null,"qtd_contrib_oficina_4_nordeste":null,"qtd_contrib_oficina_5_vilas_nu":10,"qtd_contrib_oficina_6_n_co":null,"qtd_contrib_oficina_7_sudeste":null,"qtd_contrib_oficina_8_sul":null,"qtd_inscricoes_vaf":null,"observacao":"-","fonte":"PDDU","ano":"2000","vaf_2018":null,"vaf_2019":null,"vaf_2020":null,"vaf_2021":null,"vaf_2022":null,"bairro_dado_vinculado":"-","regiao_planejamento":"Norte","shape.STArea()":0.00011159018847794502,"shape.STLength()":0.046740401036914646}},{"type":"Feature","id":11,"geometry":{"type":"Polygon","coordinates":[[[-43.42892560699994,-21.708373636350888],[-43.429027301999952,-21.70807653035089],[-43.429204696999932,-21.707594977350926],[-43.429332381999991,-21.7071852123509],[-43.429410451999964,-21.70683820335092],[-43.429486593999968,-21.706613115350937],[-43.429539358999932,-21.7063155453509],[-43.429541612999969,-21.706107821350969],[-43.429520439999976,-21.705832131350938],[-43.429523184999937,-21.705579249350958],[-43.429478340999935,-21.705258174350988],[-43.429408373999927,-21.704914279350977],[-43.429313998999937,-21.704592733350978],[-43.429242136999967,-21.704479146350998],[-43.42909852899993,-21.704130038350968],[-43.428929925999967,-21.703857467351],[-43.428809922999967,-21.703671165350976],[-43.428688776999941,-21.703534530350993],[-43.428447562999963,-21.703161914351004],[-43.428350087999945,-21.703070665351028],[-43.428180311999938,-21.702906472350978],[-43.428009996999947,-21.702791952351028],[-43.427766725999959,-21.702608996351032],[-43.427620375999936,-21.702512767351024],[-43.427498986999979,-21.702398710351009],[-43.427328720999981,-21.702279674351026],[-43.426964603999977,-21.701932987351039],[-43.426503259999954,-21.701472471351067],[-43.425870922999941,-21.700960652351085],[-43.42560526699998,-21.700614898351073],[-43.425460391999934,-21.700383196351066],[-43.425363770999979,-21.700269372351073],[-43.425217619999955,-21.700155079351063],[-43.424974161999955,-21.69999018235108],[-43.424808879999937,-21.699857643351088],[-43.42466887099993,-21.699734375351117],[-43.424498757999963,-21.699601788351067],[-43.424333182999931,-21.699496341351125],[-43.424172994999935,-21.699395462351113],[-43.424112383999955,-21.699358757351099],[-43.423658818999968,-21.699128634351119],[-43.423981825999931,-21.698811054351115],[-43.424205102999963,-21.69860994735112],[-43.424452699999961,-21.698449717351107],[-43.424626362999959,-21.698311365351088],[-43.42489831599994,-21.698133301351145],[-43.425195817999963,-21.697883220351109],[-43.425317271999972,-21.69778905835113],[-43.425487315999931,-21.698382792351122],[-43.426037011999945,-21.69869595335112],[-43.426302273999966,-21.699193375351118],[-43.426722179999949,-21.699538296351076],[-43.42710726699994,-21.699838894351089],[-43.427374444999948,-21.700160367351074],[-43.427701771999978,-21.700361435351105],[-43.428083280999942,-21.700991933351048],[-43.428369303999943,-21.701467593351044],[-43.429342400999985,-21.702253605351011],[-43.429909229999957,-21.702791888351019],[-43.43029728799997,-21.703215571351016],[-43.430421064999962,-21.703388359351013],[-43.430518051999968,-21.703524763350998],[-43.430566487999954,-21.703570384351014],[-43.430663425999967,-21.703711305350986],[-43.430784083999981,-21.703893096350971],[-43.430904809999959,-21.704124565350984],[-43.431025711999951,-21.704283778350998],[-43.431146078999973,-21.704492663350948],[-43.431266314999959,-21.704769290350956],[-43.431361427999946,-21.705023098350964],[-43.431457681999966,-21.705227239350936],[-43.431528387999947,-21.705503397350956],[-43.431574444999967,-21.70582448435092],[-43.431620386999946,-21.706100408350903],[-43.431620141999986,-21.706122987350934],[-43.431691093999966,-21.706376566350919],[-43.431810484999971,-21.706675765350887],[-43.431881730999976,-21.706902251350922],[-43.431902777999937,-21.707245682350891],[-43.43197348599994,-21.707521840350907],[-43.43202076599993,-21.707730033350902],[-43.432043949999979,-21.70782057735088],[-43.432092257999955,-21.707933939350916],[-43.432164434999947,-21.708074625350857],[-43.432236415999967,-21.70823337335089],[-43.432332020999979,-21.708442023350891],[-43.433053774999955,-21.708209629350876],[-43.433315998999944,-21.707904166350922],[-43.43371848299995,-21.707688013350868],[-43.434119891999956,-21.707570829350889],[-43.434592265999989,-21.707421322350893],[-43.434970735999968,-21.707248929350879],[-43.435500281999964,-21.707253927350887],[-43.436243427999948,-21.707095973350938],[-43.436633900999929,-21.706901694350901],[-43.437212177999982,-21.706753177350894],[-43.437602528999946,-21.706569893350903],[-43.438537154999942,-21.706116788350947],[-43.439231444999962,-21.706123328350955],[-43.439414598999974,-21.705509168350986],[-43.439794835999983,-21.705171812350937],[-43.440245557999958,-21.704846116350943],[-43.440984608999933,-21.704602058350989],[-43.441018415999963,-21.704689687350982],[-43.441066612999983,-21.704757883350965],[-43.441139332999967,-21.70484889235097],[-43.441163611999961,-21.704894282350942],[-43.441187529999979,-21.704917088350939],[-43.441236573999959,-21.704962712350941],[-43.441284966999945,-21.705012846350989],[-43.441357927999952,-21.705081276350981],[-43.441552780999977,-21.705218595350949],[-43.441675273999977,-21.705287490350976],[-43.44182139399993,-21.705406286350968],[-43.441943283999933,-21.705475175350934],[-43.442138622999948,-21.705567336350931],[-43.442260756999978,-21.705613647350937],[-43.442480860999979,-21.705706040350915],[-43.442603840999929,-21.705729776350918],[-43.442628002999982,-21.705730003350958],[-43.442627759999937,-21.705752582350918],[-43.442676270999982,-21.705847878350959],[-43.442675541999961,-21.705915615350953],[-43.44272325399993,-21.706028969350964],[-43.442746999999933,-21.706124033350946],[-43.442794710999976,-21.706237388350942],[-43.442842785999964,-21.706373325350928],[-43.442915214999978,-21.706491429350937],[-43.442963170999974,-21.706582203350944],[-43.443060170999956,-21.706718602350925],[-43.44320653799997,-21.70681481735091],[-43.443279987999972,-21.706838089350924],[-43.443353194999929,-21.706883938350927],[-43.443426401999943,-21.706929789350919],[-43.443548050999937,-21.707021256350906],[-43.443646024999964,-21.707067339350942],[-43.44376767399995,-21.707158804350904],[-43.443913797999983,-21.707277598350903],[-43.443962481999961,-21.707300637350894],[-43.444108897999968,-21.707392337350928],[-43.444354015999977,-21.707462381350908],[-43.444475907999959,-21.707531269350902],[-43.444573347999942,-21.707627024350906],[-43.444695483999965,-21.707673333350883],[-43.444841900999961,-21.707765031350885],[-43.444963550999944,-21.707856497350889],[-43.445086046999954,-21.707925390350884],[-43.445281343999966,-21.708022064350899],[-43.445476688999975,-21.708114221350876],[-43.445671910999977,-21.708274120350858],[-43.445816824999952,-21.70850580735085],[-43.445961496999985,-21.708760073350856],[-43.446106945999922,-21.70894208635087],[-43.446227821999962,-21.709105804350887],[-43.446447450999983,-21.709243351350832],[-43.446739998999931,-21.709453839350886],[-43.446960354999923,-21.709523648350842],[-43.44715642999995,-21.709548067350841],[-43.44732858499998,-21.709549680350843],[-43.447500377999965,-21.709528707350827],[-43.447623652999937,-21.709525347350837],[-43.447771526999929,-21.709481569350881],[-43.448116927999941,-21.709326736350874],[-43.448289566999961,-21.709283190350842],[-43.448651938999944,-21.709855629350827],[-43.448552509999949,-21.709945023350869],[-43.448452305999979,-21.710106670350825],[-43.448302566999992,-21.710380758350844],[-43.448005316999968,-21.710608303350821],[-43.447831464999972,-21.710764742350833],[-43.447558494999953,-21.711037675350799],[-43.447481359999991,-21.711357606350823],[-43.447306973999957,-21.71156371935081],[-43.446811217999944,-21.711992631350821],[-43.44653528799995,-21.71254102535077],[-43.446260323999979,-21.712999103350768],[-43.445911711999948,-21.713451973350757],[-43.445462642999985,-21.714089066350756],[-43.445016359999954,-21.714522952350748],[-43.444765112999967,-21.715021896350702],[-43.444515924999962,-21.715385372350706],[-43.444340315999966,-21.715704374350722],[-43.444017913999964,-21.716022000350691],[-43.443893052999954,-21.716228573350687],[-43.44384128299999,-21.716435833350712],[-43.443816390999984,-21.716503343350663],[-43.443765155999984,-21.716660930350706],[-43.443713990999989,-21.716868195350667],[-43.443588640999955,-21.717119926350655],[-43.443413998999972,-21.717348613350655],[-43.443264171999935,-21.717573017350642],[-43.443140036999978,-21.717711854350647],[-43.443138335999947,-21.717869905350675],[-43.443161109999942,-21.718055284350633],[-43.443183156999964,-21.718308401350626],[-43.443179219999934,-21.718674178350618],[-43.443102797999984,-21.718926368350637],[-43.443077786999936,-21.71894871535061],[-43.442976473999977,-21.719268415350633],[-43.442873582999937,-21.719678423350594],[-43.442748714999929,-21.71988499735059],[-43.442573581999966,-21.720158839350599],[-43.442374575999956,-21.720405361350583],[-43.442150751999975,-21.720656164350611],[-43.441976950999958,-21.720862276350616],[-43.441851837999927,-21.721091426350601],[-43.441701760999933,-21.721338407350562],[-43.441676749999942,-21.721360752350563],[-43.441601540999955,-21.721500048350538],[-43.441476913999956,-21.721684041350549],[-43.441326834999991,-21.721931020350524],[-43.441128019999944,-21.722159477350576],[-43.440978378999951,-21.722365815350571],[-43.440854041999955,-21.722522713350568],[-43.44082878699993,-21.722567636350526],[-43.440779317999954,-21.722616849350537],[-43.440681384999948,-21.722566248350532],[-43.44048578099995,-21.722496664350526],[-43.440190977999976,-21.722493888350556],[-43.439895882999963,-21.722518206350536],[-43.439624872999964,-21.722605978350561],[-43.439426472999969,-21.722739595350525],[-43.439228870999955,-21.722855155350558],[-43.43917969599994,-21.722877273350505],[-43.439080737999973,-21.722921503350516],[-43.438981410999929,-21.723056053350565],[-43.438758308999979,-21.723239115350516],[-43.438633851999953,-21.72335084735051],[-43.438509706999973,-21.7234896803505],[-43.438434542999971,-21.723624458350507],[-43.438384341999949,-21.723741406350538],[-43.438334188999931,-21.723853838350511],[-43.438333700999976,-21.723898996350488],[-43.438283432999974,-21.723966266350534],[-43.438258731999952,-21.724015710350475],[-43.438233719999978,-21.724038055350473],[-43.438086802999969,-21.723991508350526],[-43.437964657999949,-21.723945194350495],[-43.437793265999971,-21.723871318350515],[-43.437623162999955,-21.723734227350505],[-43.437403522999944,-21.72359666935051],[-43.437207852999961,-21.723477401350529],[-43.436987724999938,-21.723384999350518],[-43.436841054999945,-21.723315872350508],[-43.436718908999978,-21.723269557350545],[-43.436597006999932,-21.723200664350554],[-43.436572238999936,-21.72320043035052],[-43.436696630999961,-21.723039020350548],[-43.436821509999966,-21.722832454350527],[-43.436972083999933,-21.722540320350529],[-43.437196161999964,-21.722266946350572],[-43.437321528999981,-21.722015221350578],[-43.437472880999962,-21.721650834350541],[-43.437523684999974,-21.721533892350571],[-43.437525149999942,-21.721398420350567],[-43.437625501999946,-21.721169040350546],[-43.437653975999986,-21.720826075350612],[-43.437656708999953,-21.720573193350578],[-43.437635160999946,-21.72027491935059],[-43.437566630999981,-21.719795555350611],[-43.437495175999977,-21.719587135350633],[-43.437398904999952,-21.719382996350628],[-43.437253017999979,-21.719241618350605],[-43.437033140999972,-21.719126638350641],[-43.436762624999972,-21.719169248350621],[-43.436196043999985,-21.719326484350614],[-43.435998620999953,-21.71936978335065],[-43.43567941699996,-21.719389350350625],[-43.435409144999937,-21.719409379350608],[-43.435236979999956,-21.719407751350598],[-43.434968414999958,-21.719269728350625],[-43.434797472999946,-21.719155208350628],[-43.434677876999963,-21.71904117335065],[-43.434383027999957,-21.718875803350613],[-43.434212083999967,-21.718761282350616],[-43.434016489999983,-21.718691690350624],[-43.433598705999941,-21.718665159350621],[-43.43327925899996,-21.71870730035063],[-43.433105870999952,-21.718818565350663],[-43.433007225999972,-21.718889892350656],[-43.432882768999953,-21.719001620350632],[-43.432710228999952,-21.719090312350655],[-43.432462847999943,-21.719227973350645],[-43.432265784999977,-21.719293851350635],[-43.432044442999938,-21.7193143383506],[-43.43189704599996,-21.719312943350634],[-43.431578575999936,-21.719264766350641],[-43.431358213999943,-21.719194936350604],[-43.431162995999962,-21.719035021350628],[-43.430942682999955,-21.718960675350605],[-43.430698648999964,-21.718845457350657],[-43.430380065999941,-21.718752115350643],[-43.430257682999979,-21.718728375350619],[-43.430141745999947,-21.718722761350641],[-43.429422955999939,-21.718097227350665],[-43.429573946999938,-21.717823170350663],[-43.429625377999962,-21.717593330350635],[-43.429701934999962,-21.717386311350687],[-43.429802850999977,-21.717161458350677],[-43.429779603999975,-21.71702123535065],[-43.429758675999949,-21.716722967350673],[-43.429543921999937,-21.716192535350679],[-43.429422765999966,-21.716055901350682],[-43.42927945699995,-21.715733891350691],[-43.429061225999931,-21.715524078350732],[-43.428841606999981,-21.715386508350676],[-43.428743632999954,-21.715340417350745],[-43.428574332999979,-21.715131065350725],[-43.428331581999942,-21.714898437350751],[-43.428089321999956,-21.714620650350739],[-43.427822607999992,-21.714369728350718],[-43.42762952399994,-21.714069827350723],[-43.427509647999948,-21.713815781350782],[-43.427390619999983,-21.713539163350749],[-43.427296492999965,-21.713195039350776],[-43.427226527999949,-21.712851143350779],[-43.427204623999955,-21.71264319035075],[-43.427207976999966,-21.712390314350763],[-43.427236473999983,-21.712047354350819],[-43.42728924599993,-21.711749785350772],[-43.427366178999932,-21.711452446350791],[-43.427493626999933,-21.711065261350839],[-43.427493872999946,-21.711042683350804],[-43.427644794999935,-21.710718948350831],[-43.427746802999934,-21.710448944350819],[-43.428020591999939,-21.710103794350839],[-43.428196226999944,-21.709784809350872],[-43.428422376999954,-21.709375979350856],[-43.428548347999936,-21.709124265350859],[-43.428750218999937,-21.708670043350896],[-43.42892560699994,-21.708373636350888]]]},"properties":{"OBJECTID":11,"nro":27,"nome":"Santa Cruz","qtd_contrib_oficina_1_centro":null,"qtd_contrib_oficina_2_oeste":null,"qtd_contrib_oficina_3_leste":null,"qtd_contrib_oficina_4_nordeste":null,"qtd_contrib_oficina_5_vilas_nu":7,"qtd_contrib_oficina_6_n_co":null,"qtd_contrib_oficina_7_sudeste":null,"qtd_contrib_oficina_8_sul":null,"qtd_inscricoes_vaf":148,"observacao":"-","fonte":"PDDU","ano":"2000","vaf_2018":-22273259,"vaf_2019":-39694282,"vaf_2020":11748683,"vaf_2021":36851398,"vaf_2022":44181884,"bairro_dado_vinculado":"-","regiao_planejamento":"Norte","shape.STArea()":0.00024551487732822754,"shape.STLength()":0.09191587948110426}},{"type":"Feature","id":12,"geometry":{"type":"Polygon","coordinates":[[[-43.375632972999938,-21.779376892349184],[-43.373898517999976,-21.777702435349244],[-43.372556030999931,-21.776162787349282],[-43.37233758299994,-21.775704512349261],[-43.372240580999971,-21.77541001134928],[-43.372046051999973,-21.774974552349278],[-43.371875769999974,-21.774747071349317],[-43.371778659999961,-21.774515793349313],[-43.371754459999977,-21.774357493349306],[-43.371682125999939,-21.774126459349286],[-43.371585219999986,-21.77387712134929],[-43.371487440999942,-21.773758739349304],[-43.371390213999973,-21.773644880349316],[-43.371293054999967,-21.773418119349348],[-43.371146996999983,-21.773186359349328],[-43.370337765999977,-21.77302483834934],[-43.372120180999957,-21.769691461349431],[-43.374472214999969,-21.770450724349374],[-43.378025438999934,-21.771397869349354],[-43.378360119999968,-21.771480867349386],[-43.378547367999943,-21.771581681349392],[-43.378817273999971,-21.771661311349348],[-43.378933887999949,-21.771761434349393],[-43.37917740599994,-21.772093750349345],[-43.379174439999986,-21.772357664349364],[-43.379338145999952,-21.772458247349363],[-43.379523914999936,-21.772691018349374],[-43.380182197999943,-21.772785450349335],[-43.380417034999937,-21.772842739349322],[-43.380710857999929,-21.772889607349352],[-43.380898110999965,-21.772990420349362],[-43.381344239999969,-21.773104764349359],[-43.381555039999967,-21.773205806349324],[-43.381847138999944,-21.773406624349324],[-43.381998950999957,-21.773518084349352],[-43.382161425999989,-21.773728630349357],[-43.382558372999938,-21.774029450349296],[-43.382825817999958,-21.774329003349337],[-43.383046665999984,-21.774584108349277],[-43.383338892999973,-21.774773925349315],[-43.38350223499998,-21.774907495349307],[-43.383817638999972,-21.775130531349262],[-43.384131317999952,-21.775507517349261],[-43.384152031999974,-21.775760665349253],[-43.384148827999987,-21.776046573349277],[-43.384179588999984,-21.776453785349236],[-43.384177247999958,-21.77666271834924],[-43.384303916999954,-21.776916901349281],[-43.384348422999949,-21.777148286349217],[-43.384451915999932,-21.777369251349253],[-43.384580310999979,-21.777469484349254],[-43.384719864999958,-21.777624815349224],[-43.384964021999963,-21.777902142349213],[-43.384797349999985,-21.778065476349187],[-43.384496614999932,-21.778634415349174],[-43.384436886999929,-21.778710815349189],[-43.38441087599994,-21.778930514349202],[-43.384327601999978,-21.779006682349205],[-43.384278043999984,-21.779226151349203],[-43.384230704999936,-21.779247683349162],[-43.384146566999952,-21.779400828349175],[-43.384144841999948,-21.779554777349208],[-43.384083756999985,-21.779752138349199],[-43.384034567999947,-21.779938617349178],[-43.383949566999945,-21.780168736349157],[-43.383912891999955,-21.780289351349161],[-43.383912275999933,-21.780344333349156],[-43.383886878999931,-21.780509049349185],[-43.383803850999982,-21.780563226349173],[-43.383802493999944,-21.780684185349177],[-43.383753428999967,-21.780859668349141],[-43.383714780999981,-21.781156227349111],[-43.383630393999965,-21.78133136334916],[-43.383621010999946,-21.781821637349111],[-43.382765159999963,-21.781176495349129],[-43.382716772999963,-21.781017958349128],[-43.382716674999983,-21.780972797349133],[-43.38284031999995,-21.780834007349139],[-43.382962901999974,-21.780790045349129],[-43.383086339999977,-21.780723511349152],[-43.383160528999952,-21.780629398349173],[-43.38311178999993,-21.780448278349134],[-43.382769191999955,-21.78033202434916],[-43.38267068599999,-21.780331060349184],[-43.382302851999953,-21.780309396349146],[-43.38195924099994,-21.780283452349185],[-43.381640611999956,-21.780239687349148],[-43.381223877999957,-21.780213026349156],[-43.380978422999931,-21.780165461349167],[-43.380708489999961,-21.780144752349166],[-43.380389912999931,-21.7800964703492],[-43.380046809999953,-21.780025367349158],[-43.379801305999926,-21.779982315349191],[-43.379409506999934,-21.779888152349177],[-43.379090832999971,-21.779794706349172],[-43.378894584999955,-21.779725040349177],[-43.378698590999932,-21.779632795349155],[-43.378306646999938,-21.779497984349209],[-43.377888630999962,-21.779746784349157],[-43.376785554999969,-21.779537246349175],[-43.375632972999938,-21.779376892349184]]]},"properties":{"OBJECTID":12,"nro":48,"nome":"Cidade Universitária","qtd_contrib_oficina_1_centro":null,"qtd_contrib_oficina_2_oeste":16,"qtd_contrib_oficina_3_leste":null,"qtd_contrib_oficina_4_nordeste":null,"qtd_contrib_oficina_5_vilas_nu":null,"qtd_contrib_oficina_6_n_co":null,"qtd_contrib_oficina_7_sudeste":null,"qtd_contrib_oficina_8_sul":null,"qtd_inscricoes_vaf":null,"observacao":"-","fonte":"PDDU","ano":"2000","vaf_2018":null,"vaf_2019":null,"vaf_2020":null,"vaf_2021":null,"vaf_2022":null,"bairro_dado_vinculado":"-","regiao_planejamento":"Oeste","shape.STArea()":9.3956431392593027e-05,"shape.STLength()":0.042985899681637109}},{"type":"Feature","id":13,"geometry":{"type":"Polygon","coordinates":[[[-43.41939459799994,-21.718941217350615],[-43.419348134999957,-21.718714965350607],[-43.41932489699996,-21.718574741350604],[-43.419207362999934,-21.71816264735067],[-43.419137773999978,-21.717841333350663],[-43.419068615999954,-21.717425184350663],[-43.419021906999944,-21.717221510350651],[-43.418950837999944,-21.717035668350647],[-43.41895133099996,-21.716990510350666],[-43.418831960999967,-21.716691303350665],[-43.418735088999938,-21.716600054350689],[-43.418970773999938,-21.716423241350689],[-43.419218389999969,-21.716381612350691],[-43.419502269999953,-21.716252346350707],[-43.419714941999985,-21.716177390350715],[-43.420116866999933,-21.716016256350727],[-43.420576069999981,-21.715998639350694],[-43.420942808999939,-21.715826169350702],[-43.421606272999952,-21.715425571350721],[-43.421882582999949,-21.714911304350696],[-43.422002288999984,-21.713647689350747],[-43.422305845999972,-21.712792748350783],[-43.422316397999964,-21.711825036350834],[-43.422325149999949,-21.711022276350786],[-43.422632053999962,-21.709859424350817],[-43.422899575999963,-21.709070124350891],[-43.423036091999961,-21.708422549350903],[-43.423478204999981,-21.707810873350898],[-43.423724815999947,-21.70677942035093],[-43.423888212999941,-21.705824159350943],[-43.424316870999974,-21.705366324350937],[-43.424327644999948,-21.704376617350988],[-43.424878158999945,-21.703535013350994],[-43.42500085699993,-21.703074268350996],[-43.425333929999965,-21.702747496351016],[-43.425729304999955,-21.702102376351032],[-43.426258788999966,-21.701274595351062],[-43.426503259999954,-21.701472471351067],[-43.426964603999977,-21.701932987351039],[-43.427328720999981,-21.702279674351026],[-43.427498986999979,-21.702398710351009],[-43.427620375999936,-21.702512767351024],[-43.427766725999959,-21.702608996351032],[-43.428009996999947,-21.702791952351028],[-43.428180311999938,-21.702906472350978],[-43.428350087999945,-21.703070665351028],[-43.428447562999963,-21.703161914351004],[-43.428688776999941,-21.703534530350993],[-43.428809922999967,-21.703671165350976],[-43.428929925999967,-21.703857467351],[-43.42909852899993,-21.704130038350968],[-43.429242136999967,-21.704479146350998],[-43.429313998999937,-21.704592733350978],[-43.429408373999927,-21.704914279350977],[-43.429478340999935,-21.705258174350988],[-43.429523184999937,-21.705579249350958],[-43.429520439999976,-21.705832131350938],[-43.429541612999969,-21.706107821350969],[-43.429539358999932,-21.7063155453509],[-43.429486593999968,-21.706613115350937],[-43.429410451999964,-21.70683820335092],[-43.429332381999991,-21.7071852123509],[-43.429204696999932,-21.707594977350926],[-43.429027301999952,-21.70807653035089],[-43.42892560699994,-21.708373636350888],[-43.428750218999937,-21.708670043350896],[-43.428548347999936,-21.709124265350859],[-43.428422376999954,-21.709375979350856],[-43.428196226999944,-21.709784809350872],[-43.428020591999939,-21.710103794350839],[-43.427746802999934,-21.710448944350819],[-43.427644794999935,-21.710718948350831],[-43.427493872999946,-21.711042683350804],[-43.427493626999933,-21.711065261350839],[-43.427366178999932,-21.711452446350791],[-43.42728924599993,-21.711749785350772],[-43.427236473999983,-21.712047354350819],[-43.427207976999966,-21.712390314350763],[-43.427204623999955,-21.71264319035075],[-43.427226527999949,-21.712851143350779],[-43.427296492999965,-21.713195039350776],[-43.427390619999983,-21.713539163350749],[-43.427509647999948,-21.713815781350782],[-43.42762952399994,-21.714069827350723],[-43.427822607999992,-21.714369728350718],[-43.428089321999956,-21.714620650350739],[-43.428331581999942,-21.714898437350751],[-43.428574332999979,-21.715131065350725],[-43.428743632999954,-21.715340417350745],[-43.428841606999981,-21.715386508350676],[-43.429061225999931,-21.715524078350732],[-43.42927945699995,-21.715733891350691],[-43.429422765999966,-21.716055901350682],[-43.429543921999937,-21.716192535350679],[-43.429758675999949,-21.716722967350673],[-43.429779603999975,-21.71702123535065],[-43.429802850999977,-21.717161458350677],[-43.429701934999962,-21.717386311350687],[-43.429625377999962,-21.717593330350635],[-43.429573946999938,-21.717823170350663],[-43.429422955999939,-21.718097227350665],[-43.429296486999931,-21.718394097350672],[-43.429145608999931,-21.718713318350634],[-43.428995954999948,-21.718919644350649],[-43.428821582999952,-21.719121220350626],[-43.428598720999958,-21.719281689350609],[-43.428376152999931,-21.719415063350635],[-43.428153779999946,-21.719530375350626],[-43.427784058999976,-21.7196397713506],[-43.427391400999966,-21.719636044350619],[-43.427292933999979,-21.719635109350602],[-43.427023150999958,-21.719609967350582],[-43.426583036999943,-21.719470300350601],[-43.426020473999984,-21.719257211350612],[-43.425529842999936,-21.719207387350629],[-43.425185624999983,-21.71924927835061],[-43.424963545999958,-21.719337490350643],[-43.424666487999957,-21.719542410350627],[-43.424443130999975,-21.719748031350584],[-43.424319516999958,-21.719837179350613],[-43.424048145999961,-21.7199023413506],[-43.423778117999973,-21.719899772350594],[-43.423532611999974,-21.719920016350589],[-43.423237569999969,-21.719939790350601],[-43.422942232999958,-21.719986656350581],[-43.422524313999929,-21.720027838350607],[-43.422254039999984,-21.720047845350596],[-43.421688476999968,-21.720110200350604],[-43.42144296999993,-21.720130442350605],[-43.421197104999976,-21.720128099350607],[-43.420827871999961,-21.72019232235057],[-43.42053264499998,-21.720284348350582],[-43.420114971999965,-21.720302946350579],[-43.419993327999968,-21.72021146235058],[-43.419847458999982,-21.720070068350619],[-43.419679400999939,-21.719747816350583],[-43.419559533999973,-21.719493767350617],[-43.419536603999973,-21.719380642350625],[-43.41939459799994,-21.718941217350615]]]},"properties":{"OBJECTID":13,"nro":28,"nome":"Nova Era II","qtd_contrib_oficina_1_centro":null,"qtd_contrib_oficina_2_oeste":null,"qtd_contrib_oficina_3_leste":null,"qtd_contrib_oficina_4_nordeste":null,"qtd_contrib_oficina_5_vilas_nu":3,"qtd_contrib_oficina_6_n_co":null,"qtd_contrib_oficina_7_sudeste":null,"qtd_contrib_oficina_8_sul":null,"qtd_inscricoes_vaf":null,"observacao":"Dados de VAF do bairro Nova Era foram considerados para a feição 'Nova Era I'","fonte":"PDDU","ano":"2000","vaf_2018":null,"vaf_2019":null,"vaf_2020":null,"vaf_2021":null,"vaf_2022":null,"bairro_dado_vinculado":"-","regiao_planejamento":"Norte","shape.STArea()":0.00011173700324637853,"shape.STLength()":0.052429901009134319}},{"type":"Feature","id":14,"geometry":{"type":"Polygon","coordinates":[[[-43.418265586999951,-21.704559925350964],[-43.418489285999961,-21.704376895350961],[-43.418662851999954,-21.704193388350983],[-43.418937201999945,-21.703852774351009],[-43.41918525799997,-21.703651911350985],[-43.419483026999963,-21.703379263351025],[-43.41968319099994,-21.703083103351027],[-43.419881763999967,-21.702877250351026],[-43.420080152999958,-21.702743656350989],[-43.420204048999942,-21.702627416351032],[-43.420427090999958,-21.702448893350994],[-43.420477407999954,-21.702377113351016],[-43.420702221999932,-21.702036024350999],[-43.420926048999938,-21.701785249351023],[-43.421100408999969,-21.701583681351071],[-43.421597342999974,-21.70110518035105],[-43.421746494999979,-21.70094401735107],[-43.421994294999926,-21.700765728351062],[-43.422292298999935,-21.700470496351084],[-43.42256638799995,-21.700152454351091],[-43.422789717999933,-21.699946833351081],[-43.423037809999983,-21.699741448351062],[-43.423310800999957,-21.699468556351071],[-43.423658818999968,-21.699128634351119],[-43.423785750999969,-21.699175891351125],[-43.424136732999955,-21.699348748351099],[-43.424397223999961,-21.699521114351121],[-43.42466774199994,-21.699683932351096],[-43.424847272999955,-21.699855159351099],[-43.425016880999976,-21.700026290351104],[-43.425378286999944,-21.700189971351094],[-43.42546692999997,-21.700360703351052],[-43.425635721999981,-21.700607127351056],[-43.425814728999967,-21.700863292351048],[-43.426258788999966,-21.701274595351062],[-43.425729304999955,-21.702102376351032],[-43.425333929999965,-21.702747496351016],[-43.42500085699993,-21.703074268350996],[-43.424878158999945,-21.703535013350994],[-43.424327644999948,-21.704376617350988],[-43.424316870999974,-21.705366324350937],[-43.423888212999941,-21.705824159350943],[-43.423724815999947,-21.70677942035093],[-43.423478204999981,-21.707810873350898],[-43.423036091999961,-21.708422549350903],[-43.422899575999963,-21.709070124350891],[-43.422632053999962,-21.709859424350817],[-43.422325149999949,-21.711022276350786],[-43.422316397999964,-21.711825036350834],[-43.422305845999972,-21.712792748350783],[-43.422002288999984,-21.713647689350747],[-43.421882582999949,-21.714911304350696],[-43.421606272999952,-21.715425571350721],[-43.420942808999939,-21.715826169350702],[-43.420576069999981,-21.715998639350694],[-43.420116866999933,-21.716016256350727],[-43.419714941999985,-21.716177390350715],[-43.419502269999953,-21.716252346350707],[-43.419218389999969,-21.716381612350691],[-43.418970773999938,-21.716423241350689],[-43.418735088999938,-21.716600054350689],[-43.41839314799995,-21.716434207350687],[-43.418222084999961,-21.716387412350688],[-43.417758011999979,-21.716175237350686],[-43.417489721999978,-21.716014608350697],[-43.417050664999977,-21.715780088350723],[-43.416855576999978,-21.715665320350716],[-43.416587584999945,-21.715477594350734],[-43.416318554999975,-21.715384700350704],[-43.416001386999945,-21.715219085350689],[-43.415758113999971,-21.71503611235071],[-43.415686443999952,-21.714850263350719],[-43.415639245999955,-21.714691745350756],[-43.415641630999971,-21.714529185350713],[-43.415643904999961,-21.714321462350764],[-43.41564514199996,-21.714208569350774],[-43.415548766999962,-21.71407216235076],[-43.41547586299999,-21.713999206350767],[-43.415305792999952,-21.713862095350748],[-43.415159144999961,-21.713792949350768],[-43.415061532999971,-21.713769435350745],[-43.414998235999974,-21.712874624350743],[-43.414953968999953,-21.712503874350801],[-43.41488636899993,-21.712001931350805],[-43.414889880999965,-21.711681315350802],[-43.414681334999955,-21.710645114350839],[-43.414615875999971,-21.710003190350822],[-43.414742946999979,-21.709844320350825],[-43.414789947999964,-21.709774529350845],[-43.414916189999985,-21.709500249350853],[-43.415042925999956,-21.70918081335088],[-43.415118102999941,-21.709046045350867],[-43.415218588999949,-21.708861843350864],[-43.415320311999949,-21.70856474835087],[-43.415371819999962,-21.708384592350878],[-43.415546986999971,-21.708110780350889],[-43.415698376999956,-21.707746417350887],[-43.415749686999952,-21.707584324350915],[-43.41585140799998,-21.707287227350875],[-43.416001559999984,-21.707035756350933],[-43.416177464999983,-21.706694207350896],[-43.41635163899997,-21.706510708350901],[-43.416525516999968,-21.706354302350935],[-43.416724949999953,-21.70612588235095],[-43.416924273999939,-21.70585229935093],[-43.41709893999996,-21.705623642350954],[-43.417346753999936,-21.705445359350936],[-43.41754508799994,-21.70526209035096],[-43.417744517999949,-21.705033668350929],[-43.417993367999941,-21.704760556350941],[-43.418018131999929,-21.704760792350942],[-43.418265586999951,-21.704559925350964]]]},"properties":{"OBJECTID":14,"nro":29,"nome":"Nova Era I","qtd_contrib_oficina_1_centro":null,"qtd_contrib_oficina_2_oeste":null,"qtd_contrib_oficina_3_leste":null,"qtd_contrib_oficina_4_nordeste":null,"qtd_contrib_oficina_5_vilas_nu":5,"qtd_contrib_oficina_6_n_co":null,"qtd_contrib_oficina_7_sudeste":null,"qtd_contrib_oficina_8_sul":null,"qtd_inscricoes_vaf":192,"observacao":"-","fonte":"PDDU","ano":"2000","vaf_2018":23979987,"vaf_2019":44069146,"vaf_2020":41110808,"vaf_2021":33975054,"vaf_2022":27469646,"bairro_dado_vinculado":"-","regiao_planejamento":"Norte","shape.STArea()":0.00010501843616131452,"shape.STLength()":0.045079516129547775}},{"type":"Feature","id":15,"geometry":{"type":"Polygon","coordinates":[[[-43.409569534999946,-21.724746576350483],[-43.40930187299994,-21.724469061350504],[-43.409119860999965,-21.723895428350534],[-43.408574105999946,-21.723219319350505],[-43.408213024999952,-21.722874917350534],[-43.40679285899995,-21.721442549350574],[-43.405485428999953,-21.719395378350594],[-43.404646828999944,-21.718595463350653],[-43.403870744999949,-21.717329135350646],[-43.404166776999944,-21.717219084350663],[-43.404314918999944,-21.717152767350672],[-43.404956958999954,-21.716838303350688],[-43.405056467999948,-21.716744422350693],[-43.405280593999976,-21.716471093350659],[-43.40533002199993,-21.716426407350689],[-43.405429230999971,-21.716359619350659],[-43.405602386999931,-21.716270962350677],[-43.405800500999931,-21.716110286350681],[-43.40602308299998,-21.715976942350682],[-43.406270977999952,-21.715794165350715],[-43.406494602999942,-21.71556599135069],[-43.406667507999941,-21.71549991135068],[-43.406939812999951,-21.715294786350704],[-43.407113214999981,-21.715183549350716],[-43.407311325999956,-21.715022872350715],[-43.407559168999967,-21.714844607350738],[-43.407806562999944,-21.714706983350755],[-43.408053053999936,-21.714596448350715],[-43.408053302999974,-21.714573869350751],[-43.408201439999971,-21.714507550350714],[-43.408374391999985,-21.714436953350724],[-43.408595974999969,-21.714393920350737],[-43.408719592999944,-21.714304783350766],[-43.408894034999946,-21.714098715350758],[-43.408944312999942,-21.714031454350724],[-43.409042915999969,-21.713964658350729],[-43.409191349999958,-21.713871244350745],[-43.409315818999971,-21.713759535350736],[-43.409587321999936,-21.713626655350776],[-43.409784683999931,-21.71353371035077],[-43.410032272999956,-21.713378020350795],[-43.410229137999977,-21.713330231350788],[-43.410352861999968,-21.713286257350791],[-43.410377271999948,-21.713263910350772],[-43.410920433999934,-21.713038795350787],[-43.411291387999938,-21.71281654235079],[-43.411735341999986,-21.712658217350771],[-43.412081328999925,-21.712453789350764],[-43.412229460999981,-21.712387466350759],[-43.412476550999948,-21.7122769293508],[-43.412724183999956,-21.712116718350771],[-43.41282388299993,-21.712004769350802],[-43.412972558999968,-21.711888772350783],[-43.413244055999947,-21.711755887350812],[-43.413465882999958,-21.711690269350811],[-43.413663239999948,-21.711597318350815],[-43.413836878999973,-21.711463494350824],[-43.413960738999947,-21.71135177635081],[-43.414110760999961,-21.7111680473508],[-43.414308858999966,-21.711007362350824],[-43.414531918999955,-21.710828848350804],[-43.414606108999976,-21.710784396350807],[-43.414681334999955,-21.710645114350839],[-43.414889880999965,-21.711681315350802],[-43.41488636899993,-21.712001931350805],[-43.414953968999953,-21.712503874350801],[-43.414998235999974,-21.712874624350743],[-43.415061532999971,-21.713769435350745],[-43.414709312999946,-21.722590683350528],[-43.412906537999959,-21.723467621350505],[-43.409743961999936,-21.725040527350483],[-43.409569534999946,-21.724746576350483]]]},"properties":{"OBJECTID":15,"nro":30,"nome":"Cidade do Sol","qtd_contrib_oficina_1_centro":null,"qtd_contrib_oficina_2_oeste":null,"qtd_contrib_oficina_3_leste":null,"qtd_contrib_oficina_4_nordeste":null,"qtd_contrib_oficina_5_vilas_nu":2,"qtd_contrib_oficina_6_n_co":null,"qtd_contrib_oficina_7_sudeste":null,"qtd_contrib_oficina_8_sul":null,"qtd_inscricoes_vaf":null,"observacao":"-","fonte":"PDDU","ano":"2000","vaf_2018":null,"vaf_2019":null,"vaf_2020":null,"vaf_2021":null,"vaf_2022":null,"bairro_dado_vinculado":"-","regiao_planejamento":"Centro-Oeste","shape.STArea()":9.3131813123318026e-05,"shape.STLength()":0.04022471087764775}},{"type":"Feature","id":16,"geometry":{"type":"Polygon","coordinates":[[[-43.408760265999945,-21.710936108350797],[-43.40883475499993,-21.710864564350821],[-43.408934952999971,-21.710707460350836],[-43.409034950999967,-21.710568418350849],[-43.409110381999938,-21.710411076350823],[-43.409113765999962,-21.710158203350865],[-43.409067617999938,-21.709904855350867],[-43.409020429999941,-21.709746335350847],[-43.408948522999943,-21.70958306235087],[-43.408904220999943,-21.709216827350865],[-43.408906504999941,-21.709009105350844],[-43.408908243999974,-21.70885105535087],[-43.40893405099996,-21.708756463350895],[-43.409011077999935,-21.708508813350889],[-43.409062288999962,-21.7083015613509],[-43.409112813999968,-21.708211722350899],[-43.409261736999952,-21.708073151350881],[-43.409433530999934,-21.708052218350904],[-43.40963119099996,-21.707986372350916],[-43.409778823999936,-21.707965208350888],[-43.409877470999952,-21.70789389535091],[-43.409952155999974,-21.707804289350889],[-43.410052348999955,-21.70764718335089],[-43.410176614999955,-21.707553536350911],[-43.410349151999988,-21.707464868350922],[-43.410497279999959,-21.707398546350916],[-43.410720140999956,-21.707238100350921],[-43.410796172999937,-21.707080763350906],[-43.410821126999963,-21.707008744350905],[-43.410824211999966,-21.706782964350914],[-43.410801478999986,-21.706597583350916],[-43.410755933999944,-21.706344240350926],[-43.410708989999925,-21.706163143350938],[-43.410662096999943,-21.705977530350957],[-43.410663088999968,-21.705887215350931],[-43.410664873999963,-21.705724650350955],[-43.410665617999932,-21.705656915350936],[-43.41074079599997,-21.705522150350969],[-43.410791862999986,-21.705382638350933],[-43.410841780999931,-21.705292794350939],[-43.410916818999972,-21.70522577035096],[-43.411016952999944,-21.705018986350961],[-43.411090147999971,-21.705064849350929],[-43.411163590999934,-21.705088134350987],[-43.411236785999968,-21.705133997350959],[-43.411309732999939,-21.705202439350934],[-43.411480482999934,-21.705276335350931],[-43.411798416999943,-21.705369705350936],[-43.41192089499998,-21.705438621350961],[-43.412164841999981,-21.705558379350947],[-43.412359911999943,-21.705673153350943],[-43.412652091999973,-21.705856599350938],[-43.412846865999938,-21.705998466350952],[-43.413066206999979,-21.706158633350949],[-43.413211203999936,-21.706322603350959],[-43.413284152999942,-21.706391044350944],[-43.413427417999969,-21.706713065350925],[-43.413474313999977,-21.706898678350914],[-43.413471047999963,-21.7071967153509],[-43.413443509999979,-21.707449357350914],[-43.41334068599997,-21.707791603350909],[-43.413313395999971,-21.708021667350888],[-43.413360589999968,-21.708180185350866],[-43.413481426999965,-21.708343925350857],[-43.413578646999952,-21.708457760350896],[-43.413699485999985,-21.708621500350912],[-43.413819521999983,-21.708803297350883],[-43.413965620999932,-21.708922115350852],[-43.414086260999966,-21.709103917350895],[-43.414133655999926,-21.709244372350835],[-43.414155341999958,-21.70947038935088],[-43.414251167999957,-21.709656469350865],[-43.414348142999977,-21.709792883350847],[-43.414518157999964,-21.709934512350831],[-43.414615875999971,-21.710003190350822],[-43.414681334999955,-21.710645114350839],[-43.414606108999976,-21.710784396350807],[-43.414531918999955,-21.710828848350804],[-43.414308858999966,-21.711007362350824],[-43.414110760999961,-21.7111680473508],[-43.413960738999947,-21.71135177635081],[-43.413836878999973,-21.711463494350824],[-43.413663239999948,-21.711597318350815],[-43.413465882999958,-21.711690269350811],[-43.413244055999947,-21.711755887350812],[-43.412972558999968,-21.711888772350783],[-43.41282388299993,-21.712004769350802],[-43.412724183999956,-21.712116718350771],[-43.412476550999948,-21.7122769293508],[-43.412229460999981,-21.712387466350759],[-43.412081328999925,-21.712453789350764],[-43.411735341999986,-21.712658217350771],[-43.411291387999938,-21.71281654235079],[-43.410920433999934,-21.713038795350787],[-43.410377271999948,-21.713263910350772],[-43.410352861999968,-21.713286257350791],[-43.410229137999977,-21.713330231350788],[-43.410032272999956,-21.713378020350795],[-43.409784683999931,-21.71353371035077],[-43.409587321999936,-21.713626655350776],[-43.409315818999971,-21.713759535350736],[-43.409191349999958,-21.713871244350745],[-43.409042915999969,-21.713964658350729],[-43.408944312999942,-21.714031454350724],[-43.408894034999946,-21.714098715350758],[-43.408719592999944,-21.714304783350766],[-43.408595974999969,-21.714393920350737],[-43.408374391999985,-21.714436953350724],[-43.408201439999971,-21.714507550350714],[-43.408053302999974,-21.714573869350751],[-43.408053053999936,-21.714596448350715],[-43.407806562999944,-21.714706983350755],[-43.407559168999967,-21.714844607350738],[-43.407311325999956,-21.715022872350715],[-43.407113214999981,-21.715183549350716],[-43.406939812999951,-21.715294786350704],[-43.406667507999941,-21.71549991135068],[-43.406494602999942,-21.71556599135069],[-43.406270977999952,-21.715794165350715],[-43.40602308299998,-21.715976942350682],[-43.405800500999931,-21.716110286350681],[-43.405602386999931,-21.716270962350677],[-43.405429230999971,-21.716359619350659],[-43.40533002199993,-21.716426407350689],[-43.405280593999976,-21.716471093350659],[-43.405056467999948,-21.716744422350693],[-43.404956958999954,-21.716838303350688],[-43.404314918999944,-21.717152767350672],[-43.404166776999944,-21.717219084350663],[-43.403870744999949,-21.717329135350646],[-43.404646828999944,-21.718595463350653],[-43.405485428999953,-21.719395378350594],[-43.40679285899995,-21.721442549350574],[-43.408213024999952,-21.722874917350534],[-43.408574105999946,-21.723219319350505],[-43.409119860999965,-21.723895428350534],[-43.40930187299994,-21.724469061350504],[-43.409569534999946,-21.724746576350483],[-43.409743961999936,-21.725040527350483],[-43.411223165999964,-21.726617320350428],[-43.41013739999994,-21.727446907350402],[-43.410038687999929,-21.727522734350448],[-43.409855458999971,-21.727647428350419],[-43.409718836999957,-21.727709342350412],[-43.40949729099998,-21.727802054350384],[-43.409275545999947,-21.727912828350394],[-43.409052648999932,-21.728073269350439],[-43.408805445999974,-21.728301218350385],[-43.408533473999974,-21.728528930350414],[-43.408261250999942,-21.728779219350425],[-43.408014484999967,-21.728912331350372],[-43.407693966999943,-21.729049251350411],[-43.407497186999933,-21.729142198350402],[-43.407349034999982,-21.729208516350383],[-43.40700528799993,-21.729205209350408],[-43.406832566999981,-21.729253225350394],[-43.40666024799998,-21.729319310350341],[-43.406387772999942,-21.729592173350358],[-43.406214906999935,-21.729707930350369],[-43.406141060999978,-21.729774962350366],[-43.405943474999951,-21.729885964350352],[-43.405648220999979,-21.729977961350375],[-43.405549995999934,-21.729954434350375],[-43.405427252999971,-21.729908091350367],[-43.405206888999942,-21.729838226350367],[-43.40498627799996,-21.72979094135038],[-43.404765915999974,-21.72972107535038],[-43.404569468999966,-21.729674020350359],[-43.404397897999949,-21.729672368350371],[-43.404151221999939,-21.729742249350373],[-43.40388067899994,-21.729784803350377],[-43.403659925999932,-21.729805256350375],[-43.403390523999967,-21.729689755350382],[-43.403121621999958,-21.729529096350372],[-43.402925674999949,-21.72943688335036],[-43.402657522999966,-21.729208489350402],[-43.402486395999972,-21.729111998350366],[-43.402339134999977,-21.729042836350384],[-43.402070340999956,-21.728927338350378],[-43.401874145999962,-21.728857703350389],[-43.401727488999938,-21.728788545350415],[-43.401580477999978,-21.728696803350427],[-43.401458591999983,-21.72862788435042],[-43.401607937999977,-21.728399001350397],[-43.401756236999972,-21.728264949350429],[-43.401854902999958,-21.728193642350394],[-43.402076901999969,-21.728060300350425],[-43.402348739999979,-21.727900342350384],[-43.402545520999979,-21.727807400350404],[-43.402743354999984,-21.727673824350418],[-43.402858219999985,-21.727503318350408],[-43.402891935999946,-21.727350093350445],[-43.40289351399997,-21.72704301035046],[-43.402894810999953,-21.726925602350406],[-43.402922622999938,-21.726650385350446],[-43.402975950999974,-21.726307671350455],[-43.402977945999965,-21.726127045350431],[-43.40300575699996,-21.725851827350478],[-43.403010699999982,-21.725458968350441],[-43.403038260999949,-21.72520632935046],[-43.40304075499995,-21.724980545350455],[-43.40306632099999,-21.724908534350465],[-43.40309438099996,-21.72461073735051],[-43.40309822599994,-21.724317224350486],[-43.403101267999944,-21.724041768350492],[-43.403105412999928,-21.723721160350522],[-43.403083792999951,-21.723490628350529],[-43.40308608699997,-21.723282907350509],[-43.403088984999954,-21.723075191350524],[-43.402991512999961,-21.722983928350526],[-43.402821994999954,-21.722797131350557],[-43.402748544999959,-21.722773842350559],[-43.402431578999938,-21.722590139350562],[-43.402285177999936,-21.722498404350539],[-43.402237042999957,-21.722425680350529],[-43.402115658999946,-21.72231160635053],[-43.402091745999947,-21.722288794350526],[-43.401847675999932,-21.722123858350564],[-43.401677111999959,-21.722031888350539],[-43.401530961999981,-21.721917575350545],[-43.401312014999974,-21.721775461350585],[-43.400993804999985,-21.721704646350567],[-43.400602394999964,-21.721587965350569],[-43.400308098999979,-21.721539960350576],[-43.400087551999945,-21.721488153350542],[-43.399719910999984,-21.721462021350586],[-43.399695142999974,-21.721461782350556],[-43.399522976999947,-21.721460117350603],[-43.39927666799997,-21.721552577350554],[-43.398932191999954,-21.721616990350572],[-43.398661309999966,-21.721636952350579],[-43.398464980999961,-21.721635054350582],[-43.398170788999948,-21.72163220935056],[-43.398023640999952,-21.721608206350581],[-43.397679914999969,-21.721604881350558],[-43.397483586999954,-21.721602982350586],[-43.39721220399997,-21.721668099350541],[-43.397089323999985,-21.721689490350553],[-43.396941674999937,-21.721710642350551],[-43.396671396999977,-21.721730607350576],[-43.396327370999984,-21.721754373350549],[-43.396177467999962,-21.721978729350536],[-43.396151148999934,-21.722118476350573],[-43.396149395999942,-21.722276524350516],[-43.396147488999929,-21.722393925350527],[-43.396145234999949,-21.722597129350532],[-43.393885230999963,-21.722692650350528],[-43.393854365999971,-21.722534285350516],[-43.393814590999959,-21.722416481350557],[-43.393693766999945,-21.722252727350533],[-43.393621069999938,-21.722161700350547],[-43.393524211999932,-21.722070437350538],[-43.39337781699993,-21.72197869535055],[-43.393256741999942,-21.72183752035054],[-43.393111202999933,-21.721723204350539],[-43.392965610999966,-21.721559210350545],[-43.392967919999933,-21.721351490350571],[-43.393018960999939,-21.721216501350565],[-43.393119985999931,-21.720987159350553],[-43.393244369999934,-21.72083029935056],[-43.393320227999936,-21.720691035350573],[-43.393420448999962,-21.720533942350599],[-43.393447271999946,-21.720349040350605],[-43.393472940999963,-21.7202138043506],[-43.393501121999975,-21.719961174350626],[-43.393552859999943,-21.719708771350593],[-43.393604952999958,-21.719478952350631],[-43.393605453999946,-21.719433797350622],[-43.393755657999982,-21.719182348350603],[-43.393929824999937,-21.719003391350608],[-43.394128307999949,-21.718865314350644],[-43.394375318999948,-21.718709644350611],[-43.394548532999977,-21.718616484350601],[-43.394746110999961,-21.718505494350612],[-43.394895912999971,-21.718344365350625],[-43.395169489999944,-21.718026369350646],[-43.395268956999985,-21.717937009350653],[-43.395392584999975,-21.717847883350672],[-43.39556679899993,-21.71766440935064],[-43.395641246999958,-21.717597387350651],[-43.395715444999951,-21.717552945350654],[-43.396158425999943,-21.71748497535069],[-43.396453712999971,-21.717442672350654],[-43.396847109999953,-21.717378737350682],[-43.397068200999968,-21.717380877350688],[-43.39726477399995,-21.717360198350637],[-43.397338470999955,-21.717360910350664],[-43.397437433999983,-21.717316706350655],[-43.397585327999934,-21.717272975350657],[-43.397683736999966,-21.717224250350665],[-43.39805322199993,-21.717137500350688],[-43.398225881999963,-21.717094007350653],[-43.398472133999974,-21.71700606535067],[-43.398818253999927,-21.716846829350672],[-43.399065303999983,-21.716686635350701],[-43.399362941999982,-21.716486285350697],[-43.399609491999975,-21.716371246350665],[-43.399954205999961,-21.716284251350714],[-43.400275005999958,-21.716174446350703],[-43.400521909999952,-21.716081990350695],[-43.400767410999947,-21.716061779350699],[-43.401038426999939,-21.715974072350679],[-43.401186567999957,-21.715907760350724],[-43.401236100999945,-21.715908238350664],[-43.401458485999967,-21.715792963350687],[-43.401556593999942,-21.715771328350691],[-43.401877391999967,-21.715661519350714],[-43.402149454999979,-21.715478981350735],[-43.402371789999961,-21.715368221350701],[-43.402520176999985,-21.71527932935069],[-43.402717296999981,-21.715208971350737],[-43.40284102499993,-21.715165001350702],[-43.402890450999962,-21.715120315350728],[-43.402964895999951,-21.715053292350756],[-43.403038839999965,-21.715031423350734],[-43.403163114999984,-21.714937781350702],[-43.403311752999969,-21.714826310350738],[-43.403484551999945,-21.714715071350703],[-43.403806391999979,-21.714510428350749],[-43.404029023999961,-21.714372572350722],[-43.404251603999967,-21.714239231350735],[-43.404648132999966,-21.713944982350768],[-43.404872006999938,-21.71369423235075],[-43.40504565699996,-21.71356041935076],[-43.405169076999982,-21.713489348350731],[-43.405293548999964,-21.71337764235075],[-43.405491907999931,-21.713194388350779],[-43.405691069999932,-21.712993076350763],[-43.405888680999958,-21.712877558350751],[-43.40606133499994,-21.712834057350758],[-43.406283661999957,-21.712723291350784],[-43.406407030999958,-21.712656736350805],[-43.407001907999984,-21.712179225350763],[-43.40703006199994,-21.711926591350782],[-43.407054969999933,-21.71185908735082],[-43.407056865999948,-21.711741686350816],[-43.407084116999954,-21.711516139350813],[-43.407135083999947,-21.711331466350831],[-43.407188393999945,-21.710988749350818],[-43.407238919999941,-21.710898910350831],[-43.407363329999953,-21.710737525350808],[-43.407584907999933,-21.710694492350818],[-43.407756456999948,-21.710696140350841],[-43.407879682999976,-21.710697324350825],[-43.408002056999976,-21.71072108235083],[-43.408172610999948,-21.710813044350814],[-43.408294189999935,-21.7109090503508],[-43.408391904999974,-21.710977731350809],[-43.408587226999941,-21.711069931350792],[-43.408760265999945,-21.710936108350797]]]},"properties":{"OBJECTID":16,"nro":31,"nome":"Barbosa Lage","qtd_contrib_oficina_1_centro":null,"qtd_contrib_oficina_2_oeste":null,"qtd_contrib_oficina_3_leste":null,"qtd_contrib_oficina_4_nordeste":null,"qtd_contrib_oficina_5_vilas_nu":8,"qtd_contrib_oficina_6_n_co":null,"qtd_contrib_oficina_7_sudeste":null,"qtd_contrib_oficina_8_sul":null,"qtd_inscricoes_vaf":73,"observacao":"-","fonte":"PDDU","ano":"2000","vaf_2018":52106594,"vaf_2019":48002511,"vaf_2020":54649462,"vaf_2021":92575340,"vaf_2022":67836123,"bairro_dado_vinculado":"-","regiao_planejamento":"Centro-Oeste","shape.STArea()":0.00015954791525794155,"shape.STLength()":0.089895380904112976}},{"type":"Feature","id":17,"geometry":{"type":"Polygon","coordinates":[[[-43.398932191999954,-21.721616990350572],[-43.39927666799997,-21.721552577350554],[-43.399522976999947,-21.721460117350603],[-43.399695142999974,-21.721461782350556],[-43.399719910999984,-21.721462021350586],[-43.400087551999945,-21.721488153350542],[-43.400308098999979,-21.721539960350576],[-43.400602394999964,-21.721587965350569],[-43.400993804999985,-21.721704646350567],[-43.401312014999974,-21.721775461350585],[-43.401530961999981,-21.721917575350545],[-43.401677111999959,-21.722031888350539],[-43.401847675999932,-21.722123858350564],[-43.402091745999947,-21.722288794350526],[-43.402115658999946,-21.72231160635053],[-43.402237042999957,-21.722425680350529],[-43.402285177999936,-21.722498404350539],[-43.402431578999938,-21.722590139350562],[-43.402748544999959,-21.722773842350559],[-43.402821994999954,-21.722797131350557],[-43.402991512999961,-21.722983928350526],[-43.403088984999954,-21.723075191350524],[-43.40308608699997,-21.723282907350509],[-43.403083792999951,-21.723490628350529],[-43.403105412999928,-21.723721160350522],[-43.403101267999944,-21.724041768350492],[-43.40309822599994,-21.724317224350486],[-43.40309438099996,-21.72461073735051],[-43.40306632099999,-21.724908534350465],[-43.40304075499995,-21.724980545350455],[-43.403038260999949,-21.72520632935046],[-43.403010699999982,-21.725458968350441],[-43.40300575699996,-21.725851827350478],[-43.402977945999965,-21.726127045350431],[-43.402975950999974,-21.726307671350455],[-43.402922622999938,-21.726650385350446],[-43.402894810999953,-21.726925602350406],[-43.40289351399997,-21.72704301035046],[-43.402891935999946,-21.727350093350445],[-43.402858219999985,-21.727503318350408],[-43.402743354999984,-21.727673824350418],[-43.402545520999979,-21.727807400350404],[-43.402348739999979,-21.727900342350384],[-43.402076901999969,-21.728060300350425],[-43.401854902999958,-21.728193642350394],[-43.401756236999972,-21.728264949350429],[-43.401607937999977,-21.728399001350397],[-43.401458591999983,-21.72862788435042],[-43.400965498999938,-21.728853447350371],[-43.400719122999931,-21.728896230350394],[-43.400399097999973,-21.728987978350386],[-43.399956185999947,-21.729101120350368],[-43.399636210999972,-21.729188350350384],[-43.399414801999974,-21.729213308350356],[-43.399095326999941,-21.729255380350398],[-43.398972689999944,-21.729254195350368],[-43.398824733999959,-21.72930244135037],[-43.398431804999973,-21.72932122335035],[-43.398136994999959,-21.729318372350388],[-43.397915885999964,-21.729316232350392],[-43.397670208999955,-21.729295791350392],[-43.397375146999934,-21.729315517350383],[-43.397056421999942,-21.729289851350387],[-43.396835012999922,-21.729314804350377],[-43.396638923999937,-21.729290325350384],[-43.396491518999937,-21.729288897350362],[-43.396393046999947,-21.729287943350382],[-43.39636528099993,-21.729721225350392],[-43.396045950999962,-21.729695551350353],[-43.391787753999949,-21.727730376350411],[-43.391570965999961,-21.727177302350437],[-43.391549765999969,-21.726910644350458],[-43.391502891999941,-21.726725026350419],[-43.391481742999986,-21.726453853350431],[-43.391460641999977,-21.726178164350472],[-43.391462952999966,-21.725970443350441],[-43.391490785999956,-21.725695229350446],[-43.391568656999929,-21.725375339350485],[-43.391619648999949,-21.725190673350497],[-43.391695961999964,-21.725010768350465],[-43.391796992999957,-21.724781426350521],[-43.392022661999931,-21.72437264835051],[-43.392196888999933,-21.724189178350496],[-43.392371366999946,-21.723983129350515],[-43.392595025999981,-21.723754977350485],[-43.392769702999942,-21.723530864350497],[-43.393017376999978,-21.723370686350506],[-43.393239979999976,-21.723237362350524],[-43.393314181999976,-21.723192919350542],[-43.393363664999974,-21.723143723350525],[-43.393486547999942,-21.723122333350549],[-43.393585766999934,-21.723055554350545],[-43.393734670999947,-21.722921513350531],[-43.393809422999944,-21.722827400350539],[-43.393885230999963,-21.722692650350528],[-43.396145234999949,-21.722597129350532],[-43.396147488999929,-21.722393925350527],[-43.396149395999942,-21.722276524350516],[-43.396151148999934,-21.722118476350573],[-43.396177467999962,-21.721978729350536],[-43.396327370999984,-21.721754373350549],[-43.396671396999977,-21.721730607350576],[-43.396941674999937,-21.721710642350551],[-43.397089323999985,-21.721689490350553],[-43.39721220399997,-21.721668099350541],[-43.397483586999954,-21.721602982350586],[-43.397679914999969,-21.721604881350558],[-43.398023640999952,-21.721608206350581],[-43.398170788999948,-21.72163220935056],[-43.398464980999961,-21.721635054350582],[-43.398661309999966,-21.721636952350579],[-43.398932191999954,-21.721616990350572]]]},"properties":{"OBJECTID":17,"nro":32,"nome":"Jóquei Club","qtd_contrib_oficina_1_centro":null,"qtd_contrib_oficina_2_oeste":null,"qtd_contrib_oficina_3_leste":null,"qtd_contrib_oficina_4_nordeste":null,"qtd_contrib_oficina_5_vilas_nu":8,"qtd_contrib_oficina_6_n_co":null,"qtd_contrib_oficina_7_sudeste":null,"qtd_contrib_oficina_8_sul":null,"qtd_inscricoes_vaf":null,"observacao":"-","fonte":"PDDU","ano":"2000","vaf_2018":null,"vaf_2019":null,"vaf_2020":null,"vaf_2021":null,"vaf_2022":null,"bairro_dado_vinculado":"-","regiao_planejamento":"Centro-Oeste","shape.STArea()":7.3959869194813023e-05,"shape.STLength()":0.033408888600661886}},{"type":"Feature","id":18,"geometry":{"type":"Polygon","coordinates":[[[-43.399414801999974,-21.729213308350356],[-43.399636210999972,-21.729188350350384],[-43.399956185999947,-21.729101120350368],[-43.400399097999973,-21.728987978350386],[-43.400719122999931,-21.728896230350394],[-43.400965498999938,-21.728853447350371],[-43.401458591999983,-21.72862788435042],[-43.401580477999978,-21.728696803350427],[-43.401727488999938,-21.728788545350415],[-43.401874145999962,-21.728857703350389],[-43.402070340999956,-21.728927338350378],[-43.402339134999977,-21.729042836350384],[-43.402486395999972,-21.729111998350366],[-43.402657522999966,-21.729208489350402],[-43.402925674999949,-21.72943688335036],[-43.403121621999958,-21.729529096350372],[-43.403390523999967,-21.729689755350382],[-43.403659925999932,-21.729805256350375],[-43.40388067899994,-21.729784803350377],[-43.404151221999939,-21.729742249350373],[-43.404397897999949,-21.729672368350371],[-43.404569468999966,-21.729674020350359],[-43.404765915999974,-21.72972107535038],[-43.40498627799996,-21.72979094135038],[-43.405206888999942,-21.729838226350367],[-43.405427252999971,-21.729908091350367],[-43.405549995999934,-21.729954434350375],[-43.405648220999979,-21.729977961350375],[-43.405548856999985,-21.730112488350372],[-43.405499125999931,-21.730184269350353],[-43.405399015999933,-21.730386532350337],[-43.405274441999957,-21.730615656350327],[-43.405076660999953,-21.730798914350373],[-43.40490329499994,-21.730959826350318],[-43.404754248999943,-21.731161617350306],[-43.404580238999976,-21.731435426350323],[-43.404455661999975,-21.731664550350306],[-43.404305318999945,-21.731983748350295],[-43.404305069999964,-21.732006327350316],[-43.404105346999984,-21.732419888350314],[-43.403907312999934,-21.732625722350296],[-43.403732552999941,-21.732967266350272],[-43.403557291999959,-21.733353966350297],[-43.403481752999937,-21.733628722350304],[-43.403306989999976,-21.73397026535028],[-43.403207570999939,-21.734109307350277],[-43.403034748999971,-21.734220544350283],[-43.402960243999978,-21.734292084350251],[-43.402688799999964,-21.734470112350238],[-43.402515425999979,-21.734631020350221],[-43.402341158999945,-21.734927405350238],[-43.40216763899997,-21.735156054350231],[-43.401944828999945,-21.73536164735026],[-43.401844709999978,-21.735563906350247],[-43.401685188999977,-21.73583785335023],[-43.401523525999949,-21.7358137103502],[-43.401361763999944,-21.735798600350208],[-43.401204130999979,-21.735792562350234],[-43.400983011999983,-21.735790426350192],[-43.400811433999934,-21.735788769350208],[-43.400639501999933,-21.73576452735022],[-43.40048558999996,-21.735695298350201],[-43.400419881999937,-21.735626921350207],[-43.400248346999945,-21.735512360350246],[-43.400126453999974,-21.735443440350245],[-43.399901948999975,-21.735256108350253],[-43.399764443999977,-21.735123810350224],[-43.399638773999982,-21.735014208350222],[-43.399492108999937,-21.734890855350233],[-43.399297354999931,-21.734636068350273],[-43.399053217999949,-21.734475641350262],[-43.398955743999977,-21.734384377350274],[-43.398784563999989,-21.73429239835027],[-43.398588663999931,-21.734195665350249],[-43.398490992999939,-21.73417665435025],[-43.398220337999931,-21.734174037350236],[-43.398049011999944,-21.734149798350277],[-43.397827792999976,-21.734102496350292],[-43.397681382999963,-21.734010756350276],[-43.397608428999945,-21.733942308350247],[-43.397486985999933,-21.733778552350294],[-43.397389763999968,-21.733664707350258],[-43.397267019999958,-21.733618358350256],[-43.397070674999952,-21.733616457350294],[-43.396898996999937,-21.733569632350271],[-43.396800772999946,-21.733546100350271],[-43.396605178999948,-21.733476465350293],[-43.396507455999931,-21.733407776350294],[-43.39638521399997,-21.733316269350265],[-43.396262720999978,-21.7332473413503],[-43.396092044999925,-21.733110203350293],[-43.395945584999936,-21.732968784350309],[-43.395848614999984,-21.732832360350308],[-43.395142796999956,-21.732026163350287],[-43.39579096999995,-21.730840182350335],[-43.396045950999962,-21.729695551350353],[-43.39636528099993,-21.729721225350392],[-43.396393046999947,-21.729287943350382],[-43.396491518999937,-21.729288897350362],[-43.396638923999937,-21.729290325350384],[-43.396835012999922,-21.729314804350377],[-43.397056421999942,-21.729289851350387],[-43.397375146999934,-21.729315517350383],[-43.397670208999955,-21.729295791350392],[-43.397915885999964,-21.729316232350392],[-43.398136994999959,-21.729318372350388],[-43.398431804999973,-21.72932122335035],[-43.398824733999959,-21.72930244135037],[-43.398972689999944,-21.729254195350368],[-43.399095326999941,-21.729255380350398],[-43.399414801999974,-21.729213308350356]]]},"properties":{"OBJECTID":18,"nro":33,"nome":"Jardim Natal","qtd_contrib_oficina_1_centro":null,"qtd_contrib_oficina_2_oeste":null,"qtd_contrib_oficina_3_leste":null,"qtd_contrib_oficina_4_nordeste":null,"qtd_contrib_oficina_5_vilas_nu":3,"qtd_contrib_oficina_6_n_co":null,"qtd_contrib_oficina_7_sudeste":null,"qtd_contrib_oficina_8_sul":null,"qtd_inscricoes_vaf":35,"observacao":"-","fonte":"PDDU","ano":"2000","vaf_2018":4107640,"vaf_2019":4752796,"vaf_2020":3637666,"vaf_2021":2526227,"vaf_2022":2947915,"bairro_dado_vinculado":"-","regiao_planejamento":"Centro-Oeste","shape.STArea()":4.5522812921892015e-05,"shape.STLength()":0.028152739599132736}},{"type":"Feature","id":19,"geometry":{"type":"Polygon","coordinates":[[[-43.387415351999948,-21.733793666350248],[-43.387490768999953,-21.733586658350291],[-43.387664106999978,-21.733430282350284],[-43.38783739399998,-21.733224227350313],[-43.388036305999947,-21.732995842350309],[-43.388209591999953,-21.732789786350285],[-43.388382676999981,-21.73265598735032],[-43.388531041999954,-21.732517431350299],[-43.388728643999968,-21.732406451350318],[-43.388876503999938,-21.732313051350285],[-43.389025421999975,-21.732179016350322],[-43.389148512999952,-21.732085375350298],[-43.389297178999982,-21.731973918350281],[-43.389494727999931,-21.731813258350339],[-43.389642889999948,-21.731746957350339],[-43.389815518999974,-21.731653798350333],[-43.389963680999983,-21.731587496350329],[-43.390259450999963,-21.731450372350348],[-43.390703129999963,-21.731269523350353],[-43.39104873399998,-21.730997397350336],[-43.391122940999935,-21.730952957350322],[-43.39124658399993,-21.730863836350348],[-43.391345758999925,-21.730747379350362],[-43.39154390799996,-21.730586723350374],[-43.391617508999957,-21.730542277350374],[-43.391692617999979,-21.730362361350334],[-43.391817966999952,-21.73006551335034],[-43.391843437999967,-21.729948341350362],[-43.391969036999967,-21.729628915350379],[-43.39199521099993,-21.729448523350385],[-43.391996917999954,-21.7292407973504],[-43.391998070999932,-21.7290827443504],[-43.392000177999932,-21.728784700350367],[-43.391954103999979,-21.728418445350425],[-43.391883262999954,-21.728051950350388],[-43.391787753999949,-21.727730376350411],[-43.396045950999962,-21.729695551350353],[-43.39579096999995,-21.730840182350335],[-43.395142796999956,-21.732026163350287],[-43.394372623999971,-21.733098054350304],[-43.394051182999931,-21.733370421350283],[-43.39395276099998,-21.73341914435029],[-43.393730242999936,-21.733597632350246],[-43.393457633999958,-21.733825309350244],[-43.393136441999957,-21.734075096350274],[-43.392815248999959,-21.734324882350254],[-43.392543640999975,-21.734462246350251],[-43.39222344999996,-21.734621718350258],[-43.391852462999971,-21.734893599350254],[-43.391766297999936,-21.734926633350266],[-43.391680132999966,-21.734959667350211],[-43.391409025999963,-21.735051872350269],[-43.391236945999935,-21.735095362350261],[-43.390990607999981,-21.735187806350218],[-43.390768737999963,-21.735253392350227],[-43.390547167999955,-21.73534607735024],[-43.390202152999954,-21.735455626350241],[-43.390078957999947,-21.73550410635022],[-43.389881706999972,-21.735637671350208],[-43.389708719999931,-21.735708247350253],[-43.389536890999977,-21.735729157350242],[-43.389353589999978,-21.735900851350191],[-43.389163803999963,-21.736030978350229],[-43.388949741999966,-21.7362268533502],[-43.388688965999961,-21.736389280350213],[-43.388380621999936,-21.736595235350222],[-43.388225652999957,-21.736769689350201],[-43.387905168999964,-21.737008518350216],[-43.387608713999953,-21.737203590350202],[-43.387289578999976,-21.737321455350198],[-43.387052707999949,-21.737451121350208],[-43.386771091999954,-21.737371393350216],[-43.386417994999931,-21.737367952350166],[-43.385972214999981,-21.737231633350195],[-43.385619609999935,-21.737184204350182],[-43.385443676999955,-21.737127500350205],[-43.385620086999957,-21.736715222350224],[-43.385794896999975,-21.736713357350226],[-43.385991496999964,-21.736692694350186],[-43.386139666999952,-21.7366263963502],[-43.386312959999941,-21.736420343350208],[-43.386337981999922,-21.736398007350239],[-43.386438172999931,-21.73619124135023],[-43.386586996999938,-21.736012047350229],[-43.386686835999967,-21.735782697350253],[-43.386762760999943,-21.735530534350225],[-43.386838179999977,-21.735323527350268],[-43.386889838999942,-21.73502596635025],[-43.386965660999969,-21.734728640350241],[-43.387066505999947,-21.734408977350274],[-43.387141118999978,-21.734274220350265],[-43.387191364999971,-21.734157291350275],[-43.387241307999943,-21.734067455350246],[-43.387266075999946,-21.734067696350252],[-43.387415351999948,-21.733793666350248]]]},"properties":{"OBJECTID":19,"nro":34,"nome":"Industrial","qtd_contrib_oficina_1_centro":null,"qtd_contrib_oficina_2_oeste":null,"qtd_contrib_oficina_3_leste":null,"qtd_contrib_oficina_4_nordeste":null,"qtd_contrib_oficina_5_vilas_nu":3,"qtd_contrib_oficina_6_n_co":null,"qtd_contrib_oficina_7_sudeste":null,"qtd_contrib_oficina_8_sul":null,"qtd_inscricoes_vaf":78,"observacao":"-","fonte":"PDDU","ano":"2000","vaf_2018":116332846,"vaf_2019":109494594,"vaf_2020":107740071,"vaf_2021":81418725,"vaf_2022":61337608,"bairro_dado_vinculado":"-","regiao_planejamento":"Centro-Oeste","shape.STArea()":3.912746772645401e-05,"shape.STLength()":0.031281495277837551}},{"type":"Feature","id":20,"geometry":{"type":"Polygon","coordinates":[[[-43.392720999999938,-21.739865267350137],[-43.392943829999979,-21.73965968835013],[-43.393093452999949,-21.73940823735013],[-43.393145050999976,-21.739115189350134],[-43.393147007999971,-21.738884885350146],[-43.393123942999978,-21.738676919350127],[-43.392953413999983,-21.738472037350146],[-43.392783286999929,-21.738285224350179],[-43.392538902999945,-21.738147368350148],[-43.392244976999962,-21.73800902835017],[-43.39200034199996,-21.737893749350178],[-43.39180489599994,-21.737756367350187],[-43.39160919699998,-21.737641562350184],[-43.391463090999935,-21.737522723350203],[-43.391218355999975,-21.737362280350187],[-43.391145402999939,-21.737293829350179],[-43.391023412999971,-21.737179740350218],[-43.390925691999939,-21.737111048350208],[-43.390705525999977,-21.736968908350175],[-43.390485664999972,-21.736853867350209],[-43.390338754999959,-21.736807277350206],[-43.390216763999945,-21.736693188350181],[-43.390094775999955,-21.73657909935023],[-43.389924102999949,-21.73644195535022],[-43.389728710999975,-21.736300054350217],[-43.389558037999961,-21.736162909350231],[-43.389521510999941,-21.736106103350188],[-43.389484986999939,-21.736049297350224],[-43.389473228999975,-21.735992730350223],[-43.389461474999962,-21.73593616435021],[-43.389536890999977,-21.735729157350242],[-43.389708719999931,-21.735708247350253],[-43.389881706999972,-21.735637671350208],[-43.390078957999947,-21.73550410635022],[-43.390202152999954,-21.735455626350241],[-43.390547167999955,-21.73534607735024],[-43.390768737999963,-21.735253392350227],[-43.390990607999981,-21.735187806350218],[-43.391236945999935,-21.735095362350261],[-43.391409025999963,-21.735051872350269],[-43.391680132999966,-21.734959667350211],[-43.391852462999971,-21.734893599350254],[-43.39222344999996,-21.734621718350258],[-43.392543640999975,-21.734462246350251],[-43.392815248999959,-21.734324882350254],[-43.393136441999957,-21.734075096350274],[-43.393457633999958,-21.733825309350244],[-43.393730242999936,-21.733597632350246],[-43.39395276099998,-21.73341914435029],[-43.394051182999931,-21.733370421350283],[-43.394372623999971,-21.733098054350304],[-43.395142796999956,-21.732026163350287],[-43.395848614999984,-21.732832360350308],[-43.395945584999936,-21.732968784350309],[-43.396092044999925,-21.733110203350293],[-43.396262720999978,-21.7332473413503],[-43.39638521399997,-21.733316269350265],[-43.396507455999931,-21.733407776350294],[-43.396605178999948,-21.733476465350293],[-43.396800772999946,-21.733546100350271],[-43.396898996999937,-21.733569632350271],[-43.397070674999952,-21.733616457350294],[-43.397267019999958,-21.733618358350256],[-43.397389763999968,-21.733664707350258],[-43.397486985999933,-21.733778552350294],[-43.397608428999945,-21.733942308350247],[-43.397681382999963,-21.734010756350276],[-43.397827792999976,-21.734102496350292],[-43.398049011999944,-21.734149798350277],[-43.398220337999931,-21.734174037350236],[-43.398490992999939,-21.73417665435025],[-43.398588663999931,-21.734195665350249],[-43.398784563999989,-21.73429239835027],[-43.398955743999977,-21.734384377350274],[-43.399053217999949,-21.734475641350262],[-43.399297354999931,-21.734636068350273],[-43.399492108999937,-21.734890855350233],[-43.399638773999982,-21.735014208350222],[-43.399764443999977,-21.735123810350224],[-43.399901948999975,-21.735256108350253],[-43.400126453999974,-21.735443440350245],[-43.400248346999945,-21.735512360350246],[-43.400419881999937,-21.735626921350207],[-43.40048558999996,-21.735695298350201],[-43.400639501999933,-21.73576452735022],[-43.400811433999934,-21.735788769350208],[-43.400983011999983,-21.735790426350192],[-43.401204130999979,-21.735792562350234],[-43.401361763999944,-21.735798600350208],[-43.401523525999949,-21.7358137103502],[-43.401685188999977,-21.73583785335023],[-43.401613314999963,-21.736053933350245],[-43.40174245299994,-21.736068729350201],[-43.401840678999982,-21.736092258350233],[-43.401963072999934,-21.736116020350188],[-43.402134755999953,-21.736162839350225],[-43.402331209999943,-21.736209895350207],[-43.402502643999981,-21.736279292350204],[-43.402698493999935,-21.736326344350207],[-43.402820992999978,-21.736395268350211],[-43.40304086499998,-21.736510293350225],[-43.402521140999959,-21.737011088350208],[-43.402323097999954,-21.737216919350217],[-43.402153511999991,-21.737597563350182],[-43.401784627999973,-21.737956928350179],[-43.401318907999951,-21.738557307350142],[-43.400995518999935,-21.739060080350125],[-43.400269507999944,-21.73977891635014],[-43.399789934999944,-21.740566119350145],[-43.39932517099993,-21.741078518350069],[-43.398813201999985,-21.741601458350118],[-43.398359103999951,-21.742212937350086],[-43.39797830699996,-21.742583175350081],[-43.39756256499993,-21.742920079350085],[-43.39709924999994,-21.743300513350036],[-43.396420859999978,-21.744096644350016],[-43.396276393999983,-21.743774599350004],[-43.396105102999975,-21.743637455350012],[-43.395934916999977,-21.743455159350027],[-43.39578894899995,-21.743268584350034],[-43.395593992999977,-21.743086048350044],[-43.395399035999958,-21.742903513350079],[-43.395374516999937,-21.742880694350045],[-43.394983402999962,-21.74262399935008],[-43.39486140399999,-21.742509911350055],[-43.394642180999938,-21.742281979350089],[-43.394422609999936,-21.742139849350067],[-43.394202131999975,-21.742024807350063],[-43.393958492999957,-21.741819216350077],[-43.39378695399995,-21.741704648350066],[-43.393615519999969,-21.741635243350085],[-43.393468854999973,-21.741566077350075],[-43.393298975999983,-21.741356686350088],[-43.39312939499996,-21.741011814350127],[-43.393032924999943,-21.740830232350092],[-43.392910679999936,-21.740738722350091],[-43.392861992999947,-21.740715669350081],[-43.392763764999984,-21.740692135350102],[-43.392493200999972,-21.74073466935009],[-43.392246800999942,-21.740777437350108],[-43.391976287999967,-21.740869648350085],[-43.391681452999933,-21.740866783350093],[-43.391411790999932,-21.740773840350119],[-43.391191420999974,-21.740703956350092],[-43.391069027999947,-21.740680186350097],[-43.391241614999956,-21.740591541350113],[-43.391439677999983,-21.740385724350112],[-43.391588551999973,-21.740202009350128],[-43.391761641999949,-21.740068207350131],[-43.391934280999969,-21.73997504635015],[-43.392205094999952,-21.739909933350145],[-43.39245038599995,-21.739912317350097],[-43.392720999999938,-21.739865267350137]]]},"properties":{"OBJECTID":20,"nro":35,"nome":"Francisco Bernardino","qtd_contrib_oficina_1_centro":null,"qtd_contrib_oficina_2_oeste":null,"qtd_contrib_oficina_3_leste":null,"qtd_contrib_oficina_4_nordeste":null,"qtd_contrib_oficina_5_vilas_nu":14,"qtd_contrib_oficina_6_n_co":null,"qtd_contrib_oficina_7_sudeste":null,"qtd_contrib_oficina_8_sul":null,"qtd_inscricoes_vaf":105,"observacao":"-","fonte":"PDDU","ano":"2000","vaf_2018":94161885,"vaf_2019":121047209,"vaf_2020":107686282,"vaf_2021":109677122,"vaf_2022":97258095,"bairro_dado_vinculado":"-","regiao_planejamento":"Centro-Oeste","shape.STArea()":7.7334838039451014e-05,"shape.STLength()":0.041735367128052606}},{"type":"Feature","id":21,"geometry":{"type":"Polygon","coordinates":[[[-43.399789934999944,-21.740566119350145],[-43.400269507999944,-21.73977891635014],[-43.400995518999935,-21.739060080350125],[-43.401318907999951,-21.738557307350142],[-43.401784627999973,-21.737956928350179],[-43.402153511999991,-21.737597563350182],[-43.402323097999954,-21.737216919350217],[-43.402444991999971,-21.737285838350214],[-43.402479207999932,-21.737325899350211],[-43.402542221999965,-21.73739968035018],[-43.402687943999979,-21.737608829350165],[-43.402810049999971,-21.737768073350193],[-43.402906779999967,-21.737927071350153],[-43.403126709999988,-21.738091775350185],[-43.40334519299995,-21.738387432350166],[-43.40351493999998,-21.738664555350148],[-43.403735170999937,-21.73880216335013],[-43.403955545999963,-21.738872030350162],[-43.404200691999961,-21.738942135350129],[-43.404372380999973,-21.738988952350127],[-43.404617277999932,-21.739081636350171],[-43.404813131999958,-21.739128685350146],[-43.405106718999939,-21.739244417350132],[-43.405254239999977,-21.739291000350164],[-43.405572098999983,-21.739452127350159],[-43.405645010999933,-21.739525088350153],[-43.405742492999934,-21.739616351350108],[-43.406011416999945,-21.739777006350103],[-43.406280339999974,-21.739937660350112],[-43.406500027999989,-21.74012493835011],[-43.406768454999956,-21.740330749350104],[-43.407111586999974,-21.740446955350127],[-43.407454968999957,-21.740540583350128],[-43.407773330999923,-21.740656549350145],[-43.40784679099994,-21.740679836350115],[-43.408190067999946,-21.740728300350078],[-43.408583431999936,-21.740727566350124],[-43.408976143999951,-21.740731341350099],[-43.409320712999943,-21.740662394350114],[-43.409690004999959,-21.740598200350114],[-43.409837314999947,-21.740554454350089],[-43.410127204999988,-21.741171436350079],[-43.409809668999969,-21.744054214350022],[-43.410297417999963,-21.74453761134999],[-43.407511144999944,-21.748873431349946],[-43.406600731999951,-21.749072410349886],[-43.406403068999957,-21.749187926349929],[-43.406156215999943,-21.749325550349919],[-43.405934682999941,-21.749413739349901],[-43.405712796999978,-21.749479343349893],[-43.405441773999939,-21.749616733349917],[-43.405194420999976,-21.749799511349917],[-43.404873602999942,-21.749959001349904],[-43.404676236999933,-21.750047421349898],[-43.40465181899998,-21.750069766349881],[-43.404330606999963,-21.750319573349877],[-43.404157464999969,-21.75045790334989],[-43.403984619999967,-21.750569140349885],[-43.403565417999971,-21.750772839349885],[-43.403268369999978,-21.751022876349865],[-43.402922629999978,-21.751249864349873],[-43.402502874999982,-21.751503231349844],[-43.402182100999937,-21.751658199349844],[-43.401935738999953,-21.751750659349863],[-43.401515884999981,-21.752067250349853],[-43.401392428999941,-21.752138314349853],[-43.401046932999975,-21.752342720349809],[-43.400775346999978,-21.752475578349834],[-43.40062747199994,-21.752568987349825],[-43.400454622999973,-21.752680222349838],[-43.400281473999939,-21.752818547349804],[-43.400084351999965,-21.752884384349823],[-43.399715776999983,-21.752880819349837],[-43.399618540999938,-21.752766974349793],[-43.399546222999959,-21.752585629349813],[-43.399424513999975,-21.752444452349827],[-43.39927873399995,-21.752239816349853],[-43.399157422999963,-21.752008318349851],[-43.399012143999975,-21.751758525349835],[-43.398890686999948,-21.751594768349843],[-43.39872113499996,-21.751299579349872],[-43.398673392999974,-21.751136536349875],[-43.398577605999947,-21.750837543349892],[-43.398407055999947,-21.750632667349898],[-43.398261131999959,-21.75049577034989],[-43.39808987999993,-21.750354111349896],[-43.397919684999977,-21.750171819349859],[-43.397773908999966,-21.749967182349895],[-43.39767672499994,-21.749848821349868],[-43.397602907999953,-21.749802944349877],[-43.397529444999975,-21.749779652349897],[-43.39740679199997,-21.749778464349905],[-43.397258813999947,-21.749826709349918],[-43.397087469999974,-21.749802468349909],[-43.39694054499995,-21.749755883349906],[-43.39691577199995,-21.749755643349889],[-43.396744073999969,-21.749708819349912],[-43.396621671999981,-21.749685052349893],[-43.39649841399995,-21.749683858349893],[-43.396351237999959,-21.749659851349914],[-43.396106431999961,-21.749612317349882],[-43.395910214999958,-21.74954267334989],[-43.395713994999937,-21.74947302834989],[-43.39556732099993,-21.749403864349922],[-43.395396127999952,-21.749311882349904],[-43.395175889999969,-21.749174261349893],[-43.395005497999932,-21.749010029349918],[-43.39485897499997,-21.748873123349899],[-43.394712552999977,-21.748781380349914],[-43.394712803999937,-21.748758802349894],[-43.39466350999993,-21.74873574334989],[-43.394492567999983,-21.748621180349939],[-43.394297206999966,-21.748528962349923],[-43.394027779999924,-21.748413444349946],[-43.393881107999952,-21.748344279349944],[-43.393734134999924,-21.748248014349919],[-43.39356294199996,-21.748156029349939],[-43.393367330999972,-21.748086388349954],[-43.393195385999945,-21.74806213834993],[-43.393048212999922,-21.748038129349919],[-43.392876518999969,-21.747991300349938],[-43.392729044999953,-21.747994384349948],[-43.392581871999944,-21.747970374349947],[-43.39248338799996,-21.74796941734995],[-43.392238082999938,-21.747967034349902],[-43.392114826999943,-21.747965836349955],[-43.392041718999963,-21.747965127349957],[-43.391967755999985,-21.747986988349954],[-43.39189348999998,-21.748035943349965],[-43.392215521999958,-21.747713911349926],[-43.392584230999951,-21.747649751349957],[-43.392806170999954,-21.747579648349923],[-43.393003790999956,-21.747468665349967],[-43.393325014999959,-21.747218880349987],[-43.393498664999989,-21.747035405349958],[-43.393770696999979,-21.74680772234996],[-43.393943742999973,-21.746624241349945],[-43.394117592999976,-21.746422702349975],[-43.394365100999941,-21.746172200350006],[-43.394539149999957,-21.745898404349965],[-43.394714500999953,-21.74550720134998],[-43.394839607999977,-21.745232931350014],[-43.39506294499995,-21.744982193349976],[-43.395260456999942,-21.744826043350031],[-43.39548278999996,-21.744665618349984],[-43.39560699499998,-21.744526822350007],[-43.395656183999961,-21.744504718350022],[-43.395853797999955,-21.744393730350016],[-43.396100045999958,-21.744256117350023],[-43.396272989999943,-21.744190050350042],[-43.396420859999978,-21.744096644350016],[-43.39709924999994,-21.743300513350036],[-43.39756256499993,-21.742920079350085],[-43.39797830699996,-21.742583175350081],[-43.398359103999951,-21.742212937350086],[-43.398813201999985,-21.741601458350118],[-43.39932517099993,-21.741078518350069],[-43.399789934999944,-21.740566119350145]]]},"properties":{"OBJECTID":21,"nro":36,"nome":"Milho Branco","qtd_contrib_oficina_1_centro":null,"qtd_contrib_oficina_2_oeste":null,"qtd_contrib_oficina_3_leste":null,"qtd_contrib_oficina_4_nordeste":null,"qtd_contrib_oficina_5_vilas_nu":13,"qtd_contrib_oficina_6_n_co":null,"qtd_contrib_oficina_7_sudeste":null,"qtd_contrib_oficina_8_sul":null,"qtd_inscricoes_vaf":94,"observacao":"-","fonte":"PDDU","ano":"2000","vaf_2018":81321176,"vaf_2019":88814735,"vaf_2020":97953968,"vaf_2021":76748076,"vaf_2022":63552470,"bairro_dado_vinculado":"-","regiao_planejamento":"Centro-Oeste","shape.STArea()":0.00014537587785187653,"shape.STLength()":0.052395837734857266}},{"type":"Feature","id":22,"geometry":{"type":"Polygon","coordinates":[[[-43.389668719999975,-21.740653020350116],[-43.389988272999979,-21.740606452350093],[-43.39020914699995,-21.740631181350114],[-43.390675914999967,-21.740658301350081],[-43.391069027999947,-21.740680186350097],[-43.391191420999974,-21.740703956350092],[-43.391411790999932,-21.740773840350119],[-43.391681452999933,-21.740866783350093],[-43.391976287999967,-21.740869648350085],[-43.392246800999942,-21.740777437350108],[-43.392493200999972,-21.74073466935009],[-43.392763764999984,-21.740692135350102],[-43.392861992999947,-21.740715669350081],[-43.392910679999936,-21.740738722350091],[-43.393032924999943,-21.740830232350092],[-43.39312939499996,-21.741011814350127],[-43.393298975999983,-21.741356686350088],[-43.393468854999973,-21.741566077350075],[-43.393615519999969,-21.741635243350085],[-43.39378695399995,-21.741704648350066],[-43.393958492999957,-21.741819216350077],[-43.394202131999975,-21.742024807350063],[-43.394422609999936,-21.742139849350067],[-43.394642180999938,-21.742281979350089],[-43.39486140399999,-21.742509911350055],[-43.394983402999962,-21.74262399935008],[-43.395374516999937,-21.742880694350045],[-43.395399035999958,-21.742903513350079],[-43.395593992999977,-21.743086048350044],[-43.39578894899995,-21.743268584350034],[-43.395934916999977,-21.743455159350027],[-43.396105102999975,-21.743637455350012],[-43.396276393999983,-21.743774599350004],[-43.396420859999978,-21.744096644350016],[-43.396272989999943,-21.744190050350042],[-43.396100045999958,-21.744256117350023],[-43.395853797999955,-21.744393730350016],[-43.395656183999961,-21.744504718350022],[-43.39560699499998,-21.744526822350007],[-43.39548278999996,-21.744665618349984],[-43.395260456999942,-21.744826043350031],[-43.39506294499995,-21.744982193349976],[-43.394839607999977,-21.745232931350014],[-43.394714500999953,-21.74550720134998],[-43.394539149999957,-21.745898404349965],[-43.394365100999941,-21.746172200350006],[-43.394117592999976,-21.746422702349975],[-43.393943742999973,-21.746624241349945],[-43.393770696999979,-21.74680772234996],[-43.393498664999989,-21.747035405349958],[-43.393325014999959,-21.747218880349987],[-43.393003790999956,-21.747468665349967],[-43.392806170999954,-21.747579648349923],[-43.392584230999951,-21.747649751349957],[-43.392215521999958,-21.747713911349926],[-43.39189348999998,-21.748035943349965],[-43.389301134999975,-21.746579120349981],[-43.389375802999957,-21.746439846349993],[-43.389376809999931,-21.746349533349957],[-43.389304557999935,-21.746163669349944],[-43.389281801999964,-21.745982802349971],[-43.38921045799998,-21.745661463350007],[-43.389187901999946,-21.745408341350011],[-43.389190067999948,-21.74515997535001],[-43.389166252999992,-21.745019743349985],[-43.389143746999942,-21.744816299350013],[-43.389121442999965,-21.744540597350024],[-43.389073611999954,-21.74433239035001],[-43.389051408999926,-21.744101851350049],[-43.389052718999942,-21.743876058350025],[-43.389054531999932,-21.743713495350026],[-43.389030918999936,-21.743555200350013],[-43.388933443999981,-21.743463930350043],[-43.388811199999964,-21.743372417350074],[-43.388713776999964,-21.743276630350053],[-43.389488428999982,-21.741703525350115],[-43.389168318999964,-21.741745571350084],[-43.389242783999975,-21.741678553350102],[-43.389367141999969,-21.741472021350116],[-43.389467030999988,-21.741292348350072],[-43.389591387999985,-21.741085817350076],[-43.389642641999949,-21.740878574350106],[-43.389668719999975,-21.740653020350116]]]},"properties":{"OBJECTID":22,"nro":37,"nome":"Carlos Chagas","qtd_contrib_oficina_1_centro":null,"qtd_contrib_oficina_2_oeste":null,"qtd_contrib_oficina_3_leste":null,"qtd_contrib_oficina_4_nordeste":null,"qtd_contrib_oficina_5_vilas_nu":null,"qtd_contrib_oficina_6_n_co":null,"qtd_contrib_oficina_7_sudeste":null,"qtd_contrib_oficina_8_sul":null,"qtd_inscricoes_vaf":21,"observacao":"-","fonte":"PDDU","ano":"2000","vaf_2018":2334005,"vaf_2019":3422246,"vaf_2020":1664286,"vaf_2021":936441,"vaf_2022":1207767,"bairro_dado_vinculado":"-","regiao_planejamento":"Centro-Oeste","shape.STArea()":3.6470097580475507e-05,"shape.STLength()":0.024258535682246927}},{"type":"Feature","id":23,"geometry":{"type":"Polygon","coordinates":[[[-43.387289578999976,-21.737321455350198],[-43.387608713999953,-21.737203590350202],[-43.387905168999964,-21.737008518350216],[-43.388225652999957,-21.736769689350201],[-43.388380621999936,-21.736595235350222],[-43.388688965999961,-21.736389280350213],[-43.388949741999966,-21.7362268533502],[-43.389163803999963,-21.736030978350229],[-43.389353589999978,-21.735900851350191],[-43.389536890999977,-21.735729157350242],[-43.389461474999962,-21.73593616435021],[-43.389473228999975,-21.735992730350223],[-43.389484986999939,-21.736049297350224],[-43.389521510999941,-21.736106103350188],[-43.389558037999961,-21.736162909350231],[-43.389728710999975,-21.736300054350217],[-43.389924102999949,-21.73644195535022],[-43.390094775999955,-21.73657909935023],[-43.390216763999945,-21.736693188350181],[-43.390338754999959,-21.736807277350206],[-43.390485664999972,-21.736853867350209],[-43.390705525999977,-21.736968908350175],[-43.390925691999939,-21.737111048350208],[-43.391023412999971,-21.737179740350218],[-43.391145402999939,-21.737293829350179],[-43.391218355999975,-21.737362280350187],[-43.391463090999935,-21.737522723350203],[-43.39160919699998,-21.737641562350184],[-43.39180489599994,-21.737756367350187],[-43.39200034199996,-21.737893749350178],[-43.392244976999962,-21.73800902835017],[-43.392538902999945,-21.738147368350148],[-43.392783286999929,-21.738285224350179],[-43.392953413999983,-21.738472037350146],[-43.393123942999978,-21.738676919350127],[-43.393147007999971,-21.738884885350146],[-43.393145050999976,-21.739115189350134],[-43.393093452999949,-21.73940823735013],[-43.392943829999979,-21.73965968835013],[-43.392720999999938,-21.739865267350137],[-43.39245038599995,-21.739912317350097],[-43.392205094999952,-21.739909933350145],[-43.391934280999969,-21.73997504635015],[-43.391761641999949,-21.740068207350131],[-43.391588551999973,-21.740202009350128],[-43.391439677999983,-21.740385724350112],[-43.391241614999956,-21.740591541350113],[-43.391069027999947,-21.740680186350097],[-43.390675914999967,-21.740658301350081],[-43.39020914699995,-21.740631181350114],[-43.389988272999979,-21.740606452350093],[-43.389668719999975,-21.740653020350116],[-43.389642641999949,-21.740878574350106],[-43.389591387999985,-21.741085817350076],[-43.389467030999988,-21.741292348350072],[-43.389367141999969,-21.741472021350116],[-43.389242783999975,-21.741678553350102],[-43.389168318999964,-21.741745571350084],[-43.385644867999986,-21.743057047350067],[-43.385499670999934,-21.742802728350046],[-43.385327986999982,-21.742755892350086],[-43.385205086999981,-21.74277727435009],[-43.38518031499995,-21.742777032350077],[-43.385131376999929,-21.742776555350073],[-43.385082439999962,-21.742776077350076],[-43.384078620999951,-21.742359830350043],[-43.383265391999942,-21.742677048350068],[-43.383043758999975,-21.742720045350033],[-43.382945882999941,-21.742719088350036],[-43.382808844999943,-21.741412591350102],[-43.382661376999977,-21.741415667350079],[-43.382514212999979,-21.741391647350071],[-43.382367301999977,-21.741345051350066],[-43.382196377999946,-21.741230477350118],[-43.382074442999965,-21.741111867350106],[-43.381855495999957,-21.740861339350122],[-43.381367452999946,-21.740468182350121],[-43.380147661999956,-21.739431092350131],[-43.379901562999976,-21.739500941350137],[-43.379050121999974,-21.738485512350149],[-43.379079723999943,-21.738040188350165],[-43.379081090999932,-21.737663883350201],[-43.379645309999944,-21.73778230935017],[-43.379648759999952,-21.737366860350168],[-43.379551703999937,-21.73718526635021],[-43.379430230999958,-21.737026013350221],[-43.37930956699995,-21.736794510350222],[-43.379261195999966,-21.736635973350218],[-43.379191699999978,-21.736152068350222],[-43.379290176999973,-21.736153031350209],[-43.379413070999931,-21.736131654350217],[-43.379535711999949,-21.736132855350188],[-43.379781851999951,-21.736112683350242],[-43.380002666999985,-21.736087747350197],[-43.380224290999934,-21.736044755350221],[-43.380421142999985,-21.736001520350204],[-43.380617793999932,-21.735976347350221],[-43.380838910999955,-21.735978510350193],[-43.381011091999937,-21.73598019335024],[-43.381231954999969,-21.736004934350252],[-43.381354849999987,-21.735983554350224],[-43.381600435999978,-21.735958859350252],[-43.38199398699993,-21.735940125350211],[-43.382165562999944,-21.735941801350226],[-43.382362260999969,-21.735966304350235],[-43.382730334999962,-21.736010545350194],[-43.382754851999948,-21.736033365350227],[-43.382999628999983,-21.736080918350222],[-43.383196327999947,-21.736105419350203],[-43.383441456999947,-21.736175556350222],[-43.383833746999983,-21.736269707350218],[-43.383980652999981,-21.736316303350222],[-43.384176243999946,-21.736385953350204],[-43.38439645099993,-21.736523586350209],[-43.384739804999981,-21.736617260350187],[-43.384935899999952,-21.736641754350174],[-43.385107830999978,-21.736666011350202],[-43.385278903999961,-21.736712841350219],[-43.385451085999939,-21.736714521350194],[-43.38557372899993,-21.736715717350229],[-43.385620086999957,-21.736715222350224],[-43.385443676999955,-21.737127500350205],[-43.385619609999935,-21.737184204350182],[-43.385972214999981,-21.737231633350195],[-43.386417994999931,-21.737367952350166],[-43.386771091999954,-21.737371393350216],[-43.387052707999949,-21.737451121350208],[-43.387289578999976,-21.737321455350198]]]},"properties":{"OBJECTID":23,"nro":38,"nome":"Cerâmica","qtd_contrib_oficina_1_centro":null,"qtd_contrib_oficina_2_oeste":null,"qtd_contrib_oficina_3_leste":null,"qtd_contrib_oficina_4_nordeste":null,"qtd_contrib_oficina_5_vilas_nu":null,"qtd_contrib_oficina_6_n_co":null,"qtd_contrib_oficina_7_sudeste":null,"qtd_contrib_oficina_8_sul":null,"qtd_inscricoes_vaf":2,"observacao":"-","fonte":"PDDU","ano":"2000","vaf_2018":24323458,"vaf_2019":11255046,"vaf_2020":4163035,"vaf_2021":4174687,"vaf_2022":0,"bairro_dado_vinculado":"-","regiao_planejamento":"Centro-Oeste","shape.STArea()":6.3762041113622019e-05,"shape.STLength()":0.038671231981916646}},{"type":"Feature","id":24,"geometry":{"type":"Polygon","coordinates":[[[-43.373285451999948,-21.737448970350162],[-43.373458445999972,-21.737378412350157],[-43.37370515899994,-21.737200192350215],[-43.373951763999969,-21.737085195350197],[-43.374148872999967,-21.737019390350181],[-43.374444510999979,-21.736950035350183],[-43.378601089999961,-21.736286283350214],[-43.379191699999978,-21.736152068350222],[-43.379261195999966,-21.736635973350218],[-43.37930956699995,-21.736794510350222],[-43.379430230999958,-21.737026013350221],[-43.379551703999937,-21.73718526635021],[-43.379648759999952,-21.737366860350168],[-43.379645309999944,-21.73778230935017],[-43.379081090999932,-21.737663883350201],[-43.378909413999956,-21.73761704135018],[-43.378664381999954,-21.737592061350192],[-43.378419253999937,-21.737521918350183],[-43.378222398999981,-21.737565151350182],[-43.377975697999943,-21.737634992350205],[-43.377630968999938,-21.737771612350169],[-43.377286036999976,-21.737926295350167],[-43.37706309199995,-21.738086690350194],[-43.37669267299998,-21.738358541350163],[-43.376469569999983,-21.738586674350177],[-43.376047877999945,-21.739065762350112],[-43.37469015399995,-21.739928560350108],[-43.372595686999937,-21.737695092350179],[-43.372718584999973,-21.737673720350195],[-43.372817314999963,-21.737652109350165],[-43.372989960999973,-21.737558968350189],[-43.373285451999948,-21.737448970350162]]]},"properties":{"OBJECTID":24,"nro":39,"nome":"São Dimas","qtd_contrib_oficina_1_centro":null,"qtd_contrib_oficina_2_oeste":null,"qtd_contrib_oficina_3_leste":null,"qtd_contrib_oficina_4_nordeste":null,"qtd_contrib_oficina_5_vilas_nu":null,"qtd_contrib_oficina_6_n_co":null,"qtd_contrib_oficina_7_sudeste":null,"qtd_contrib_oficina_8_sul":null,"qtd_inscricoes_vaf":null,"observacao":"-","fonte":"PDDU","ano":"2000","vaf_2018":null,"vaf_2019":null,"vaf_2020":null,"vaf_2021":null,"vaf_2022":null,"bairro_dado_vinculado":"-","regiao_planejamento":"Centro-Oeste","shape.STArea()":1.2044548805035503e-05,"shape.STLength()":0.017388813582564156}},{"type":"Feature","id":25,"geometry":{"type":"Polygon","coordinates":[[[-43.37710144399994,-21.739459964350164],[-43.377225004999957,-21.739325692350135],[-43.377373736999971,-21.739209731350151],[-43.377596332999985,-21.739026753350146],[-43.377818624999975,-21.738870867350126],[-43.378138839999963,-21.738711424350161],[-43.378385443999946,-21.738596422350124],[-43.378607829999957,-21.738485697350178],[-43.378878191999945,-21.738461248350156],[-43.379050121999974,-21.738485512350149],[-43.379901562999976,-21.739500941350137],[-43.380147661999956,-21.739431092350131],[-43.381367452999946,-21.740468182350121],[-43.381855495999957,-21.740861339350122],[-43.382074442999965,-21.741111867350106],[-43.382196377999946,-21.741230477350118],[-43.382367301999977,-21.741345051350066],[-43.382514212999979,-21.741391647350071],[-43.382661376999977,-21.741415667350079],[-43.382808844999943,-21.741412591350102],[-43.382945882999941,-21.742719088350036],[-43.382013552999986,-21.742556429350092],[-43.38179141399997,-21.742644580350085],[-43.380284794999966,-21.743691129350026],[-43.378453791999959,-21.742304819350078],[-43.378255611999975,-21.742465457350082],[-43.378058288999966,-21.742603523350059],[-43.377885436999975,-21.742714732350066],[-43.377638727999965,-21.742784571350057],[-43.377393941999976,-21.742737010350076],[-43.377148297999952,-21.742712022350066],[-43.376952352999986,-21.742619778350051],[-43.37668304999994,-21.742549395350061],[-43.376461826999957,-21.742502065350042],[-43.376315678999958,-21.742387727350096],[-43.37602176199993,-21.742249361350058],[-43.375752966999983,-21.742133821350087],[-43.375730435999962,-21.741880698350101],[-43.376621044999972,-21.741130730350086],[-43.376036424999938,-21.740461126350102],[-43.376284555999973,-21.740210659350105],[-43.376334253999971,-21.740143405350128],[-43.376433395999982,-21.74003147435014],[-43.376557263999985,-21.739870110350129],[-43.37670564699993,-21.739731565350112],[-43.376878748999957,-21.739597780350113],[-43.37710144399994,-21.739459964350164]]]},"properties":{"OBJECTID":25,"nro":40,"nome":"Esplanada","qtd_contrib_oficina_1_centro":null,"qtd_contrib_oficina_2_oeste":null,"qtd_contrib_oficina_3_leste":null,"qtd_contrib_oficina_4_nordeste":null,"qtd_contrib_oficina_5_vilas_nu":null,"qtd_contrib_oficina_6_n_co":null,"qtd_contrib_oficina_7_sudeste":null,"qtd_contrib_oficina_8_sul":null,"qtd_inscricoes_vaf":14,"observacao":"-","fonte":"PDDU","ano":"2000","vaf_2018":null,"vaf_2019":1061139,"vaf_2020":867686,"vaf_2021":921015,"vaf_2022":928557,"bairro_dado_vinculado":"-","regiao_planejamento":"Centro-Oeste","shape.STArea()":2.1007226759081507e-05,"shape.STLength()":0.02061072581207779}},{"type":"Feature","id":26,"geometry":{"type":"Polygon","coordinates":[[[-43.389168318999964,-21.741745571350084],[-43.389488428999982,-21.741703525350115],[-43.388713776999964,-21.743276630350053],[-43.388811199999964,-21.743372417350074],[-43.388933443999981,-21.743463930350043],[-43.389030918999936,-21.743555200350013],[-43.389054531999932,-21.743713495350026],[-43.389052718999942,-21.743876058350025],[-43.389051408999926,-21.744101851350049],[-43.389073611999954,-21.74433239035001],[-43.389121442999965,-21.744540597350024],[-43.389143746999942,-21.744816299350013],[-43.389166252999992,-21.745019743349985],[-43.389190067999948,-21.74515997535001],[-43.389187901999946,-21.745408341350011],[-43.38921045799998,-21.745661463350007],[-43.389281801999964,-21.745982802349971],[-43.389304557999935,-21.746163669349944],[-43.389376809999931,-21.746349533349957],[-43.389375802999957,-21.746439846349993],[-43.389301134999975,-21.746579120349981],[-43.39189348999998,-21.748035943349965],[-43.391024714999958,-21.749106854349936],[-43.387799816999973,-21.746934822349953],[-43.386435971999951,-21.748506688349906],[-43.38628723599993,-21.748622657349895],[-43.386212613999923,-21.748757413349917],[-43.386162460999977,-21.748919505349892],[-43.386135467999964,-21.749172143349892],[-43.386109632999933,-21.749375117349881],[-43.386083646999964,-21.749537445349919],[-43.386081980999968,-21.749740653349864],[-43.386078849999933,-21.750129009349891],[-43.386076374999966,-21.75040446734986],[-43.386075162999937,-21.750567036349853],[-43.386098267999948,-21.750770488349847],[-43.38597288699998,-21.751067328349873],[-43.385897861999979,-21.75118401534986],[-43.385822985999937,-21.751341348349861],[-43.385796999999968,-21.751503675349866],[-43.385795837999986,-21.751661728349866],[-43.385769851999953,-21.751824055349868],[-43.385745178999969,-21.751868976349837],[-43.38562105799997,-21.752052925349862],[-43.385521813999951,-21.752119699349866],[-43.385349711999943,-21.752163180349839],[-43.385177511999984,-21.752161500349814],[-43.384956319999951,-21.752163857349835],[-43.384809494999956,-21.75216242434982],[-43.38461252299993,-21.752160502349863],[-43.384563580999945,-21.752160023349866],[-43.384318171999951,-21.752112465349846],[-43.384097283999949,-21.752087728349867],[-43.383950107999965,-21.75206371034983],[-43.383827705999977,-21.752039934349849],[-43.38372947199997,-21.752016393349837],[-43.383606765999957,-21.752019711349817],[-43.383459590999962,-21.751995693349844],[-43.383312415999967,-21.751971674349814],[-43.383041981999952,-21.751946451349859],[-43.382870638999975,-21.751922195349838],[-43.38260020599995,-21.751896972349819],[-43.382379570999944,-21.751849653349844],[-43.38215893499995,-21.751802335349858],[-43.381839813999932,-21.751754053349835],[-43.381544907999967,-21.751755685349856],[-43.381373312999983,-21.751754006349831],[-43.381151918999926,-21.751774421349868],[-43.380979718999981,-21.751772737349828],[-43.38083224099995,-21.751775809349855],[-43.380488191999973,-21.751795022349839],[-43.380390056999943,-21.751816642349816],[-43.380316342999947,-21.751815921349827],[-43.379948691999971,-21.751676839349855],[-43.379728563999947,-21.751584361349849],[-43.379532352999945,-21.751514697349844],[-43.379312478999964,-21.75139964134987],[-43.379214499999932,-21.751353520349834],[-43.379117281999982,-21.751239666349846],[-43.379020112999974,-21.751121295349858],[-43.37889888199993,-21.750939463349859],[-43.378826086999936,-21.750803266349891],[-43.378631193999979,-21.750616196349856],[-43.378533723999958,-21.750524919349907],[-43.378387213999993,-21.750388000349901],[-43.378167803999922,-21.750178108349861],[-43.378143032999958,-21.750177866349873],[-43.378070079999929,-21.7501094103499],[-43.377923922999976,-21.749995074349897],[-43.377703955999948,-21.749834854349896],[-43.377533330999938,-21.749693181349858],[-43.377362305999952,-21.749533441349907],[-43.377216149999974,-21.74941910634988],[-43.377093908999946,-21.749327584349896],[-43.376947148999932,-21.749213242349875],[-43.376678294999969,-21.749048025349929],[-43.376507874999966,-21.748888289349921],[-43.376385887999966,-21.748774190349902],[-43.376239733999967,-21.748659853349942],[-43.376117239999985,-21.748590909349918],[-43.376019314999951,-21.748540271349921],[-43.37599509599994,-21.748544550349923],[-43.375921338999945,-21.748494149349913],[-43.375774675999935,-21.748424968349894],[-43.375578723999979,-21.74833272234995],[-43.375481003999937,-21.748264022349904],[-43.375408053999934,-21.748195564349917],[-43.375261645999956,-21.748103804349942],[-43.375016913999957,-21.747943337349955],[-43.374894770999958,-21.747896977349949],[-43.374698312999953,-21.74784988734995],[-43.374428746999975,-21.74780207834992],[-43.378344713999979,-21.746585022349979],[-43.378372384999977,-21.746219487349972],[-43.378398482999955,-21.745993939349962],[-43.378449909999972,-21.745718960349993],[-43.378575553999958,-21.745399546350026],[-43.378798567999979,-21.745126249349987],[-43.378997160999972,-21.744875292350006],[-43.379122042999938,-21.744623613350047],[-43.379320886999956,-21.744350078350017],[-43.380284794999966,-21.743691129350026],[-43.38179141399997,-21.742644580350085],[-43.382013552999986,-21.742556429350092],[-43.382945882999941,-21.742719088350036],[-43.383043758999975,-21.742720045350033],[-43.383265391999942,-21.742677048350068],[-43.384078620999951,-21.742359830350043],[-43.385082439999962,-21.742776077350076],[-43.385131376999929,-21.742776555350073],[-43.385205086999981,-21.74277727435009],[-43.385327986999982,-21.742755892350086],[-43.385499670999934,-21.742802728350046],[-43.385644867999986,-21.743057047350067],[-43.389168318999964,-21.741745571350084]]]},"properties":{"OBJECTID":26,"nro":41,"nome":"Monte Castelo","qtd_contrib_oficina_1_centro":null,"qtd_contrib_oficina_2_oeste":null,"qtd_contrib_oficina_3_leste":null,"qtd_contrib_oficina_4_nordeste":null,"qtd_contrib_oficina_5_vilas_nu":null,"qtd_contrib_oficina_6_n_co":null,"qtd_contrib_oficina_7_sudeste":null,"qtd_contrib_oficina_8_sul":null,"qtd_inscricoes_vaf":null,"observacao":"-","fonte":"PDDU","ano":"2000","vaf_2018":null,"vaf_2019":null,"vaf_2020":null,"vaf_2021":null,"vaf_2022":null,"bairro_dado_vinculado":"-","regiao_planejamento":"Centro-Oeste","shape.STArea()":9.2191446893129529e-05,"shape.STLength()":0.049871171502347607}},{"type":"Feature","id":27,"geometry":{"type":"Polygon","coordinates":[[[-43.367230368999969,-21.744839682350005],[-43.368589242999981,-21.74394657835003],[-43.37469015399995,-21.739928560350108],[-43.376047877999945,-21.739065762350112],[-43.376469569999983,-21.738586674350177],[-43.37669267299998,-21.738358541350163],[-43.37706309199995,-21.738086690350194],[-43.377286036999976,-21.737926295350167],[-43.377630968999938,-21.737771612350169],[-43.377975697999943,-21.737634992350205],[-43.378222398999981,-21.737565151350182],[-43.378419253999937,-21.737521918350183],[-43.378664381999954,-21.737592061350192],[-43.378909413999956,-21.73761704135018],[-43.379081090999932,-21.737663883350201],[-43.379079723999943,-21.738040188350165],[-43.379050121999974,-21.738485512350149],[-43.378878191999945,-21.738461248350156],[-43.378607829999957,-21.738485697350178],[-43.378385443999946,-21.738596422350124],[-43.378138839999963,-21.738711424350161],[-43.377818624999975,-21.738870867350126],[-43.377596332999985,-21.739026753350146],[-43.377373736999971,-21.739209731350151],[-43.377225004999957,-21.739325692350135],[-43.37710144399994,-21.739459964350164],[-43.376878748999957,-21.739597780350113],[-43.37670564699993,-21.739731565350112],[-43.376557263999985,-21.739870110350129],[-43.376433395999982,-21.74003147435014],[-43.376334253999971,-21.740143405350128],[-43.376284555999973,-21.740210659350105],[-43.376036424999938,-21.740461126350102],[-43.376621044999972,-21.741130730350086],[-43.375730435999962,-21.741880698350101],[-43.375752966999983,-21.742133821350087],[-43.37602176199993,-21.742249361350058],[-43.376315678999958,-21.742387727350096],[-43.376461826999957,-21.742502065350042],[-43.37668304999994,-21.742549395350061],[-43.376952352999986,-21.742619778350051],[-43.377148297999952,-21.742712022350066],[-43.377393941999976,-21.742737010350076],[-43.377638727999965,-21.742784571350057],[-43.377885436999975,-21.742714732350066],[-43.378058288999966,-21.742603523350059],[-43.378255611999975,-21.742465457350082],[-43.378453791999959,-21.742304819350078],[-43.380284794999966,-21.743691129350026],[-43.379320886999956,-21.744350078350017],[-43.379122042999938,-21.744623613350047],[-43.378997160999972,-21.744875292350006],[-43.378798567999979,-21.745126249349987],[-43.378575553999958,-21.745399546350026],[-43.378449909999972,-21.745718960349993],[-43.378398482999955,-21.745993939349962],[-43.378372384999977,-21.746219487349972],[-43.378344713999979,-21.746585022349979],[-43.374428746999975,-21.74780207834992],[-43.37425706099998,-21.747755230349924],[-43.374085216999958,-21.747776123349908],[-43.373838801999959,-21.747818862349945],[-43.37366665299993,-21.747866847349918],[-43.373445009999955,-21.747909830349943],[-43.373248138999941,-21.747953056349935],[-43.373075734999929,-21.748023619349947],[-43.372829414999956,-21.748111518349948],[-43.372680923999951,-21.748204896349904],[-43.372582535999975,-21.748249090349905],[-43.37255785899999,-21.748294009349916],[-43.372409927999968,-21.748337714349898],[-43.372213004999935,-21.748385454349929],[-43.372065326999966,-21.748406582349933],[-43.371893131999968,-21.748404888349928],[-43.371795507999934,-21.748381346349927],[-43.371697278999932,-21.748357800349904],[-43.371598889999973,-21.748401993349912],[-43.371524618999963,-21.748450939349908],[-43.37140094899997,-21.748540044349941],[-43.371448710999971,-21.748698577349927],[-43.371187013999929,-21.748862625349911],[-43.370831625999983,-21.749085403349927],[-43.370419648999984,-21.749337554349893],[-43.370324978999975,-21.749395496349919],[-43.370323663999955,-21.749385442349883],[-43.370310562999975,-21.749305083349906],[-43.37030356799994,-21.749265523349905],[-43.370296381999928,-21.749224885349928],[-43.370280968999964,-21.749144884349906],[-43.370264266999982,-21.749065112349925],[-43.370244133999954,-21.748972162349922],[-43.370212533999961,-21.748863194349919],[-43.37017755699997,-21.748769373349909],[-43.37014152099993,-21.748690805349913],[-43.370139762999941,-21.748686971349944],[-43.370139480999967,-21.748686356349896],[-43.370130540999988,-21.748687264349908],[-43.370047200999977,-21.748619924349928],[-43.369989681999982,-21.748525802349914],[-43.369934317999927,-21.748440980349891],[-43.369878633999981,-21.748345900349914],[-43.369825283999944,-21.748249660349902],[-43.369822511999985,-21.748251284349955],[-43.369758262999937,-21.748129830349946],[-43.369636082999925,-21.748075433349904],[-43.369505682999943,-21.74804156134995],[-43.369501396999965,-21.748041893349953],[-43.369499901999973,-21.748041504349921],[-43.36936501699995,-21.748051934349952],[-43.369230504999962,-21.748065799349941],[-43.368982589999966,-21.748112987349927],[-43.368890313999941,-21.748125133349944],[-43.368886859999975,-21.748125587349907],[-43.368802167999945,-21.748106958349904],[-43.368716960999961,-21.748100473349933],[-43.368715446999943,-21.748100358349951],[-43.368690522999934,-21.74810069934993],[-43.368646729999966,-21.748110130349946],[-43.368643420999945,-21.748110842349931],[-43.368588394999961,-21.748093698349958],[-43.368511487999967,-21.748086049349904],[-43.368442218999974,-21.748053912349953],[-43.368371105999984,-21.748034633349942],[-43.368286306999948,-21.747991261349952],[-43.368188081999968,-21.747953192349932],[-43.368096324999961,-21.747902971349951],[-43.368004060999972,-21.747853569349942],[-43.367923091999955,-21.747810695349919],[-43.367830537999964,-21.747761771349907],[-43.367729768999943,-21.747708071349955],[-43.367630058999964,-21.747652670349947],[-43.36757169699996,-21.747620243349957],[-43.367543885999964,-21.747604791349929],[-43.367450451999957,-21.747553213349935],[-43.367375626999944,-21.747515663349919],[-43.367286337999985,-21.747470855349935],[-43.367201613999953,-21.747428339349938],[-43.367197796999967,-21.747426424349953],[-43.367069280999942,-21.747398379349928],[-43.367031304999955,-21.747390092349981],[-43.36697907599995,-21.747378695349944],[-43.366968048999979,-21.74737628834993],[-43.366863199999955,-21.747353408349969],[-43.36672157899995,-21.747373637349938],[-43.366602567999962,-21.747375010349963],[-43.366461651999941,-21.747384024349962],[-43.366449809999956,-21.747384782349968],[-43.366449509999939,-21.747384801349931],[-43.366378079999947,-21.747441353349931],[-43.366354545999975,-21.747422766349928],[-43.366251876999968,-21.747341498349957],[-43.366228229999933,-21.747322780349968],[-43.366159782999944,-21.74726859834994],[-43.366082690999967,-21.747207574349947],[-43.366008800999964,-21.747149084349928],[-43.365935448999949,-21.747091021349945],[-43.365868605999935,-21.747038110349941],[-43.365861546999959,-21.747032522349972],[-43.365796580999984,-21.746981098349984],[-43.365722578999964,-21.746922520349933],[-43.365654418999945,-21.746868566349988],[-43.365619989999978,-21.746846133349962],[-43.365290586999947,-21.746631502349963],[-43.365286475999937,-21.746628823349976],[-43.365243388999943,-21.74665352834997],[-43.365214447999961,-21.746670123349958],[-43.365115183999933,-21.746727038349952],[-43.365099197999939,-21.746736202349965],[-43.365081724999982,-21.746746220349976],[-43.365015600999982,-21.746784134349941],[-43.36499937199995,-21.746793440349972],[-43.364990609999957,-21.746798464349936],[-43.364983285999983,-21.746802663349978],[-43.364916923999935,-21.746840713349975],[-43.36490049799994,-21.74685013034998],[-43.364884189999948,-21.74685948134994],[-43.364818244999974,-21.746897291349978],[-43.364798889999967,-21.74690838934994],[-43.364785116999947,-21.746916286349986],[-43.364740328999972,-21.746941966349947],[-43.36472032599994,-21.746953436349955],[-43.364699874999985,-21.74696516034993],[-43.364685238999982,-21.746973553349964],[-43.364656903999958,-21.746989798349961],[-43.364621647999961,-21.747010012349968],[-43.364573684999989,-21.747037514349934],[-43.364554921999968,-21.747045987349967],[-43.364520450999976,-21.747063689349943],[-43.364487254999972,-21.747080736349979],[-43.364418146999981,-21.747116229349956],[-43.364401680999954,-21.747124687349935],[-43.364312680999952,-21.747162066349976],[-43.364206417999981,-21.747206696349966],[-43.364100076999932,-21.747251358349956],[-43.364099884999973,-21.747251442349977],[-43.364102100999958,-21.747255871349974],[-43.364063739999942,-21.747279515349931],[-43.364083948999962,-21.747313937349933],[-43.364158208999974,-21.747435865349928],[-43.36418464299993,-21.747479268349935],[-43.364212926999976,-21.747525707349936],[-43.364213034999977,-21.74752588534993],[-43.364215037999934,-21.747529174349946],[-43.364209893999941,-21.747536631349924],[-43.364208480999935,-21.747538680349972],[-43.36420837999998,-21.747538827349945],[-43.364205538999954,-21.747539600349963],[-43.364117573999977,-21.74756355134997],[-43.363968712999963,-21.747642543349961],[-43.363964059999944,-21.747634533349913],[-43.363784246999955,-21.747325030349948],[-43.363778741999965,-21.747318015349954],[-43.363847064999959,-21.747289365349957],[-43.363840618999973,-21.747275666349932],[-43.363753353999982,-21.74709019634998],[-43.363693870999953,-21.746969827349982],[-43.363689425999951,-21.746960833349938],[-43.363687310999978,-21.74695655334996],[-43.363689486999931,-21.74695549634993],[-43.363706257999972,-21.746947351349956],[-43.363715820999971,-21.746942706349969],[-43.363796485999956,-21.746903528349957],[-43.363845092999945,-21.746880730349975],[-43.363899740999955,-21.746855099349954],[-43.364526080999951,-21.746561332349952],[-43.364782458999976,-21.74641912234997],[-43.365130293999982,-21.746226180349957],[-43.365257997999947,-21.746155343349951],[-43.365277830999965,-21.746144342349993],[-43.365688161999977,-21.745906154349971],[-43.365692821999964,-21.745903335349997],[-43.366251611999985,-21.745565333349976],[-43.366422033999982,-21.745457775350008],[-43.366396153999972,-21.745420591350008],[-43.366382432999956,-21.745396967350008],[-43.367230368999969,-21.744839682350005]]]},"properties":{"OBJECTID":27,"nro":42,"nome":"Fábrica","qtd_contrib_oficina_1_centro":null,"qtd_contrib_oficina_2_oeste":null,"qtd_contrib_oficina_3_leste":null,"qtd_contrib_oficina_4_nordeste":null,"qtd_contrib_oficina_5_vilas_nu":1,"qtd_contrib_oficina_6_n_co":null,"qtd_contrib_oficina_7_sudeste":null,"qtd_contrib_oficina_8_sul":null,"qtd_inscricoes_vaf":null,"observacao":"-","fonte":"PDDU","ano":"2000","vaf_2018":null,"vaf_2019":null,"vaf_2020":null,"vaf_2021":null,"vaf_2022":null,"bairro_dado_vinculado":"-","regiao_planejamento":"Centro-Oeste","shape.STArea()":7.5363795928823016e-05,"shape.STLength()":0.052102150607098351}},{"type":"Feature","id":28,"geometry":{"type":"Polygon","coordinates":[[[-43.363371991999941,-21.744303878350042],[-43.36353208799995,-21.74428638134999],[-43.36375686599996,-21.744271296350036],[-43.364116570999954,-21.744244052350005],[-43.364500455999966,-21.744190154350022],[-43.364870900999968,-21.744118354350036],[-43.365127628999971,-21.744011278350019],[-43.365305982999992,-21.743896792350053],[-43.36546914499997,-21.743792057350017],[-43.365502485999968,-21.743599327350044],[-43.365548384999954,-21.743334000350025],[-43.365672052999969,-21.743244900350057],[-43.365771000999985,-21.743151038350039],[-43.365870664999932,-21.742993959350081],[-43.366019732999973,-21.742742531350064],[-43.366120467999963,-21.742490623350076],[-43.366342988999975,-21.742262500350087],[-43.366492149999949,-21.742056231350098],[-43.366541852999937,-21.741988980350083],[-43.36669177899995,-21.741714979350064],[-43.366840845999945,-21.741463549350069],[-43.367138441999941,-21.741168423350111],[-43.367485440999985,-21.740778945350129],[-43.367831714999966,-21.740506878350114],[-43.370622560999948,-21.73869180635015],[-43.371634384999936,-21.738123701350151],[-43.372595686999937,-21.737695092350179],[-43.37469015399995,-21.739928560350108],[-43.368589242999981,-21.74394657835003],[-43.367543917999967,-21.744633607350021],[-43.367230368999969,-21.744839682350005],[-43.366382432999956,-21.745396967350008],[-43.366396153999972,-21.745420591350008],[-43.366422033999982,-21.745457775350008],[-43.366251611999985,-21.745565333349976],[-43.366164616999988,-21.745617954349985],[-43.365692821999964,-21.745903335349997],[-43.365688161999977,-21.745906154349971],[-43.365277830999965,-21.746144342349993],[-43.365257997999947,-21.746155343349951],[-43.365130293999982,-21.746226180349957],[-43.364782458999976,-21.74641912234997],[-43.364526080999951,-21.746561332349952],[-43.363899740999955,-21.746855099349954],[-43.363845092999945,-21.746880730349975],[-43.363796485999956,-21.746903528349957],[-43.363715820999971,-21.746942706349969],[-43.363706257999972,-21.746947351349956],[-43.363689486999931,-21.74695549634993],[-43.363687310999978,-21.74695655334996],[-43.363689425999951,-21.746960833349938],[-43.363693870999953,-21.746969827349982],[-43.36298599099996,-21.747210572349957],[-43.361335445999941,-21.747772295349922],[-43.360940878999941,-21.747930966349923],[-43.360621047999985,-21.748000055349944],[-43.360276750999965,-21.748041804349942],[-43.360129021999967,-21.748067436349952],[-43.359766047999983,-21.748104484349923],[-43.359397698999949,-21.748082769349914],[-43.359177077999959,-21.748035419349922],[-43.35895697199993,-21.747942915349913],[-43.358760826999962,-21.747868713349913],[-43.358565492999951,-21.747776454349946],[-43.358295843999933,-21.74768345834995],[-43.358124934999978,-21.747568860349912],[-43.357954372999984,-21.747476847349958],[-43.357807373999954,-21.747385067349963],[-43.357563268999975,-21.747224582349936],[-43.35729504699998,-21.74705934034996],[-43.357099110999968,-21.746967074349932],[-43.356903521999982,-21.746897391349936],[-43.356658132999932,-21.746849793349963],[-43.356314558999941,-21.746828318349976],[-43.35624084899996,-21.746827585349955],[-43.355970265999986,-21.746870058349959],[-43.355896555999948,-21.746869325349977],[-43.355625664999934,-21.746938890349963],[-43.355404365999959,-21.747004433349968],[-43.355305111999947,-21.747071188349938],[-43.355058309999954,-21.747253894349967],[-43.354908780999949,-21.747437565349959],[-43.354809874999944,-21.747526904349961],[-43.354636434999968,-21.747687758349961],[-43.354413848999968,-21.747866187349914],[-43.354264149999949,-21.748117598349928],[-43.354065254999966,-21.748391100349949],[-43.353891644999976,-21.748619693349923],[-43.353766883999981,-21.748803610349924],[-43.353592500999973,-21.749099936349936],[-43.353419108999958,-21.749256273349896],[-43.352717909999967,-21.750762176349877],[-43.351978737999964,-21.752046408349827],[-43.352859412999976,-21.749110704349917],[-43.351790759999979,-21.748874260349929],[-43.351770915999964,-21.748706968349914],[-43.351771996999965,-21.748612142349906],[-43.351821966999978,-21.748522318349934],[-43.35184742399997,-21.748409670349901],[-43.351874645999935,-21.748089300349903],[-43.351900924999939,-21.747904404349907],[-43.35192763099996,-21.747629189349926],[-43.351978285999969,-21.747426471349964],[-43.351979623999966,-21.747309067349939],[-43.35200701499997,-21.746920959349957],[-43.352033809999966,-21.746690906349968],[-43.35205952299998,-21.746555679349981],[-43.352085713999941,-21.746325621349992],[-43.352110999999979,-21.746280713349993],[-43.35218673299994,-21.746051147349956],[-43.352285807999984,-21.745894072349959],[-43.352385538999954,-21.745732487349965],[-43.352534207999952,-21.745571388349997],[-43.352682398999946,-21.745505121349975],[-43.352855838999972,-21.745344269350014],[-43.353177378999931,-21.745071989349974],[-43.353324964999949,-21.745005717350022],[-43.353448383999933,-21.744939204350029],[-43.353670077999944,-21.744891732350034],[-43.353941429999963,-21.744781531349986],[-43.357583641999952,-21.744066682350049],[-43.357927439999969,-21.743999202350007],[-43.358018442999935,-21.743993883350036],[-43.358024395999962,-21.744070350350022],[-43.35826410799995,-21.744054847350039],[-43.358367173999966,-21.744048182350038],[-43.358988586999949,-21.744007992350046],[-43.359727243999941,-21.743978509350043],[-43.359736595999955,-21.743978136350012],[-43.359974206999937,-21.743968651350052],[-43.360359679999938,-21.743957480350012],[-43.360361595999962,-21.743957425350025],[-43.360365817999934,-21.743957302350022],[-43.360380508999981,-21.743956876350044],[-43.360385083999979,-21.743956743350029],[-43.360427132999973,-21.743955525350056],[-43.36045390299995,-21.743954749350017],[-43.360593293999948,-21.743950709350056],[-43.360917929999978,-21.743944570349996],[-43.360972580999942,-21.74394353735001],[-43.36107691199993,-21.743944712350036],[-43.361262659999966,-21.74394680635001],[-43.362271439999979,-21.743958177350031],[-43.362332875999982,-21.743958869350049],[-43.362569970999964,-21.743961540350053],[-43.362646580999971,-21.743962550350055],[-43.363156405999966,-21.743969267350018],[-43.363198134999948,-21.74396981735006],[-43.363332161999949,-21.743971583350024],[-43.363333046999969,-21.743971594350029],[-43.363353331999974,-21.744144663350053],[-43.363371991999941,-21.744303878350042]]]},"properties":{"OBJECTID":28,"nro":43,"nome":"Mariano Procópio","qtd_contrib_oficina_1_centro":7,"qtd_contrib_oficina_2_oeste":null,"qtd_contrib_oficina_3_leste":null,"qtd_contrib_oficina_4_nordeste":null,"qtd_contrib_oficina_5_vilas_nu":null,"qtd_contrib_oficina_6_n_co":null,"qtd_contrib_oficina_7_sudeste":null,"qtd_contrib_oficina_8_sul":null,"qtd_inscricoes_vaf":5,"observacao":"-","fonte":"PDDU","ano":"2000","vaf_2018":76516308,"vaf_2019":107162893,"vaf_2020":85663451,"vaf_2021":68999584,"vaf_2022":52371965,"bairro_dado_vinculado":"-","regiao_planejamento":"Centro","shape.STArea()":7.5491882294323023e-05,"shape.STLength()":0.062207848061565069}},{"type":"Feature","id":29,"geometry":{"type":"Polygon","coordinates":[[[-43.363689425999951,-21.746960833349938],[-43.363693870999953,-21.746969827349982],[-43.363753353999982,-21.74709019634998],[-43.363840618999973,-21.747275666349932],[-43.363847064999959,-21.747289365349957],[-43.363778741999965,-21.747318015349954],[-43.363784246999955,-21.747325030349948],[-43.363964059999944,-21.747634533349913],[-43.363968712999963,-21.747642543349961],[-43.364117573999977,-21.74756355134997],[-43.364205538999954,-21.747539600349963],[-43.36420837999998,-21.747538827349945],[-43.364208480999935,-21.747538680349972],[-43.364209893999941,-21.747536631349924],[-43.364215037999934,-21.747529174349946],[-43.364213034999977,-21.74752588534993],[-43.364212926999976,-21.747525707349936],[-43.36418464299993,-21.747479268349935],[-43.364158208999974,-21.747435865349928],[-43.364083948999962,-21.747313937349933],[-43.364063739999942,-21.747279515349931],[-43.364102100999958,-21.747255871349974],[-43.364099884999973,-21.747251442349977],[-43.364100076999932,-21.747251358349956],[-43.364206417999981,-21.747206696349966],[-43.364312680999952,-21.747162066349976],[-43.364401680999954,-21.747124687349935],[-43.364418146999981,-21.747116229349956],[-43.364487254999972,-21.747080736349979],[-43.364520450999976,-21.747063689349943],[-43.364554921999968,-21.747045987349967],[-43.364573684999989,-21.747037514349934],[-43.364621647999961,-21.747010012349968],[-43.364656903999958,-21.746989798349961],[-43.364685238999982,-21.746973553349964],[-43.364699874999985,-21.74696516034993],[-43.36472032599994,-21.746953436349955],[-43.364740328999972,-21.746941966349947],[-43.364785116999947,-21.746916286349986],[-43.364798889999967,-21.74690838934994],[-43.364818244999974,-21.746897291349978],[-43.364884189999948,-21.74685948134994],[-43.36490049799994,-21.74685013034998],[-43.364916923999935,-21.746840713349975],[-43.364983285999983,-21.746802663349978],[-43.364990609999957,-21.746798464349936],[-43.36499937199995,-21.746793440349972],[-43.365015600999982,-21.746784134349941],[-43.365081724999982,-21.746746220349976],[-43.365099197999939,-21.746736202349965],[-43.365115183999933,-21.746727038349952],[-43.365214447999961,-21.746670123349958],[-43.365243388999943,-21.74665352834997],[-43.365286475999937,-21.746628823349976],[-43.365290586999947,-21.746631502349963],[-43.365619989999978,-21.746846133349962],[-43.365654418999945,-21.746868566349988],[-43.365722578999964,-21.746922520349933],[-43.365796580999984,-21.746981098349984],[-43.365861546999959,-21.747032522349972],[-43.365868605999935,-21.747038110349941],[-43.365935448999949,-21.747091021349945],[-43.366008800999964,-21.747149084349928],[-43.366082690999967,-21.747207574349947],[-43.366159782999944,-21.74726859834994],[-43.366228229999933,-21.747322780349968],[-43.366251876999968,-21.747341498349957],[-43.366354545999975,-21.747422766349928],[-43.366378079999947,-21.747441353349931],[-43.366449509999939,-21.747384801349931],[-43.366449809999956,-21.747384782349968],[-43.366461651999941,-21.747384024349962],[-43.366602567999962,-21.747375010349963],[-43.36672157899995,-21.747373637349938],[-43.366863199999955,-21.747353408349969],[-43.366968048999979,-21.74737628834993],[-43.36697907599995,-21.747378695349944],[-43.367031304999955,-21.747390092349981],[-43.367069280999942,-21.747398379349928],[-43.367197796999967,-21.747426424349953],[-43.367201613999953,-21.747428339349938],[-43.367286337999985,-21.747470855349935],[-43.367375626999944,-21.747515663349919],[-43.367450451999957,-21.747553213349935],[-43.367543885999964,-21.747604791349929],[-43.36757169699996,-21.747620243349957],[-43.367630058999964,-21.747652670349947],[-43.367729768999943,-21.747708071349955],[-43.367830537999964,-21.747761771349907],[-43.367923091999955,-21.747810695349919],[-43.368004060999972,-21.747853569349942],[-43.368096324999961,-21.747902971349951],[-43.368188081999968,-21.747953192349932],[-43.368286306999948,-21.747991261349952],[-43.368371105999984,-21.748034633349942],[-43.368442218999974,-21.748053912349953],[-43.368511487999967,-21.748086049349904],[-43.368588394999961,-21.748093698349958],[-43.368643420999945,-21.748110842349931],[-43.368646729999966,-21.748110130349946],[-43.368690522999934,-21.74810069934993],[-43.368715446999943,-21.748100358349951],[-43.368716960999961,-21.748100473349933],[-43.368802167999945,-21.748106958349904],[-43.368886859999975,-21.748125587349907],[-43.368890313999941,-21.748125133349944],[-43.368982589999966,-21.748112987349927],[-43.369230504999962,-21.748065799349941],[-43.36936501699995,-21.748051934349952],[-43.369499901999973,-21.748041504349921],[-43.369501396999965,-21.748041893349953],[-43.369505682999943,-21.74804156134995],[-43.369636082999925,-21.748075433349904],[-43.369758262999937,-21.748129830349946],[-43.369822511999985,-21.748251284349955],[-43.369825283999944,-21.748249660349902],[-43.369878633999981,-21.748345900349914],[-43.369934317999927,-21.748440980349891],[-43.369989681999982,-21.748525802349914],[-43.370047200999977,-21.748619924349928],[-43.370130540999988,-21.748687264349908],[-43.370139480999967,-21.748686356349896],[-43.370139762999941,-21.748686971349944],[-43.37014152099993,-21.748690805349913],[-43.37017755699997,-21.748769373349909],[-43.370212533999961,-21.748863194349919],[-43.370244133999954,-21.748972162349922],[-43.370264266999982,-21.749065112349925],[-43.370280968999964,-21.749144884349906],[-43.370296381999928,-21.749224885349928],[-43.37030356799994,-21.749265523349905],[-43.370310562999975,-21.749305083349906],[-43.370323663999955,-21.749385442349883],[-43.370324978999975,-21.749395496349919],[-43.369720565999948,-21.749765423349913],[-43.369142010999951,-21.750078058349917],[-43.368883382999968,-21.750217814349863],[-43.368612489999968,-21.750287400349904],[-43.36839170099995,-21.750307804349905],[-43.368145280999954,-21.750350535349849],[-43.367998154999952,-21.750376180349896],[-43.367554857999949,-21.750462129349881],[-43.367308992999938,-21.750509380349893],[-43.366989718999939,-21.750528810349913],[-43.366767815999935,-21.750594361349876],[-43.366694102999929,-21.750593633349844],[-43.366521947999956,-21.750641611349891],[-43.366374267999966,-21.750662733349856],[-43.366079162999938,-21.750682400349866],[-43.365808778999963,-21.750706826349845],[-43.365514020999967,-21.750749075349887],[-43.365292882999931,-21.750746891349852],[-43.365047577999974,-21.750744467349847],[-43.364801923999948,-21.75071946034987],[-43.364606017999968,-21.750676879349879],[-43.364458849999949,-21.750652843349872],[-43.36421319599998,-21.750627835349896],[-43.364066026999986,-21.750603799349886],[-43.364014058999942,-21.750923927349866],[-43.363769519999941,-21.750853768349852],[-43.363597322999958,-21.750852065349843],[-43.363327501999947,-21.750826816349868],[-43.363081847999972,-21.750801805349877],[-43.362935190999963,-21.750732613349875],[-43.362789045999939,-21.750618265349864],[-43.362666812999976,-21.750526734349851],[-43.362520411999981,-21.750434964349871],[-43.362398742999972,-21.75029376134988],[-43.362228081999945,-21.750156589349892],[-43.36213113499997,-21.750020148349897],[-43.362058918999935,-21.749834273349908],[-43.361938223999971,-21.749607274349902],[-43.361865279999968,-21.749538811349908],[-43.361742791999973,-21.74946985734989],[-43.361571713999979,-21.749423003349875],[-43.361278199999958,-21.749302678349935],[-43.361082257999954,-21.749210416349921],[-43.360935858999937,-21.749118645349892],[-43.360813628999949,-21.749027112349911],[-43.360716170999979,-21.748935825349939],[-43.360545769999931,-21.74877607434993],[-43.360448362999932,-21.748680271349908],[-43.360400192999975,-21.748612053349948],[-43.36027796299993,-21.748520520349906],[-43.360180505999949,-21.748429233349931],[-43.360107050999943,-21.748405925349939],[-43.36003359599993,-21.748382617349908],[-43.359910945999957,-21.748381400349931],[-43.35976352299997,-21.748379940349906],[-43.359766047999983,-21.748104484349923],[-43.360129021999967,-21.748067436349952],[-43.360276750999965,-21.748041804349942],[-43.360621047999985,-21.748000055349944],[-43.360940878999941,-21.747930966349923],[-43.361335445999941,-21.747772295349922],[-43.36298599099996,-21.747210572349957],[-43.363687310999978,-21.74695655334996],[-43.363689425999951,-21.746960833349938]]]},"properties":{"OBJECTID":29,"nro":44,"nome":"Democrata","qtd_contrib_oficina_1_centro":1,"qtd_contrib_oficina_2_oeste":null,"qtd_contrib_oficina_3_leste":null,"qtd_contrib_oficina_4_nordeste":null,"qtd_contrib_oficina_5_vilas_nu":null,"qtd_contrib_oficina_6_n_co":null,"qtd_contrib_oficina_7_sudeste":null,"qtd_contrib_oficina_8_sul":null,"qtd_inscricoes_vaf":null,"observacao":"-","fonte":"PDDU","ano":"2000","vaf_2018":null,"vaf_2019":null,"vaf_2020":null,"vaf_2021":null,"vaf_2022":null,"bairro_dado_vinculado":"-","regiao_planejamento":"Centro","shape.STArea()":2.6979383061506008e-05,"shape.STLength()":0.025626253249915559}},{"type":"Feature","id":30,"geometry":{"type":"Polygon","coordinates":[[[-43.370819609999955,-21.751458447349837],[-43.370806176999963,-21.750852760349883],[-43.370800594999942,-21.750601093349847],[-43.370864612999974,-21.750568484349891],[-43.370928484999979,-21.750516674349889],[-43.370987187999958,-21.750464816349893],[-43.371043540999949,-21.75041072834987],[-43.371070739999936,-21.750379053349871],[-43.371077129999939,-21.750373260349868],[-43.37110049599994,-21.750348069349897],[-43.371153819999961,-21.750286866349864],[-43.371204256999931,-21.750223564349866],[-43.371235795999951,-21.750186834349893],[-43.371231911999985,-21.750185150349918],[-43.371005239999931,-21.750088374349886],[-43.370996064999979,-21.750084357349905],[-43.370679053999943,-21.749945580349902],[-43.370638271999951,-21.749927734349907],[-43.370638180999947,-21.749927694349875],[-43.370589526999929,-21.749913161349866],[-43.370550670999933,-21.749936309349891],[-43.370308266999992,-21.749858934349898],[-43.370322355999974,-21.749827629349909],[-43.370319369999955,-21.749826683349902],[-43.370320507999963,-21.749818833349874],[-43.370336340999984,-21.749709634349866],[-43.370341734999954,-21.749592329349863],[-43.370336563999956,-21.749484056349914],[-43.370324978999975,-21.749395496349919],[-43.370831625999983,-21.749085403349927],[-43.371448710999971,-21.748698577349927],[-43.37140094899997,-21.748540044349941],[-43.371524618999963,-21.748450939349908],[-43.371598889999973,-21.748401993349912],[-43.371697278999932,-21.748357800349904],[-43.371795507999934,-21.748381346349927],[-43.371893131999968,-21.748404888349928],[-43.372065326999966,-21.748406582349933],[-43.372213004999935,-21.748385454349929],[-43.372409927999968,-21.748337714349898],[-43.37255785899999,-21.748294009349916],[-43.372582535999975,-21.748249090349905],[-43.372680923999951,-21.748204896349904],[-43.372829414999956,-21.748111518349948],[-43.373075734999929,-21.748023619349947],[-43.373248138999941,-21.747953056349935],[-43.373445009999955,-21.747909830349943],[-43.37366665299993,-21.747866847349918],[-43.373838801999959,-21.747818862349945],[-43.374085216999958,-21.747776123349908],[-43.37425706099998,-21.747755230349924],[-43.374428746999975,-21.74780207834992],[-43.374698312999953,-21.74784988734995],[-43.374894770999958,-21.747896977349949],[-43.375016913999957,-21.747943337349955],[-43.375261645999956,-21.748103804349942],[-43.375408053999934,-21.748195564349917],[-43.375481003999937,-21.748264022349904],[-43.375578723999979,-21.74833272234995],[-43.375774675999935,-21.748424968349894],[-43.375921338999945,-21.748494149349913],[-43.37599509599994,-21.748544550349923],[-43.376019314999951,-21.748540271349921],[-43.376117239999985,-21.748590909349918],[-43.376239733999967,-21.748659853349942],[-43.376385887999966,-21.748774190349902],[-43.376507874999966,-21.748888289349921],[-43.376678294999969,-21.749048025349929],[-43.376947148999932,-21.749213242349875],[-43.377093908999946,-21.749327584349896],[-43.377216149999974,-21.74941910634988],[-43.377362305999952,-21.749533441349907],[-43.377533330999938,-21.749693181349858],[-43.377703955999948,-21.749834854349896],[-43.377923922999976,-21.749995074349897],[-43.378070079999929,-21.7501094103499],[-43.378143032999958,-21.750177866349873],[-43.378167803999922,-21.750178108349861],[-43.378387213999993,-21.750388000349901],[-43.378533723999958,-21.750524919349907],[-43.378631193999979,-21.750616196349856],[-43.378826086999936,-21.750803266349891],[-43.37889888199993,-21.750939463349859],[-43.379020112999974,-21.751121295349858],[-43.379117281999982,-21.751239666349846],[-43.379214499999932,-21.751353520349834],[-43.379312478999964,-21.75139964134987],[-43.379532352999945,-21.751514697349844],[-43.379728563999947,-21.751584361349849],[-43.379948691999971,-21.751676839349855],[-43.380316342999947,-21.751815921349827],[-43.380390056999943,-21.751816642349816],[-43.380488191999973,-21.751795022349839],[-43.38083224099995,-21.751775809349855],[-43.380979718999981,-21.751772737349828],[-43.381151918999926,-21.751774421349868],[-43.381373312999983,-21.751754006349831],[-43.381544907999967,-21.751755685349856],[-43.381839813999932,-21.751754053349835],[-43.38215893499995,-21.751802335349858],[-43.382379570999944,-21.751849653349844],[-43.38260020599995,-21.751896972349819],[-43.382870638999975,-21.751922195349838],[-43.383041981999952,-21.751946451349859],[-43.383312415999967,-21.751971674349814],[-43.383459590999962,-21.751995693349844],[-43.383606765999957,-21.752019711349817],[-43.38372947199997,-21.752016393349837],[-43.383827705999977,-21.752039934349849],[-43.383950107999965,-21.75206371034983],[-43.384097283999949,-21.752087728349867],[-43.384318171999951,-21.752112465349846],[-43.384414938999953,-21.752321151349857],[-43.384536429999969,-21.752480402349814],[-43.384584964999938,-21.752571198349795],[-43.384657211999979,-21.752757064349833],[-43.384680468999932,-21.752892775349817],[-43.384703675999965,-21.753033001349792],[-43.38472743899996,-21.753123555349784],[-43.384775720999976,-21.7532369303498],[-43.384774506999982,-21.753399498349811],[-43.384773848999941,-21.753512394349819],[-43.384771876999935,-21.753742696349793],[-43.384745939999959,-21.753900508349787],[-43.384745281999983,-21.754013404349802],[-43.384694015999976,-21.7542206453498],[-43.384668836999936,-21.754310721349782],[-43.384617920999965,-21.754540546349794],[-43.384517713999969,-21.754747309349789],[-43.384443591999968,-21.75483690734977],[-43.384368814999959,-21.754931016349751],[-43.384269667999945,-21.755042950349765],[-43.384219714999972,-21.755132784349758],[-43.384193979999964,-21.755272533349778],[-43.384093867999979,-21.755524457349768],[-43.384042039999933,-21.755889756349767],[-43.384016508999935,-21.755957249349727],[-43.38401534399997,-21.756115301349737],[-43.384013369999934,-21.756345603349708],[-43.384036675999937,-21.756530991349738],[-43.384059932999953,-21.756666702349719],[-43.384083238999956,-21.7568520903497],[-43.384106748999955,-21.75696522334971],[-43.384154778999971,-21.757101176349742],[-43.384201748999942,-21.757331956349724],[-43.384225510999961,-21.757422511349702],[-43.384297506999985,-21.757630955349704],[-43.384345537999934,-21.757766907349701],[-43.384442863999936,-21.757925922349706],[-43.384563397999948,-21.758225163349685],[-43.384610620999979,-21.758433365349692],[-43.384683425999974,-21.758569559349695],[-43.384730901999944,-21.758755183349656],[-43.384753906999947,-21.758913472349672],[-43.38475269199995,-21.759076040349669],[-43.384751527999981,-21.75923409234969],[-43.384725286999981,-21.759418996349662],[-43.384724121999966,-21.759577049349669],[-43.384698132999972,-21.759739376349664],[-43.384672293999991,-21.759942349349661],[-43.384596601999938,-21.760171930349632],[-43.38439673299996,-21.760535783349642],[-43.384248080999953,-21.760696912349626],[-43.384173146999956,-21.760858760349628],[-43.384073236999939,-21.761038428349611],[-43.383973779999955,-21.7611774553496],[-43.38387437599993,-21.761311967349641],[-43.383824720999939,-21.761428901349639],[-43.383777091999946,-21.761597244349613],[-43.383747101999973,-21.761884269349579],[-43.383696893999961,-21.761996682349597],[-43.383646732999978,-21.762158771349608],[-43.383497726999963,-21.762297315349581],[-43.383200973999976,-21.762569897349614],[-43.383028098999944,-21.762681109349582],[-43.382782167999956,-21.7626787053496],[-43.382512013999985,-21.762680580349549],[-43.382340404999979,-21.762678900349588],[-43.382191954999939,-21.762767771349584],[-43.382093001999976,-21.762861641349595],[-43.381895196999949,-21.763040350349584],[-43.381573819999971,-21.763244947349587],[-43.381327427999956,-21.763337374349547],[-43.381179325999931,-21.763448826349542],[-43.380981119999944,-21.763609466349585],[-43.380783975999975,-21.763675277349556],[-43.380611807999976,-21.763723269349562],[-43.380316421999957,-21.763765538349567],[-43.380119784999977,-21.763786192349531],[-43.379972344999942,-21.763784748349575],[-43.379849629999967,-21.763788062349533],[-43.379774895999958,-21.763877652349553],[-43.379626791999947,-21.763989103349552],[-43.379329216999963,-21.764333927349512],[-43.379130342999986,-21.764607460349556],[-43.379006154999956,-21.764741726349524],[-43.378981984999939,-21.764741490349518],[-43.378612668999949,-21.764855287349558],[-43.378391508999982,-21.764853119349524],[-43.378097134999962,-21.764805071349517],[-43.37767893399996,-21.764805485349516],[-43.377335107999954,-21.76480211234955],[-43.377138468999938,-21.764822764349542],[-43.376868311999942,-21.764824628349547],[-43.376769816999968,-21.764823661349546],[-43.376696096999979,-21.764822938349521],[-43.373747586999968,-21.764875259349523],[-43.371081169999975,-21.763439999349554],[-43.375178120999976,-21.761217736349646],[-43.373323872999947,-21.75962790934965],[-43.373296899999957,-21.756927020349735],[-43.373495868999946,-21.756698655349741],[-43.371820145999948,-21.754288641349778],[-43.369224952999957,-21.756195967349715],[-43.369191570999931,-21.757225306349703],[-43.369117949999982,-21.757269741349699],[-43.368994728999951,-21.757318203349708],[-43.368846786999939,-21.757361905349729],[-43.368772815999925,-21.757383756349718],[-43.368649901999959,-21.757405125349738],[-43.368527243999942,-21.757403914349702],[-43.368403928999953,-21.757407215349691],[-43.368256497999937,-21.757405761349716],[-43.368183384999945,-21.757405039349742],[-43.368011434999971,-21.757380763349715],[-43.367864002999966,-21.757379308349694],[-43.367790286999927,-21.757378581349705],[-43.367667628999982,-21.757377370349719],[-43.367544110999965,-21.757398732349699],[-43.367421452999963,-21.757397521349716],[-43.367299048999939,-21.757373733349699],[-43.367250012999939,-21.757328088349691],[-43.367127609999955,-21.757304300349738],[-43.367029886999944,-21.757235594349702],[-43.366956936999941,-21.757167132349696],[-43.36685921399993,-21.75709842734971],[-43.366737228999959,-21.756984319349726],[-43.366614476999985,-21.756937947349741],[-43.366566045999946,-21.75689230834973],[-43.366468067999953,-21.756846179349747],[-43.366296629999965,-21.756776745349732],[-43.366124680999974,-21.756752467349724],[-43.366050964999943,-21.756751739349745],[-43.365953753999968,-21.756637876349718],[-43.36595400899995,-21.756615298349754],[-43.365930564999985,-21.756497649349747],[-43.365906465999956,-21.756384509349758],[-43.365907487999948,-21.756294197349749],[-43.36585978199998,-21.756131147349734],[-43.365811257999944,-21.756040346349735],[-43.365714301999958,-21.755903906349733],[-43.365616887999977,-21.755808106349743],[-43.365396160999978,-21.755715603349735],[-43.365224724999962,-21.755646168349731],[-43.364979828999935,-21.755553426349749],[-43.364952842999969,-21.755538920349782],[-43.365208906999946,-21.755292472349748],[-43.365597673999957,-21.754918295349785],[-43.365652405999981,-21.754865615349775],[-43.365733560999949,-21.754787506349775],[-43.365823043999967,-21.754701380349779],[-43.36583061299995,-21.754696195349759],[-43.36586810099994,-21.754670513349769],[-43.36591221499998,-21.754695987349802],[-43.366229818999955,-21.75487939434975],[-43.366598016999944,-21.754923044349763],[-43.366746196999934,-21.75522222734978],[-43.366917265999973,-21.755298207349743],[-43.366994147999947,-21.755403018349767],[-43.367077789999939,-21.755517048349741],[-43.367603522999957,-21.755077178349776],[-43.36759849699996,-21.755071520349748],[-43.367660364999949,-21.755053009349798],[-43.367728278999948,-21.755032689349758],[-43.367827213999931,-21.754958385349752],[-43.367815963999924,-21.754946728349797],[-43.367996923999954,-21.754784468349772],[-43.368079337999966,-21.754693942349764],[-43.368069408999929,-21.75468310634977],[-43.368156036999949,-21.754583296349768],[-43.368232171999971,-21.754498021349768],[-43.368250199999977,-21.754477828349764],[-43.368293264999977,-21.754428550349754],[-43.368368181999983,-21.754342825349799],[-43.368525854999973,-21.754223339349775],[-43.368641861999947,-21.75423696934979],[-43.368922476999956,-21.754021499349797],[-43.368928565999965,-21.754028144349775],[-43.369043340999951,-21.753928594349777],[-43.369044365999969,-21.753928259349792],[-43.369044031999969,-21.753927954349781],[-43.369112549999961,-21.753864568349819],[-43.369163320999974,-21.753758821349781],[-43.369273815999975,-21.753802184349766],[-43.369348536999951,-21.753713663349817],[-43.369404545999942,-21.753583913349779],[-43.369357494999967,-21.753581021349785],[-43.369282704999932,-21.753576424349806],[-43.369286565999971,-21.753554013349827],[-43.369296030999976,-21.753541207349798],[-43.369321309999982,-21.753363208349775],[-43.369361055999946,-21.75333751734982],[-43.369439539999973,-21.753286786349825],[-43.36943952699994,-21.753286733349832],[-43.36976978499996,-21.753273350349815],[-43.37005804599994,-21.753295913349824],[-43.370331229999984,-21.753281600349823],[-43.370374896999969,-21.753279312349804],[-43.370858072999965,-21.753192661349811],[-43.370843466999929,-21.752534133349851],[-43.370819609999955,-21.751458447349837]]]},"properties":{"OBJECTID":30,"nro":45,"nome":"Borboleta","qtd_contrib_oficina_1_centro":null,"qtd_contrib_oficina_2_oeste":10,"qtd_contrib_oficina_3_leste":null,"qtd_contrib_oficina_4_nordeste":null,"qtd_contrib_oficina_5_vilas_nu":null,"qtd_contrib_oficina_6_n_co":null,"qtd_contrib_oficina_7_sudeste":null,"qtd_contrib_oficina_8_sul":null,"qtd_inscricoes_vaf":66,"observacao":"-","fonte":"PDDU","ano":"2000","vaf_2018":5232421,"vaf_2019":8011077,"vaf_2020":6298221,"vaf_2021":3000243,"vaf_2022":2281095,"bairro_dado_vinculado":"-","regiao_planejamento":"Oeste","shape.STArea()":0.00018126300941434054,"shape.STLength()":0.075738342273759654}},{"type":"Feature","id":31,"geometry":{"type":"Polygon","coordinates":[[[-43.362702106999961,-21.773942930349321],[-43.361736378999979,-21.774659882349312],[-43.361712677999947,-21.774665572349285],[-43.361672699999986,-21.774670628349305],[-43.361639842999978,-21.774671781349266],[-43.361466094999969,-21.774667261349318],[-43.361362743999962,-21.77466224434929],[-43.361357860999931,-21.774662226349314],[-43.361355517999975,-21.774662074349322],[-43.361354026999955,-21.774661923349271],[-43.361352761999967,-21.774661763349318],[-43.361350886999958,-21.77466147034929],[-43.361349030999975,-21.774661113349314],[-43.361347206999937,-21.77466069634929],[-43.361345129999968,-21.774660139349329],[-43.361342863999944,-21.774659443349297],[-43.361341117999984,-21.774658801349318],[-43.361339760999954,-21.774658258349319],[-43.361337744999958,-21.774657407349277],[-43.361335696999951,-21.774656438349286],[-43.361333308999974,-21.774655164349298],[-43.361331388999986,-21.774654019349295],[-43.361329888999933,-21.774653044349325],[-43.361328543999946,-21.774652103349268],[-43.361322738999945,-21.774647735349316],[-43.361327680999977,-21.774587324349312],[-43.361355038999925,-21.774252938349303],[-43.361366731999958,-21.774110006349289],[-43.361371950999967,-21.774046216349337],[-43.361398631999975,-21.773720091349333],[-43.361391812999955,-21.773676947349312],[-43.361297147999949,-21.773077972349327],[-43.361296950999986,-21.773076722349366],[-43.360952229999953,-21.772449205349371],[-43.360559896999966,-21.771868861349386],[-43.360543283999959,-21.771844286349374],[-43.360174756999974,-21.771435631349384],[-43.35971726899993,-21.771075885349376],[-43.359463208999962,-21.770932164349418],[-43.359458939999968,-21.770928697349401],[-43.359448388999972,-21.770930438349421],[-43.359023223999948,-21.770574905349427],[-43.358982967999964,-21.770542217349391],[-43.358865287999954,-21.770463323349379],[-43.358817916999946,-21.770431565349394],[-43.358615804999943,-21.77029396834941],[-43.358548649999932,-21.770248249349397],[-43.358440863999938,-21.770197457349383],[-43.358349007999948,-21.77015243134942],[-43.358279877999962,-21.769886890349401],[-43.35858157399997,-21.769564696349434],[-43.358672193999951,-21.769467917349449],[-43.358678302999976,-21.769461393349431],[-43.358281886999976,-21.768882745349455],[-43.35824902599996,-21.768834777349415],[-43.358233994999978,-21.76881283934943],[-43.358229480999967,-21.768806251349424],[-43.357994804999976,-21.768738797349439],[-43.357860693999946,-21.768700248349429],[-43.357437183999934,-21.768599436349461],[-43.357222352999941,-21.768548297349419],[-43.357012157999975,-21.768495849349453],[-43.357012532999931,-21.768493162349447],[-43.357045221999954,-21.768384284349462],[-43.357076003999964,-21.768335328349465],[-43.35709811199996,-21.768300168349423],[-43.357131828999968,-21.768269560349456],[-43.357395430999929,-21.768030256349459],[-43.357330590999936,-21.767963787349476],[-43.35726320699996,-21.767899567349467],[-43.357179846999948,-21.767826212349483],[-43.357113099999935,-21.767771849349487],[-43.357112647999948,-21.767771481349453],[-43.357111356999951,-21.767770465349454],[-43.357091288999975,-21.767754848349472],[-43.357113572999928,-21.767592100349447],[-43.356672234999962,-21.767587715349496],[-43.356664117999969,-21.767577585349461],[-43.356657517999963,-21.767577510349465],[-43.356484724999973,-21.767381945349459],[-43.356404626999961,-21.767304375349493],[-43.356521961999931,-21.76721858934949],[-43.356524781999958,-21.767215932349448],[-43.356526148999933,-21.767215528349464],[-43.356581354999946,-21.767175166349471],[-43.35664930299999,-21.767099069349488],[-43.35669398199996,-21.767015078349498],[-43.356694585999946,-21.767013943349447],[-43.356698391999949,-21.767015634349463],[-43.356765017999969,-21.766890386349459],[-43.356792531999986,-21.766809370349492],[-43.356808589999957,-21.766619855349511],[-43.356778881999958,-21.766450591349493],[-43.356768045999956,-21.766423882349503],[-43.356767197999943,-21.766419047349476],[-43.356764409999982,-21.766403157349487],[-43.356740957999932,-21.766269538349498],[-43.356730081999956,-21.766104879349491],[-43.356722988999934,-21.766064220349513],[-43.356703066999955,-21.76600900834951],[-43.356461502999935,-21.765339513349517],[-43.355864879999956,-21.765222977349509],[-43.355843138999944,-21.765218729349527],[-43.355742203999966,-21.765199014349527],[-43.35579744599994,-21.764890747349543],[-43.355804304999936,-21.764852480349514],[-43.355806863999938,-21.764853185349551],[-43.355808641999936,-21.764853675349542],[-43.355809072999932,-21.764851260349502],[-43.355809158999925,-21.764850777349551],[-43.355826092999962,-21.764855444349546],[-43.355910613999981,-21.764878742349516],[-43.356515650999931,-21.765045517349542],[-43.356517408999942,-21.765046002349525],[-43.356522736999977,-21.765020478349495],[-43.35652436699997,-21.765012669349545],[-43.356545289999985,-21.764912441349541],[-43.356551915999944,-21.764859140349504],[-43.356572850999953,-21.764690744349526],[-43.35657777299997,-21.764651170349552],[-43.35648359399994,-21.764619675349522],[-43.356300090999973,-21.764557855349544],[-43.356236777999982,-21.764536526349545],[-43.356159824999963,-21.764510791349544],[-43.356067379999956,-21.764473249349557],[-43.355982816999983,-21.764439565349551],[-43.355899511999951,-21.764404810349554],[-43.355809961999967,-21.76437402934954],[-43.355804367999951,-21.764372891349584],[-43.355790970999969,-21.764368286349562],[-43.355701987999964,-21.764350186349528],[-43.355562550999935,-21.764310088349518],[-43.355546451999935,-21.764305458349558],[-43.355549795999941,-21.764210749349555],[-43.355550232999974,-21.764198390349573],[-43.35555065799997,-21.76418636634958],[-43.355550981999947,-21.764177182349542],[-43.35555298799995,-21.76412040834952],[-43.355556766999946,-21.764013383349543],[-43.355560118999961,-21.763918450349536],[-43.355385360999954,-21.763668606349551],[-43.355347644999938,-21.763614686349577],[-43.355462339999967,-21.763153479349597],[-43.355481734999948,-21.76302368934957],[-43.355494951999958,-21.763022336349557],[-43.355562835999933,-21.762749417349564],[-43.355427539999937,-21.762569788349584],[-43.355472234999972,-21.762226894349602],[-43.355478134999942,-21.762181631349602],[-43.35542411299997,-21.76217403534962],[-43.35542187599998,-21.76217372134958],[-43.355350624999971,-21.762163703349582],[-43.355354630999955,-21.762136893349631],[-43.355369442999972,-21.762037785349595],[-43.355385391999953,-21.76193107034959],[-43.355401172999969,-21.761825465349595],[-43.355414224999947,-21.761738137349599],[-43.355463245999943,-21.761410113349598],[-43.355491051999934,-21.761224056349601],[-43.35552247399994,-21.761013797349637],[-43.355526245999954,-21.760988559349599],[-43.355522681999958,-21.760987854349604],[-43.355523638999955,-21.760868551349642],[-43.355588483999952,-21.760594787349611],[-43.35558851299993,-21.760594659349653],[-43.355641434999932,-21.760371232349634],[-43.355677685999979,-21.760218184349611],[-43.355721753999937,-21.760177394349657],[-43.355769942999991,-21.760140897349665],[-43.35582177699996,-21.76010905334963],[-43.355833678999936,-21.760103234349668],[-43.355876740999975,-21.760082180349674],[-43.355891528999955,-21.760076020349668],[-43.355942398999957,-21.760057981349668],[-43.355994757999952,-21.760044153349643],[-43.356065199999939,-21.759773048349636],[-43.356374026999958,-21.759847903349659],[-43.356815554999969,-21.759580600349683],[-43.356826004999959,-21.759582327349666],[-43.356879588999959,-21.759565479349646],[-43.356897334999985,-21.759559899349654],[-43.356960128999958,-21.759540156349658],[-43.357075072999983,-21.759530599349649],[-43.35731544499999,-21.759342717349682],[-43.357326869999959,-21.759333787349647],[-43.357344096999952,-21.759321030349675],[-43.357363057999976,-21.759307619349677],[-43.357597609999971,-21.759141259349683],[-43.35759780199993,-21.759141071349685],[-43.357649914999968,-21.759090873349695],[-43.357618852999963,-21.75907887834968],[-43.357643732999975,-21.75903497734965],[-43.357733724999946,-21.758905206349663],[-43.357805504999931,-21.758847281349698],[-43.357883026999957,-21.758792843349699],[-43.357884462999955,-21.758791219349696],[-43.35790147199998,-21.758771993349693],[-43.35792085199995,-21.758750087349661],[-43.357978216999989,-21.758649578349672],[-43.358058617999973,-21.758509769349665],[-43.358157317999947,-21.758421107349665],[-43.358271919999936,-21.758342650349697],[-43.358395083999945,-21.758261664349696],[-43.358454813999977,-21.758116240349718],[-43.358483602999961,-21.757988425349687],[-43.358517248999931,-21.757883606349687],[-43.358565329999976,-21.757793087349715],[-43.358612172999983,-21.757693934349714],[-43.358659014999944,-21.757594781349702],[-43.35868313199996,-21.757543731349678],[-43.358705856999961,-21.757495627349716],[-43.358752698999979,-21.757396473349715],[-43.358801450999984,-21.757292439349708],[-43.358908174999954,-21.75733519434969],[-43.359399641999971,-21.757532079349733],[-43.359885694999946,-21.757726792349704],[-43.36023938999994,-21.757869083349675],[-43.360245642999985,-21.757871599349674],[-43.360463406999941,-21.757531257349726],[-43.360254464999969,-21.75742039534968],[-43.360255005999932,-21.757420039349704],[-43.360245138999979,-21.757414804349697],[-43.36029533499994,-21.757381844349691],[-43.361095692999982,-21.756856305349746],[-43.362486825999952,-21.755942824349773],[-43.36291366699993,-21.755662536349771],[-43.363020675999962,-21.75559226734973],[-43.363100495999959,-21.755539853349749],[-43.362600341999951,-21.755237443349746],[-43.362088087999958,-21.754927716349748],[-43.361479359999983,-21.754260434349767],[-43.361465860999942,-21.754245638349804],[-43.361457938999941,-21.7542369523498],[-43.361429815999941,-21.754206124349768],[-43.361403813999971,-21.754177622349804],[-43.361432231999963,-21.754167741349761],[-43.361519774999977,-21.754137305349786],[-43.361555358999965,-21.754124934349768],[-43.361685197999975,-21.754079793349785],[-43.361694817999933,-21.7540764493498],[-43.361941650999945,-21.754022101349793],[-43.362021728999935,-21.753997259349784],[-43.362338255999937,-21.753911474349771],[-43.362495309999979,-21.753900410349797],[-43.362674443999936,-21.753909461349796],[-43.362843509999948,-21.753953288349805],[-43.363229691999948,-21.754053399349804],[-43.363292764999983,-21.75407400934979],[-43.363400923999961,-21.75410478034981],[-43.36343101999995,-21.754113883349767],[-43.363575992999976,-21.754157731349782],[-43.363582951999945,-21.754159836349803],[-43.363613130999958,-21.754177685349767],[-43.363644619999953,-21.754207698349777],[-43.363677478999925,-21.75424447434979],[-43.363691668999934,-21.754268915349776],[-43.363717019999974,-21.7543299193498],[-43.363739324999983,-21.754404392349784],[-43.363793729999941,-21.754571254349795],[-43.36381771899994,-21.7546448273498],[-43.363844591999964,-21.754699096349778],[-43.363948658999966,-21.75484499834976],[-43.364153060999961,-21.755096226349785],[-43.36424301999994,-21.755201070349734],[-43.364355842999942,-21.755351194349746],[-43.364415830999974,-21.755457367349745],[-43.364478112999961,-21.755567599349749],[-43.364522695999938,-21.755628669349768],[-43.364569357999983,-21.755677983349727],[-43.364652860999968,-21.755751927349735],[-43.364672346999953,-21.755766455349743],[-43.364685185999974,-21.755776027349754],[-43.364755630999987,-21.755728733349745],[-43.364779071999976,-21.755706167349754],[-43.364782310999942,-21.755703047349719],[-43.364799879999964,-21.755686139349759],[-43.36484891799995,-21.755638943349748],[-43.364952842999969,-21.755538920349782],[-43.364979828999935,-21.755553426349749],[-43.365224724999962,-21.755646168349731],[-43.365396160999978,-21.755715603349735],[-43.365616887999977,-21.755808106349743],[-43.365714301999958,-21.755903906349733],[-43.365811257999944,-21.756040346349735],[-43.36585978199998,-21.756131147349734],[-43.365907487999948,-21.756294197349749],[-43.365906465999956,-21.756384509349758],[-43.365930564999985,-21.756497649349747],[-43.36595995599999,-21.75664514134974],[-43.366050964999943,-21.756751739349745],[-43.366124680999974,-21.756752467349724],[-43.366296629999965,-21.756776745349732],[-43.366468067999953,-21.756846179349747],[-43.366566045999946,-21.75689230834973],[-43.366614476999985,-21.756937947349741],[-43.366737228999959,-21.756984319349726],[-43.36685921399993,-21.75709842734971],[-43.366956936999941,-21.757167132349696],[-43.367029886999944,-21.757235594349702],[-43.367127609999955,-21.757304300349738],[-43.367250012999939,-21.757328088349691],[-43.367299048999939,-21.757373733349699],[-43.367421452999963,-21.757397521349716],[-43.367544110999965,-21.757398732349699],[-43.367667628999982,-21.757377370349719],[-43.367790286999927,-21.757378581349705],[-43.367864002999966,-21.757379308349694],[-43.368011434999971,-21.757380763349715],[-43.368183384999945,-21.757405039349742],[-43.368256497999937,-21.757405761349716],[-43.368403928999953,-21.757407215349691],[-43.368527243999942,-21.757403914349702],[-43.368649901999959,-21.757405125349738],[-43.368772815999925,-21.757383756349718],[-43.368846786999939,-21.757361905349729],[-43.368994728999951,-21.757318203349708],[-43.369117949999982,-21.757269741349699],[-43.369191570999931,-21.757225306349703],[-43.369224952999957,-21.756195967349715],[-43.371820145999948,-21.754288641349778],[-43.373495868999946,-21.756698655349741],[-43.373296899999957,-21.756927020349735],[-43.373323872999947,-21.75962790934965],[-43.375178120999976,-21.761217736349646],[-43.371081169999975,-21.763439999349554],[-43.367697852999981,-21.765551780349515],[-43.366621546999966,-21.765017288349526],[-43.366696663999967,-21.764787709349527],[-43.366771662999952,-21.764675548349523],[-43.366870574999957,-21.764586202349555],[-43.367117742999937,-21.764426064349539],[-43.367265650999968,-21.764332687349562],[-43.367463984999972,-21.764108841349525],[-43.367563202999968,-21.763992402349572],[-43.367588997999974,-21.763902335349545],[-43.367638921999969,-21.763762830349553],[-43.367688887999975,-21.763673001349567],[-43.36771459199997,-21.76353777334954],[-43.367765790999954,-21.7632853773496],[-43.367766557999971,-21.763217643349559],[-43.367767026999957,-21.763122810349572],[-43.367695511999955,-21.762873720349567],[-43.365564088999982,-21.762125581349597],[-43.365611888999986,-21.762333793349612],[-43.365683859999933,-21.762542244349603],[-43.365706587999966,-21.762723112349565],[-43.365753877999964,-21.762976480349572],[-43.365702418999945,-21.763251452349571],[-43.365577239999936,-21.763525696349589],[-43.365452622999953,-21.763750269349547],[-43.365329140999961,-21.763821304349573],[-43.365105977999981,-21.764049419349533],[-43.364958120999972,-21.764138279349535],[-43.364709926999986,-21.764388725349527],[-43.364611013999934,-21.764478069349522],[-43.364388872999939,-21.764615871349562],[-43.364117437999937,-21.764730603349538],[-43.363821371999961,-21.764885737349559],[-43.363673717999973,-21.764956533349533],[-43.363500735999928,-21.765022563349522],[-43.363279104999947,-21.765115207349506],[-43.363032238999949,-21.765248246349501],[-43.362835034999932,-21.765318551349502],[-43.362687685999958,-21.765362253349537],[-43.362539733999945,-21.765405949349496],[-43.361538482999954,-21.767577294349483],[-43.361406335999959,-21.767878562349456],[-43.361552843999959,-21.76801549434942],[-43.36169960899997,-21.768129851349464],[-43.361870709999948,-21.768176707349433],[-43.362066933999984,-21.768246392349461],[-43.362238382999976,-21.768315831349422],[-43.362458613999934,-21.768453494349451],[-43.36260512399997,-21.76859042734948],[-43.362800158999967,-21.768818161349433],[-43.363068445999943,-21.769141459349431],[-43.363215560999947,-21.769278397349456],[-43.363434769999976,-21.769506371349429],[-43.363533102999952,-21.769575085349437],[-43.363777764999952,-21.769690408349426],[-43.364064962999976,-21.771224198349383],[-43.364137753999955,-21.771360402349387],[-43.364235575999935,-21.771474271349401],[-43.364333091999988,-21.771615234349373],[-43.363322287999942,-21.772549090349361],[-43.361607791999973,-21.771904375349362],[-43.362702106999961,-21.773942930349321]]]},"properties":{"OBJECTID":31,"nro":46,"nome":"Imperador","qtd_contrib_oficina_1_centro":null,"qtd_contrib_oficina_2_oeste":13,"qtd_contrib_oficina_3_leste":null,"qtd_contrib_oficina_4_nordeste":null,"qtd_contrib_oficina_5_vilas_nu":null,"qtd_contrib_oficina_6_n_co":null,"qtd_contrib_oficina_7_sudeste":null,"qtd_contrib_oficina_8_sul":null,"qtd_inscricoes_vaf":null,"observacao":"-","fonte":"PDDU","ano":"2000","vaf_2018":null,"vaf_2019":null,"vaf_2020":null,"vaf_2021":null,"vaf_2022":null,"bairro_dado_vinculado":"-","regiao_planejamento":"Oeste","shape.STArea()":0.00017729966883276105,"shape.STLength()":0.090300681869113983}},{"type":"Feature","id":32,"geometry":{"type":"Polygon","coordinates":[[[-43.362539733999945,-21.765405949349496],[-43.362687685999958,-21.765362253349537],[-43.362835034999932,-21.765318551349502],[-43.363032238999949,-21.765248246349501],[-43.363279104999947,-21.765115207349506],[-43.363500735999928,-21.765022563349522],[-43.363673717999973,-21.764956533349533],[-43.363821371999961,-21.764885737349559],[-43.364117437999937,-21.764730603349538],[-43.364388872999939,-21.764615871349562],[-43.364611013999934,-21.764478069349522],[-43.364709926999986,-21.764388725349527],[-43.364958120999972,-21.764138279349535],[-43.365105977999981,-21.764049419349533],[-43.365329140999961,-21.763821304349573],[-43.365452622999953,-21.763750269349547],[-43.365577239999936,-21.763525696349589],[-43.365702418999945,-21.763251452349571],[-43.365753877999964,-21.762976480349572],[-43.365706587999966,-21.762723112349565],[-43.365683859999933,-21.762542244349603],[-43.365611888999986,-21.762333793349612],[-43.365564088999982,-21.762125581349597],[-43.367695511999955,-21.762873720349567],[-43.367767026999957,-21.763122810349572],[-43.367766557999971,-21.763217643349559],[-43.367765790999954,-21.7632853773496],[-43.36771459199997,-21.76353777334954],[-43.367688887999975,-21.763673001349567],[-43.367638921999969,-21.763762830349553],[-43.367588997999974,-21.763902335349545],[-43.367563202999968,-21.763992402349572],[-43.367463984999972,-21.764108841349525],[-43.367265650999968,-21.764332687349562],[-43.367117742999937,-21.764426064349539],[-43.366870574999957,-21.764586202349555],[-43.366771662999952,-21.764675548349523],[-43.366696663999967,-21.764787709349527],[-43.366621546999966,-21.765017288349526],[-43.367697852999981,-21.765551780349515],[-43.371081169999975,-21.763439999349554],[-43.373747586999968,-21.764875259349523],[-43.376696096999979,-21.764822938349521],[-43.376769816999968,-21.764823661349546],[-43.376868311999942,-21.764824628349547],[-43.377138468999938,-21.764822764349542],[-43.377335107999954,-21.76480211234955],[-43.37767893399996,-21.764805485349516],[-43.378097134999962,-21.764805071349517],[-43.378391508999982,-21.764853119349524],[-43.378612668999949,-21.764855287349558],[-43.378981984999939,-21.764741490349518],[-43.379006154999956,-21.764741726349524],[-43.379130342999986,-21.764607460349556],[-43.379329216999963,-21.764333927349512],[-43.379626791999947,-21.763989103349552],[-43.379774895999958,-21.763877652349553],[-43.379849629999967,-21.763788062349533],[-43.379972344999942,-21.763784748349575],[-43.380119784999977,-21.763786192349531],[-43.380316421999957,-21.763765538349567],[-43.380611807999976,-21.763723269349562],[-43.380783975999975,-21.763675277349556],[-43.380981119999944,-21.763609466349585],[-43.381179325999931,-21.763448826349542],[-43.381327427999956,-21.763337374349547],[-43.381573819999971,-21.763244947349587],[-43.381323365999947,-21.763861202349585],[-43.381173439999941,-21.764135217349565],[-43.381048035999981,-21.764432051349552],[-43.380972940999982,-21.764661638349519],[-43.380922728999963,-21.764774049349548],[-43.380922170999952,-21.76482372034955],[-43.380871296999942,-21.765049028349527],[-43.380844386999968,-21.765346827349521],[-43.380842405999942,-21.765577128349513],[-43.380841237999952,-21.765735181349505],[-43.380789960999948,-21.765942420349532],[-43.380714512999937,-21.7661494213495],[-43.380589203999932,-21.766491418349506],[-43.380415101999972,-21.766765196349454],[-43.380364381999982,-21.766922762349498],[-43.380237498999975,-21.767404742349456],[-43.38018763599996,-21.767539737349498],[-43.380111426999974,-21.767814472349432],[-43.379427760999931,-21.770625820349391],[-43.37928097799994,-21.770511479349427],[-43.379109673999942,-21.770374316349393],[-43.378914198999951,-21.770236917349415],[-43.378742484999982,-21.770190072349436],[-43.378448353999943,-21.770119447349394],[-43.378277244999936,-21.770072607349409],[-43.378105277999964,-21.770048339349415],[-43.377982301999964,-21.770074230349412],[-43.378025438999934,-21.771397869349354],[-43.374472214999969,-21.770450724349374],[-43.372120180999957,-21.769691461349431],[-43.370337765999977,-21.77302483834934],[-43.369972138999962,-21.772542528349355],[-43.369825938999952,-21.772270122349344],[-43.36967967399994,-21.772110616349362],[-43.369533272999945,-21.771856273349361],[-43.369436464999971,-21.771652095349388],[-43.369339776999929,-21.771330499349393],[-43.369217897999938,-21.771098977349371],[-43.369170038999982,-21.7708952823494],[-43.369024310999976,-21.770528041349401],[-43.368383460999951,-21.771190099349369],[-43.367869605999942,-21.770936642349401],[-43.367600418999984,-21.770798503349408],[-43.367404350999948,-21.770661085349406],[-43.367135419999954,-21.770500365349406],[-43.366768084999933,-21.770383836349378],[-43.366523163999943,-21.770291095349386],[-43.366278191999982,-21.770202870349429],[-43.366155173999971,-21.770179073349393],[-43.365787932999979,-21.770107703349399],[-43.365493810999965,-21.770037054349384],[-43.365346877999976,-21.769990441349393],[-43.365101907999986,-21.769902213349415],[-43.364930199999947,-21.769855355349396],[-43.364685535999968,-21.769740033349407],[-43.364587039999947,-21.769739060349391],[-43.364366220999955,-21.769759455349433],[-43.36407188499993,-21.769761060349399],[-43.363924440999931,-21.769759601349421],[-43.363777764999952,-21.769690408349426],[-43.363533102999952,-21.769575085349437],[-43.363434769999976,-21.769506371349429],[-43.363215560999947,-21.769278397349456],[-43.363068445999943,-21.769141459349431],[-43.362800158999967,-21.768818161349433],[-43.36260512399997,-21.76859042734948],[-43.362458613999934,-21.768453494349451],[-43.362238382999976,-21.768315831349422],[-43.362066933999984,-21.768246392349461],[-43.361870709999948,-21.768176707349433],[-43.36169960899997,-21.768129851349464],[-43.361552843999959,-21.76801549434942],[-43.361406335999959,-21.767878562349456],[-43.361538482999954,-21.767577294349483],[-43.362539733999945,-21.765405949349496]]]},"properties":{"OBJECTID":32,"nro":47,"nome":"Nossa Senhora de Fátima","qtd_contrib_oficina_1_centro":null,"qtd_contrib_oficina_2_oeste":13,"qtd_contrib_oficina_3_leste":null,"qtd_contrib_oficina_4_nordeste":null,"qtd_contrib_oficina_5_vilas_nu":null,"qtd_contrib_oficina_6_n_co":null,"qtd_contrib_oficina_7_sudeste":null,"qtd_contrib_oficina_8_sul":null,"qtd_inscricoes_vaf":5,"observacao":"-","fonte":"PDDU","ano":"2000","vaf_2018":242959,"vaf_2019":2376409,"vaf_2020":1951802,"vaf_2021":3421052,"vaf_2022":3526458,"bairro_dado_vinculado":"Martelos","regiao_planejamento":"Oeste","shape.STArea()":0.00011223283994463153,"shape.STLength()":0.061655285179645407}},{"type":"Feature","id":33,"geometry":{"type":"Polygon","coordinates":[[[-43.386540453999935,-21.765813465349503],[-43.386688147999962,-21.765792324349508],[-43.386909462999938,-21.765726742349511],[-43.387082235999962,-21.765678750349501],[-43.387156209999944,-21.765656891349547],[-43.387377271999974,-21.765613885349545],[-43.387231799999931,-21.765382144349498],[-43.388975101999961,-21.762531403349591],[-43.392727858999933,-21.763462107349547],[-43.392898311999936,-21.763513440349527],[-43.393142234999964,-21.763696455349539],[-43.393239272999949,-21.763882560349536],[-43.393261785999982,-21.764086004349569],[-43.393260328999929,-21.764271150349536],[-43.393283394999962,-21.764479117349531],[-43.393380130999958,-21.764638120349545],[-43.393453450999971,-21.764729155349521],[-43.393501390999973,-21.764819944349519],[-43.393623354999932,-21.764938547349558],[-43.393647225999985,-21.765074263349536],[-43.393670241999985,-21.765232551349499],[-43.393717329999951,-21.765508492349539],[-43.393740043999976,-21.76569387434952],[-43.393788839999949,-21.765762089349508],[-43.393886581999936,-21.765830780349528],[-43.394229911999957,-21.765879276349505],[-43.394475347999951,-21.765926819349506],[-43.394793501999978,-21.766065392349507],[-43.395161457999954,-21.766181866349488],[-43.395650574999934,-21.766435000349478],[-43.396313316999965,-21.76650917034948],[-43.395671186999941,-21.766918425349495],[-43.395273738999954,-21.767442955349484],[-43.394876588999978,-21.767940390349477],[-43.394749847999947,-21.768196579349439],[-43.394601601999959,-21.768375785349473],[-43.394478080999932,-21.76855974734946],[-43.394453508999959,-21.768649830349435],[-43.394403458999925,-21.768857086349435],[-43.394327980999947,-21.769176998349444],[-43.397852329999978,-21.771266022349373],[-43.397728409999957,-21.771540305349372],[-43.39762841299995,-21.771837400349376],[-43.397578364999958,-21.772044657349369],[-43.397577517999935,-21.772229810349334],[-43.397626272999958,-21.772410928349323],[-43.397625371999936,-21.77254640334937],[-43.397575426999936,-21.772798821349355],[-43.397476475999952,-21.772892701349363],[-43.397255004999977,-21.773026038349325],[-43.397205708999934,-21.773165561349352],[-43.397203958999967,-21.773486188349349],[-43.397202163999971,-21.773919719349344],[-43.397126938999982,-21.774217053349314],[-43.396904718999956,-21.774580705349276],[-43.396584895999979,-21.774807925349283],[-43.396314170999972,-21.774967880349287],[-43.395822315999965,-21.775175366349295],[-43.395551589999975,-21.775335319349285],[-43.39542836399994,-21.775492187349258],[-43.395402484999977,-21.775699677349294],[-43.395500588999937,-21.775790952349276],[-43.395721013999946,-21.775860833349274],[-43.396113468999943,-21.775950448349249],[-43.396358569999954,-21.775975406349289],[-43.396529898999972,-21.776112552349272],[-43.39670072499996,-21.776294854349256],[-43.396797226999986,-21.776639015349232],[-43.396796227999971,-21.776891907349277],[-43.396745675999973,-21.777144320349265],[-43.396696177999956,-21.77730190434923],[-43.396474646999934,-21.777439756349246],[-43.396277792999967,-21.777532685349254],[-43.395716830999966,-21.777679489349243],[-43.395467051999958,-21.777827397349213],[-43.395293968999965,-21.778010878349225],[-43.395170088999976,-21.77828064234922],[-43.395046659999934,-21.778509766349206],[-43.394922979999933,-21.778761467349209],[-43.394724366999981,-21.779175022349172],[-43.394576159999993,-21.779403905349195],[-43.394329648999992,-21.779722155349159],[-43.394279942999958,-21.77978941334915],[-43.393910348999945,-21.780088402349193],[-43.393689617999939,-21.780153999349196],[-43.393345550999982,-21.780222913349196],[-43.392928007999956,-21.780268530349137],[-43.392922583999955,-21.780102257349157],[-43.392923932999956,-21.779981296349163],[-43.392902836999951,-21.779761138349187],[-43.392904185999953,-21.779640176349204],[-43.39274278999995,-21.779330672349182],[-43.39255564299998,-21.779218876349177],[-43.392379901999966,-21.779140183349199],[-43.392192141999942,-21.779083368349216],[-43.392051352999943,-21.779038008349222],[-43.391886526999947,-21.779036405349167],[-43.391689201999945,-21.7787815383492],[-43.391479735999958,-21.778559548349232],[-43.391340420999938,-21.778382229349226],[-43.391119549999978,-21.778127133349191],[-43.390955584999972,-21.778048554349208],[-43.390745507999952,-21.777881543349228],[-43.390546467999968,-21.777780626349237],[-43.390265876999933,-21.777601933349231],[-43.390102771999977,-21.777446377349253],[-43.38989208199996,-21.777334347349218],[-43.389634545999968,-21.777199867349253],[-43.389554711999949,-21.77696813934924],[-43.38945035099993,-21.776824153349224],[-43.389264191999985,-21.776624381349258],[-43.388771074999973,-21.776498602349232],[-43.388324558999948,-21.776417266349245],[-43.388052058999961,-21.776568575349231],[-43.387627735999949,-21.776608427349274],[-43.387378657999932,-21.776770963349268],[-43.386777369999955,-21.776842079349237],[-43.386446617999979,-21.776937830349226],[-43.386186747999943,-21.777012276349264],[-43.385831832999941,-21.777162778349272],[-43.385653757999933,-21.777293010349204],[-43.385464156999944,-21.777401136349248],[-43.385381129999985,-21.777455313349236],[-43.385249655999985,-21.777629990349244],[-43.38508372299998,-21.777727348349249],[-43.384964021999963,-21.777902142349213],[-43.384719864999958,-21.777624815349224],[-43.384580310999979,-21.777469484349254],[-43.384451915999932,-21.777369251349253],[-43.384348422999949,-21.777148286349217],[-43.384303916999954,-21.776916901349281],[-43.384177247999958,-21.77666271834924],[-43.384179588999984,-21.776453785349236],[-43.384148827999987,-21.776046573349277],[-43.384152031999974,-21.775760665349253],[-43.384131317999952,-21.775507517349261],[-43.383817638999972,-21.775130531349262],[-43.38350223499998,-21.774907495349307],[-43.383338892999973,-21.774773925349315],[-43.383046665999984,-21.774584108349277],[-43.382825817999958,-21.774329003349337],[-43.382558372999938,-21.774029450349296],[-43.382161425999989,-21.773728630349357],[-43.381998950999957,-21.773518084349352],[-43.381847138999944,-21.773406624349324],[-43.381555039999967,-21.773205806349324],[-43.381344239999969,-21.773104764349359],[-43.380898110999965,-21.772990420349362],[-43.380710857999929,-21.772889607349352],[-43.380417034999937,-21.772842739349322],[-43.380182197999943,-21.772785450349335],[-43.379523914999936,-21.772691018349374],[-43.379338145999952,-21.772458247349363],[-43.379174439999986,-21.772357664349364],[-43.37917740599994,-21.772093750349345],[-43.378933887999949,-21.771761434349393],[-43.378817273999971,-21.771661311349348],[-43.378547367999943,-21.771581681349392],[-43.378360119999968,-21.771480867349386],[-43.378025438999934,-21.771397869349354],[-43.377982301999964,-21.770074230349412],[-43.378105277999964,-21.770048339349415],[-43.378277244999936,-21.770072607349409],[-43.378448353999943,-21.770119447349394],[-43.378742484999982,-21.770190072349436],[-43.378914198999951,-21.770236917349415],[-43.379109673999942,-21.770374316349393],[-43.37928097799994,-21.770511479349427],[-43.379427760999931,-21.770625820349391],[-43.380111426999974,-21.767814472349432],[-43.38018763599996,-21.767539737349498],[-43.380237498999975,-21.767404742349456],[-43.380364381999982,-21.766922762349498],[-43.380415101999972,-21.766765196349454],[-43.380589203999932,-21.766491418349506],[-43.380714512999937,-21.7661494213495],[-43.380789960999948,-21.765942420349532],[-43.380841237999952,-21.765735181349505],[-43.380842405999942,-21.765577128349513],[-43.380844386999968,-21.765346827349521],[-43.380871296999942,-21.765049028349527],[-43.380922170999952,-21.76482372034955],[-43.380922728999963,-21.764774049349548],[-43.380972940999982,-21.764661638349519],[-43.381048035999981,-21.764432051349552],[-43.381173439999941,-21.764135217349565],[-43.381323365999947,-21.763861202349585],[-43.381573819999971,-21.763244947349587],[-43.381895196999949,-21.763040350349584],[-43.382093001999976,-21.762861641349595],[-43.38214179199997,-21.762929860349598],[-43.38218982199993,-21.763065813349577],[-43.382262275999949,-21.763179424349588],[-43.382383974999989,-21.763320614349549],[-43.382580204999961,-21.763390275349551],[-43.382751814999949,-21.763391953349547],[-43.382825584999978,-21.763388158349546],[-43.382948755999962,-21.76334420234959],[-43.38304724999994,-21.763345165349573],[-43.383096193999961,-21.763345643349577],[-43.383169661999943,-21.763368941349555],[-43.383243127999947,-21.763392240349571],[-43.383340863999933,-21.763460938349574],[-43.383438696999974,-21.763574797349591],[-43.383584569999982,-21.763716222349565],[-43.383730841999977,-21.763875715349581],[-43.383803298999958,-21.763989325349542],[-43.383901082999955,-21.76410770034953],[-43.38404659899993,-21.764334927349573],[-43.38411859799993,-21.764543372349571],[-43.384215322999978,-21.764702380349529],[-43.384288130999948,-21.764838575349515],[-43.384187407999953,-21.765090493349504],[-43.384285244999944,-21.765204353349507],[-43.384357901999977,-21.765299900349504],[-43.384529107999981,-21.765391894349502],[-43.384627096999971,-21.765438013349542],[-43.384749511999985,-21.765461789349523],[-43.384872023999947,-21.765530727349493],[-43.385018959999968,-21.7655773233495],[-43.385214435999956,-21.765714716349542],[-43.385386399999959,-21.765738975349528],[-43.385778516999949,-21.765855706349509],[-43.386048625999933,-21.765858342349489],[-43.386294564999957,-21.765860743349506],[-43.386540453999935,-21.765813465349503]]]},"properties":{"OBJECTID":33,"nro":49,"nome":"São Pedro","qtd_contrib_oficina_1_centro":null,"qtd_contrib_oficina_2_oeste":32,"qtd_contrib_oficina_3_leste":null,"qtd_contrib_oficina_4_nordeste":null,"qtd_contrib_oficina_5_vilas_nu":null,"qtd_contrib_oficina_6_n_co":null,"qtd_contrib_oficina_7_sudeste":null,"qtd_contrib_oficina_8_sul":null,"qtd_inscricoes_vaf":2,"observacao":"-","fonte":"PDDU","ano":"2000","vaf_2018":68564840,"vaf_2019":61455690,"vaf_2020":58450809,"vaf_2021":22256066,"vaf_2022":13192621,"bairro_dado_vinculado":"-","regiao_planejamento":"Oeste","shape.STArea()":0.00020567557460707405,"shape.STLength()":0.072623826969879457}},{"type":"Feature","id":34,"geometry":{"type":"Polygon","coordinates":[[[-43.429707469999983,-21.760412148349616],[-43.429781076999973,-21.760367685349625],[-43.429903627999977,-21.760323686349672],[-43.429954159999966,-21.760233841349624],[-43.430126688999955,-21.760095478349655],[-43.430274013999963,-21.760051714349675],[-43.430422076999946,-21.759940215349662],[-43.430619133999976,-21.759824664349637],[-43.430816630999971,-21.759668470349638],[-43.431039197999958,-21.759485418349637],[-43.431406962999972,-21.759398583349654],[-43.431653159999932,-21.759265432349657],[-43.43206864199994,-21.75929195134966],[-43.43243518099996,-21.759318006349648],[-43.432775719999945,-21.759456719349661],[-43.433042358999955,-21.759666990349658],[-43.433357830999967,-21.75983256034964],[-43.433623784999952,-21.760106050349677],[-43.433888843999966,-21.760406629349667],[-43.434007670999954,-21.760705823349628],[-43.434247040999928,-21.761146159349611],[-43.43441274199995,-21.761581282349592],[-43.434628188999959,-21.761998810349603],[-43.434651869999982,-21.762044196349613],[-43.434819890999961,-21.762321274349613],[-43.435057926999946,-21.762829340349558],[-43.435343687999925,-21.763450762349592],[-43.435534413999953,-21.763863539349533],[-43.435773058999985,-21.764371610349539],[-43.436086585999931,-21.764717806349534],[-43.436303559999942,-21.764995346349547],[-43.43669007799997,-21.765409973349531],[-43.436956374999966,-21.765597653349534],[-43.43715045099998,-21.765757554349488],[-43.437366822999934,-21.766035086349525],[-43.437585267999964,-21.766177153349478],[-43.43794933199996,-21.766433499349493],[-43.438215924999952,-21.766594083349492],[-43.438531289999965,-21.766827387349498],[-43.438920261999954,-21.767016224349483],[-43.439110453999945,-21.767144472349504],[-43.439334731999971,-21.767250462349502],[-43.439465685999942,-21.767323957349479],[-43.439648089999935,-21.767501809349458],[-43.439398857999947,-21.76791494734945],[-43.43914955799994,-21.768278406349463],[-43.438825865999945,-21.768758584349424],[-43.438452782999946,-21.769278939349409],[-43.438152768999934,-21.769804500349409],[-43.437704439999948,-21.770464145349379],[-43.43747936799997,-21.770877508349379],[-43.43742993099994,-21.770922202349375],[-43.43725568299994,-21.771218625349377],[-43.436979832999953,-21.771744410349346],[-43.436632980999946,-21.772129524349364],[-43.436407462999966,-21.772583526349333],[-43.436232067999988,-21.772929614349341],[-43.436005209999962,-21.773451346349315],[-43.435681004999928,-21.773976672349299],[-43.435456214999931,-21.774362938349313],[-43.435181936999982,-21.77479841134927],[-43.434932971999949,-21.775184446349297],[-43.434636771999976,-21.775411967349285],[-43.43446264399995,-21.77564064434927],[-43.434188897999945,-21.776026442349291],[-43.433866690999935,-21.776366620349261],[-43.433595508999986,-21.776571796349277],[-43.433224347999946,-21.776911508349233],[-43.432853676999969,-21.777206062349219],[-43.43250905699994,-21.77738344234924],[-43.432213092999973,-21.777588379349204],[-43.431867685999968,-21.777838009349246],[-43.431497858999933,-21.778109987349247],[-43.430980819999952,-21.778357986349203],[-43.430686733999949,-21.778445518349198],[-43.430436714999985,-21.77853798434921],[-43.430232920999963,-21.778603791349209],[-43.430086831999972,-21.778643050349213],[-43.42975189699996,-21.778707611349201],[-43.429446361999965,-21.778736321349186],[-43.429129554999975,-21.778801053349174],[-43.428834209999941,-21.778893086349211],[-43.428441565999947,-21.778984192349178],[-43.42804885999994,-21.779025620349206],[-43.427557213999933,-21.779160946349219],[-43.427139678999936,-21.779206651349199],[-43.426649018999967,-21.7792516583492],[-43.426329878999979,-21.77925313734919],[-43.425986613999953,-21.779249869349183],[-43.425716179999938,-21.779274389349183],[-43.425372803999949,-21.779225958349212],[-43.424956008999978,-21.7792039223492],[-43.42449019999998,-21.779131740349193],[-43.424024094999943,-21.779086652349214],[-43.423582708999959,-21.77899211934918],[-43.423239420999948,-21.778880457349189],[-43.422822565999979,-21.778808738349188],[-43.42272466299994,-21.778807804349171],[-43.422283092999976,-21.778785525349221],[-43.421693541999957,-21.778919897349219],[-43.421374018999984,-21.779011685349179],[-43.420956097999976,-21.779147695349177],[-43.420686128999932,-21.779239955349198],[-43.420514113999957,-21.779328634349184],[-43.420242907999977,-21.779533785349177],[-43.414675348999943,-21.784574697349068],[-43.414551727999935,-21.784713512349029],[-43.414354591999931,-21.784941943349065],[-43.414206300999979,-21.785125682349022],[-43.413959572999943,-21.78546654234901],[-43.413810996999977,-21.785785762349054],[-43.413686264999967,-21.786245211349058],[-43.413684989999979,-21.786471007349039],[-43.413683771999949,-21.786746480349017],[-43.413731721999966,-21.787112748349006],[-43.413755116999937,-21.787293618349015],[-43.41385255199998,-21.78750229634899],[-43.413949291999977,-21.78777419334898],[-43.414022444999944,-21.787937477348972],[-43.414022195999962,-21.787960055348996],[-43.415547677999939,-21.792698578348844],[-43.415545577999985,-21.793109527348843],[-43.41552021799999,-21.793271865348839],[-43.415519160999963,-21.793587986348861],[-43.415517976999979,-21.793750555348847],[-43.415541541999964,-21.794026267348858],[-43.415344863999962,-21.794046960348822],[-43.415051018999982,-21.793998980348839],[-43.414781051999967,-21.793978325348832],[-43.414756519999969,-21.79395550934882],[-43.414363911999942,-21.793929160348817],[-43.413898120999932,-21.793906624348857],[-43.413554716999954,-21.793858166348834],[-43.413333208999966,-21.79388313534886],[-43.412940763999991,-21.793951623348814],[-43.412547515999961,-21.794038169348855],[-43.412252734999981,-21.794130175348826],[-43.411810480999975,-21.794220763348804],[-43.411294736999928,-21.794288062348819],[-43.411074132999943,-21.794285940348825],[-43.410755209999934,-21.794264808348846],[-43.410559422999931,-21.79415002134882],[-43.410264869999935,-21.794056864348846],[-43.409971418999923,-21.793918555348814],[-43.409775276999937,-21.793781184348827],[-43.409677507999959,-21.793712500348846],[-43.409481721999953,-21.793597712348841],[-43.409359920999975,-21.793461055348846],[-43.40918831099998,-21.793346500348875],[-43.409042173999978,-21.793114771348868],[-43.408945046999982,-21.792933189348833],[-43.408798609999955,-21.792728553348869],[-43.408603661999969,-21.792428610348853],[-43.408383740999966,-21.792200685348863],[-43.408163320999961,-21.79201791634889],[-43.40786977199997,-21.7918344423489],[-43.40752716399993,-21.791605334348866],[-43.407160235999982,-21.791443732348881],[-43.406939424999962,-21.791351280348891],[-43.406694544999937,-21.791303757348917],[-43.406326069999977,-21.791282139348908],[-43.406277114999966,-21.791281667348901],[-43.406031880999933,-21.791211560348902],[-43.405713265999957,-21.791163323348911],[-43.40527205799998,-21.791050678348913],[-43.405003344999955,-21.790862924348907],[-43.404758901999969,-21.790612177348915],[-43.404539383999975,-21.790293928348937],[-43.404393006999953,-21.790084772348909],[-43.404369464999945,-21.789809062348933],[-43.404346620999952,-21.789470131348953],[-43.404348107999965,-21.789172081348937],[-43.40434973999993,-21.788806290348973],[-43.404350975999932,-21.788530818348974],[-43.404351816999963,-21.788345665348952],[-43.404327828999953,-21.788164788348968],[-43.404279860999956,-21.787911421349005],[-43.404182744999957,-21.787729839348973],[-43.403987366999957,-21.787524726348988],[-43.403767509999966,-21.787292279349014],[-43.403400139999974,-21.787062925349019],[-43.403155663999939,-21.786925078349004],[-43.402836955999931,-21.786831675349024],[-43.402518052999937,-21.786810528349033],[-43.40222347699995,-21.786830262349017],[-43.401903833999938,-21.787039428349004],[-43.40153457699995,-21.787198438348998],[-43.401190453999959,-21.787380268349022],[-43.400723435999964,-21.787470588348992],[-43.400527120999982,-21.787513849349025],[-43.400453388999949,-21.787513136349002],[-43.400134084999934,-21.787582302349009],[-43.399839863999944,-21.787624615348989],[-43.399471503999962,-21.787648144348964],[-43.399152199999939,-21.787717308348991],[-43.398906827999951,-21.787714932349004],[-43.398612199999945,-21.787739172349013],[-43.398194834999977,-21.787712547348988],[-43.397950164999948,-21.787646950348986],[-43.39745931899995,-21.787597029349016],[-43.397214094999981,-21.787526909348976],[-43.396870662999959,-21.787482931348965],[-43.396822811999975,-21.78727472634899],[-43.39679918599996,-21.78711643334897],[-43.396726350999984,-21.786817662349019],[-43.396702725999944,-21.786659369349],[-43.396679402999951,-21.786473982349015],[-43.39660687099996,-21.786202311349019],[-43.396558815999981,-21.785903782349052],[-43.396535641999947,-21.785650654349009],[-43.396537040999924,-21.785307442349062],[-43.396538794999969,-21.784986815349061],[-43.396564522999938,-21.784738678349026],[-43.396614223999961,-21.784508839349055],[-43.396689604999949,-21.784143764349064],[-43.396764584999971,-21.783869008349065],[-43.396888666999985,-21.783526987349074],[-43.396963845999949,-21.783179975349068],[-43.397088028999967,-21.782883115349097],[-43.397137780999969,-21.782702953349087],[-43.39723793799994,-21.782338118349145],[-43.397313913999938,-21.781810469349153],[-43.397341384999947,-21.781079124349148],[-43.397295181999937,-21.780505129349134],[-43.397247628999935,-21.780161442349158],[-43.397176198999944,-21.779682040349172],[-43.397055167999952,-21.779315061349191],[-43.396884384999964,-21.779019856349219],[-43.396616251999951,-21.778674031349226],[-43.396519048999956,-21.778447281349191],[-43.396669499999973,-21.777690032349209],[-43.396696177999956,-21.77730190434923],[-43.396745675999973,-21.777144320349265],[-43.396796227999971,-21.776891907349277],[-43.396797226999986,-21.776639015349232],[-43.39670072499996,-21.776294854349256],[-43.396529898999972,-21.776112552349272],[-43.396358569999954,-21.775975406349289],[-43.396113468999943,-21.775950448349249],[-43.395721013999946,-21.775860833349274],[-43.395500588999937,-21.775790952349276],[-43.395402484999977,-21.775699677349294],[-43.39542836399994,-21.775492187349258],[-43.395551589999975,-21.775335319349285],[-43.395822315999965,-21.775175366349295],[-43.396314170999972,-21.774967880349287],[-43.396584895999979,-21.774807925349283],[-43.396904718999956,-21.774580705349276],[-43.397126938999982,-21.774217053349314],[-43.397202163999971,-21.773919719349344],[-43.397203958999967,-21.773486188349349],[-43.397205708999934,-21.773165561349352],[-43.397255004999977,-21.773026038349325],[-43.397476475999952,-21.772892701349363],[-43.397575426999936,-21.772798821349355],[-43.397625371999936,-21.77254640334937],[-43.397626272999958,-21.772410928349323],[-43.397577517999935,-21.772229810349334],[-43.397578364999958,-21.772044657349369],[-43.39762841299995,-21.771837400349376],[-43.397728409999957,-21.771540305349372],[-43.397852329999978,-21.771266022349373],[-43.394327980999947,-21.769176998349444],[-43.394403458999925,-21.768857086349435],[-43.394453508999959,-21.768649830349435],[-43.394478080999932,-21.76855974734946],[-43.394601601999959,-21.768375785349473],[-43.394749847999947,-21.768196579349439],[-43.394876588999978,-21.767940390349477],[-43.395273738999954,-21.767442955349484],[-43.395671186999941,-21.766918425349495],[-43.396313316999965,-21.76650917034948],[-43.396436236999932,-21.766487781349497],[-43.396559558999968,-21.766484460349488],[-43.396780723999932,-21.766486606349471],[-43.397075006999955,-21.766489457349504],[-43.397369745999974,-21.766560057349515],[-43.397565382999971,-21.766629695349479],[-43.397761625999969,-21.76669933834949],[-43.397957763999948,-21.766723818349469],[-43.398178428999977,-21.766771117349482],[-43.398498142999983,-21.766769697349488],[-43.398719558999971,-21.766749262349482],[-43.398965395999937,-21.766706480349505],[-43.399236310999981,-21.766636845349513],[-43.399384254999966,-21.766593116349494],[-43.399433452999972,-21.76657101134948],[-43.399628944999961,-21.766708387349464],[-43.39982443599996,-21.766845764349501],[-43.400019574999924,-21.766960554349495],[-43.400191096999947,-21.767079633349493],[-43.400386089999976,-21.767262165349493],[-43.400556807999976,-21.767399299349492],[-43.400776776999976,-21.767564008349471],[-43.401119966999943,-21.767680230349441],[-43.401512104999931,-21.767796925349462],[-43.40197801599993,-21.76790981534943],[-43.40227265599998,-21.767935243349449],[-43.402542769999968,-21.767937852349476],[-43.402837660999978,-21.76794070234946],[-43.403157273999966,-21.767894111349463],[-43.403329139999983,-21.767873189349444],[-43.403575832999934,-21.767807829349483],[-43.403895942999952,-21.767716081349448],[-43.404068558999938,-21.767627424349449],[-43.404265999999957,-21.767534490349448],[-43.404339867999965,-21.767467461349469],[-43.404389667999965,-21.767445360349456],[-43.404759866999939,-21.767196029349499],[-43.405055949999962,-21.767036303349453],[-43.40537705699996,-21.766854238349474],[-43.405721334999946,-21.766762719349501],[-43.406041497999979,-21.766720644349498],[-43.406458556999958,-21.766769824349513],[-43.406801999999963,-21.766863457349455],[-43.407046696999942,-21.766978718349481],[-43.407241946999925,-21.767138663349481],[-43.407436450999967,-21.767366343349497],[-43.40758245699994,-21.76755291234949],[-43.407752540999972,-21.767802938349487],[-43.407874518999961,-21.767921532349437],[-43.407947495999956,-21.767989976349458],[-43.407946355999961,-21.768148031349437],[-43.408072464999968,-21.76827569634947],[-43.408243652999943,-21.768480571349421],[-43.408390209999936,-21.76861746634944],[-43.408707991999961,-21.768846333349408],[-43.408952464999977,-21.769146750349407],[-43.409270248999974,-21.7693756153494],[-43.409588675999942,-21.769491581349406],[-43.409931628999963,-21.76963036434941],[-43.410299302999931,-21.769719707349431],[-43.410691453999959,-21.7698363803494],[-43.411108026999955,-21.76993070634942],[-43.411574094999935,-21.769975830349409],[-43.411843717999943,-21.770023581349417],[-43.41221153599998,-21.77004517934942],[-43.412456986999985,-21.770092696349387],[-43.412677852999927,-21.770067721349424],[-43.412947617999983,-21.770047729349383],[-43.413045869999962,-21.770071253349418],[-43.413364738999967,-21.770092377349414],[-43.413658782999953,-21.770117780349405],[-43.41383075899995,-21.770142010349414],[-43.413928655999939,-21.770142949349435],[-43.414345776999937,-21.770187596349402],[-43.414689126999974,-21.770236049349386],[-43.415105505999968,-21.770348429349394],[-43.415546472999949,-21.770533301349374],[-43.415888907999943,-21.770830132349385],[-43.416108125999983,-21.771175460349362],[-43.416326710999954,-21.771633685349389],[-43.416448281999969,-21.77195549734936],[-43.416618306999972,-21.772322934349368],[-43.416788382999982,-21.772685856349337],[-43.416959152999937,-21.772985558349337],[-43.417203233999942,-21.773213702349327],[-43.417814982999971,-21.773698271349293],[-43.41823200999994,-21.773697745349349],[-43.418624505999951,-21.773674403349325],[-43.419041837999934,-21.773700974349314],[-43.419458863999978,-21.773700445349331],[-43.419753213999968,-21.773698743349311],[-43.419801915999983,-21.773721789349331],[-43.42031750499995,-21.773771878349336],[-43.420562114999939,-21.773841958349347],[-43.420856003999972,-21.77404799234931],[-43.421198238999985,-21.774254489349325],[-43.421491608999929,-21.774618583349277],[-43.421784956999943,-21.774874289349295],[-43.422102962999929,-21.775030874349302],[-43.422396313999968,-21.77528657934927],[-43.422739404999959,-21.7754705003493],[-43.423033017999956,-21.775536526349253],[-43.423254089999951,-21.775493474349275],[-43.423548936999964,-21.775446607349302],[-43.423696774999932,-21.775357694349289],[-43.423893635999953,-21.775151828349316],[-43.423869105999984,-21.775129013349293],[-43.424262863999957,-21.774879861349316],[-43.424633261999929,-21.774445322349301],[-43.424978385999971,-21.774055705349316],[-43.425249486999974,-21.7736924763493],[-43.425398564999966,-21.773323570349312],[-43.425448770999942,-21.773098241349331],[-43.425425188999952,-21.772822529349309],[-43.425255767999943,-21.772342201349346],[-43.425183100999966,-21.772133766349363],[-43.42515965399997,-21.771790313349335],[-43.425063219999977,-21.771378424349383],[-43.425015552999973,-21.77103925634934],[-43.424919415999959,-21.770600272349395],[-43.424822553999945,-21.77028321734943],[-43.424775859999947,-21.769799542349432],[-43.424703416999932,-21.769460140349437],[-43.424728893999941,-21.769230057349425],[-43.424730851999982,-21.768773942349416],[-43.424732157999983,-21.768543630349434],[-43.424849722999959,-21.768237650349441],[-43.424874990999967,-21.768192730349444],[-43.424900148999939,-21.768102646349476],[-43.42497430199996,-21.768008512349429],[-43.425148139999976,-21.767806940349448],[-43.425247562999971,-21.767667885349475],[-43.425371895999945,-21.767461326349501],[-43.425496290999945,-21.767304445349485],[-43.425620131999956,-21.767143042349502],[-43.425694728999993,-21.767008266349468],[-43.425720426999931,-21.766868509349468],[-43.425722038999936,-21.766665297349498],[-43.42572282899993,-21.766593045349502],[-43.425675246999965,-21.766411945349489],[-43.425677401999963,-21.76615906034948],[-43.425653499999953,-21.766023348349506],[-43.425655162999931,-21.765815619349503],[-43.42570762999997,-21.765382566349523],[-43.425733574999981,-21.765220231349506],[-43.425784133999969,-21.765017484349507],[-43.425884538999981,-21.764788115349553],[-43.425984586999959,-21.76453616134954],[-43.426084498999955,-21.764351949349518],[-43.42635725599996,-21.76405647734952],[-43.426555304999972,-21.763850617349537],[-43.426679449999938,-21.763716313349569],[-43.426852476999954,-21.763532795349544],[-43.427099336999966,-21.763395142349573],[-43.427223234999985,-21.763283416349587],[-43.427372090999938,-21.76309966834955],[-43.427422266999947,-21.762987241349574],[-43.427446437999947,-21.762987470349596],[-43.427546726999942,-21.762712937349562],[-43.42762235199995,-21.762483331349568],[-43.427624503999937,-21.762230446349619],[-43.42762635899993,-21.762004655349575],[-43.427653417999977,-21.761684263349593],[-43.427777742999979,-21.761477700349587],[-43.427926348999961,-21.761316530349635],[-43.428124210999954,-21.761182924349619],[-43.42827330899997,-21.760976598349611],[-43.428347653999936,-21.760864399349614],[-43.428521771999954,-21.760635729349612],[-43.428596164999931,-21.760519015349608],[-43.428720058999936,-21.760407288349622],[-43.428867926999942,-21.76031385334964],[-43.429065048999966,-21.760247981349639],[-43.429212241999956,-21.760271960349634],[-43.42933526599996,-21.76029570934967],[-43.429457438999975,-21.760342031349666],[-43.429530912999951,-21.760365310349616],[-43.429702144999965,-21.760457259349636],[-43.429707469999983,-21.760412148349616]]]},"properties":{"OBJECTID":34,"nro":50,"nome":"Cruzeiro Santo Antônio","qtd_contrib_oficina_1_centro":null,"qtd_contrib_oficina_2_oeste":20,"qtd_contrib_oficina_3_leste":null,"qtd_contrib_oficina_4_nordeste":null,"qtd_contrib_oficina_5_vilas_nu":null,"qtd_contrib_oficina_6_n_co":null,"qtd_contrib_oficina_7_sudeste":null,"qtd_contrib_oficina_8_sul":null,"qtd_inscricoes_vaf":null,"observacao":"-","fonte":"PDDU","ano":"2000","vaf_2018":null,"vaf_2019":null,"vaf_2020":null,"vaf_2021":null,"vaf_2022":null,"bairro_dado_vinculado":"-","regiao_planejamento":"Oeste","shape.STArea()":0.00066912187301256464,"shape.STLength()":0.15632490459884035}},{"type":"Feature","id":35,"geometry":{"type":"Polygon","coordinates":[[[-43.400723435999964,-21.787470588348992],[-43.401190453999959,-21.787380268349022],[-43.40153457699995,-21.787198438348998],[-43.401903833999938,-21.787039428349004],[-43.40222347699995,-21.786830262349017],[-43.402518052999937,-21.786810528349033],[-43.402836955999931,-21.786831675349024],[-43.403155663999939,-21.786925078349004],[-43.403400139999974,-21.787062925349019],[-43.403767509999966,-21.787292279349014],[-43.403987366999957,-21.787524726348988],[-43.404182744999957,-21.787729839348973],[-43.404279860999956,-21.787911421349005],[-43.404327828999953,-21.788164788348968],[-43.404351816999963,-21.788345665348952],[-43.404350975999932,-21.788530818348974],[-43.40434973999993,-21.788806290348973],[-43.404348107999965,-21.789172081348937],[-43.404346620999952,-21.789470131348953],[-43.404369464999945,-21.789809062348933],[-43.404393006999953,-21.790084772348909],[-43.404539383999975,-21.790293928348937],[-43.404758901999969,-21.790612177348915],[-43.405003344999955,-21.790862924348907],[-43.40527205799998,-21.791050678348913],[-43.405713265999957,-21.791163323348911],[-43.406031880999933,-21.791211560348902],[-43.406277114999966,-21.791281667348901],[-43.406326069999977,-21.791282139348908],[-43.406694544999937,-21.791303757348917],[-43.406939424999962,-21.791351280348891],[-43.407160235999982,-21.791443732348881],[-43.40752716399993,-21.791605334348866],[-43.40786977199997,-21.7918344423489],[-43.408163320999961,-21.79201791634889],[-43.408383740999966,-21.792200685348863],[-43.408603661999969,-21.792428610348853],[-43.408798609999955,-21.792728553348869],[-43.408945046999982,-21.792933189348833],[-43.409042173999978,-21.793114771348868],[-43.40918831099998,-21.793346500348875],[-43.409359920999975,-21.793461055348846],[-43.409481721999953,-21.793597712348841],[-43.409677507999959,-21.793712500348846],[-43.409775276999937,-21.793781184348827],[-43.409971418999923,-21.793918555348814],[-43.410264869999935,-21.794056864348846],[-43.410559422999931,-21.79415002134882],[-43.410755209999934,-21.794264808348846],[-43.411074132999943,-21.794285940348825],[-43.411294736999928,-21.794288062348819],[-43.411810480999975,-21.794220763348804],[-43.412252734999981,-21.794130175348826],[-43.412547515999961,-21.794038169348855],[-43.412940763999991,-21.793951623348814],[-43.413333208999966,-21.79388313534886],[-43.413554716999954,-21.793858166348834],[-43.413898120999932,-21.793906624348857],[-43.414363911999942,-21.793929160348817],[-43.414756519999969,-21.79395550934882],[-43.414781051999967,-21.793978325348832],[-43.415051018999982,-21.793998980348839],[-43.415344863999962,-21.794046960348822],[-43.415541541999964,-21.794026267348858],[-43.415515594999938,-21.794296986348815],[-43.415490839999954,-21.794459330348804],[-43.415415745999951,-21.794801836348828],[-43.415365358999971,-21.794986515348803],[-43.415290263999964,-21.795329021348834],[-43.415141432999981,-21.795670820348775],[-43.415018018999945,-21.795899960348816],[-43.414869433999968,-21.796219180348803],[-43.414770443999942,-21.796425973348761],[-43.414621998999962,-21.796677452348796],[-43.41449827699995,-21.79687949034879],[-43.414226944999939,-21.797202048348769],[-43.414177489999929,-21.797246735348786],[-43.413832717999981,-21.797541489348767],[-43.413635560999978,-21.797769920348735],[-43.41329062899996,-21.798024027348724],[-43.412897283999939,-21.79822799034876],[-43.412626777999954,-21.798365391348714],[-43.412331098999971,-21.798592871348742],[-43.412010887999941,-21.798797536348697],[-43.411765016999937,-21.79900291434873],[-43.411542967999935,-21.799185941348714],[-43.411296492999945,-21.799391312348703],[-43.41092703299995,-21.799730984348685],[-43.410705586999939,-21.799914016348684],[-43.410410541999966,-21.800028596348675],[-43.410066290999971,-21.800165282348697],[-43.409721931999961,-21.800256805348667],[-43.409525599999938,-21.800300077348698],[-43.40925567499994,-21.800274896348686],[-43.408912561999955,-21.800253526348666],[-43.408667453999954,-21.800115681348689],[-43.405948771999938,-21.798942368348737],[-43.405482953999986,-21.798757228348702],[-43.405189104999977,-21.798709229348699],[-43.404870568999968,-21.798597767348749],[-43.404404212999964,-21.798570682348753],[-43.404060501999929,-21.798549296348739],[-43.403717195999953,-21.798545980348727],[-43.402881607999973,-21.798727579348711],[-43.402808223999955,-21.798749450348705],[-43.40243918799996,-21.798885881348742],[-43.402193201999978,-21.799046081348727],[-43.402020599999958,-21.799184412348737],[-43.401651517999944,-21.799433744348683],[-43.401306612999974,-21.799683308348676],[-43.401085153999922,-21.799866325348717],[-43.400937330999966,-21.800004893348721],[-43.400789557999985,-21.800138947348717],[-43.400492361999966,-21.800664454348663],[-43.399366702999941,-21.800021293348717],[-43.40023210499993,-21.798516779348713],[-43.399597337999985,-21.797760954348735],[-43.395496344999962,-21.798434715348751],[-43.395200005999982,-21.793400888348845],[-43.395053188999952,-21.793286558348868],[-43.394882345999974,-21.793104255348826],[-43.394612836999954,-21.792988733348853],[-43.394514824999924,-21.792942620348864],[-43.394123030999936,-21.792735587348879],[-43.393706305999956,-21.792596053348866],[-43.393389002999982,-21.792322001348854],[-43.393070844999947,-21.792070521348894],[-43.392973790999974,-21.791884417348875],[-43.39277766899994,-21.791747025348876],[-43.39263135799996,-21.791587537348875],[-43.396870662999959,-21.787482931348965],[-43.397214094999981,-21.787526909348976],[-43.39745931899995,-21.787597029349016],[-43.397950164999948,-21.787646950348986],[-43.398194834999977,-21.787712547348988],[-43.398612199999945,-21.787739172349013],[-43.398906827999951,-21.787714932349004],[-43.399152199999939,-21.787717308348991],[-43.399471503999962,-21.787648144348964],[-43.399839863999944,-21.787624615348989],[-43.400134084999934,-21.787582302349009],[-43.400453388999949,-21.787513136349002],[-43.400527120999982,-21.787513849349025],[-43.400723435999964,-21.787470588348992]]]},"properties":{"OBJECTID":35,"nro":51,"nome":"Nova Califórnia","qtd_contrib_oficina_1_centro":null,"qtd_contrib_oficina_2_oeste":4,"qtd_contrib_oficina_3_leste":null,"qtd_contrib_oficina_4_nordeste":null,"qtd_contrib_oficina_5_vilas_nu":null,"qtd_contrib_oficina_6_n_co":null,"qtd_contrib_oficina_7_sudeste":null,"qtd_contrib_oficina_8_sul":null,"qtd_inscricoes_vaf":null,"observacao":"-","fonte":"PDDU","ano":"2000","vaf_2018":null,"vaf_2019":null,"vaf_2020":null,"vaf_2021":null,"vaf_2022":null,"bairro_dado_vinculado":"-","regiao_planejamento":"Oeste","shape.STArea()":0.00017294689043693105,"shape.STLength()":0.064687104794733066}},{"type":"Feature","id":36,"geometry":{"type":"Polygon","coordinates":[[[-43.389431745999957,-21.782957713349109],[-43.389481457999977,-21.782727876349107],[-43.389483935999969,-21.782181451349143],[-43.389509825999937,-21.781973962349092],[-43.389510836999925,-21.781721069349128],[-43.389586233999978,-21.781356000349131],[-43.38958628599994,-21.781243098349115],[-43.389832453999929,-21.781173239349119],[-43.390053188999964,-21.781107646349131],[-43.390274577999946,-21.781037545349129],[-43.390471692999945,-21.780922046349133],[-43.390766861999964,-21.780739760349153],[-43.391135757999962,-21.780558190349154],[-43.391381771999932,-21.780447682349184],[-43.391725486999974,-21.78035618934917],[-43.392143029999943,-21.780310573349141],[-43.39253554499993,-21.780287294349147],[-43.392928007999956,-21.780268530349137],[-43.393345550999982,-21.780222913349196],[-43.393689617999939,-21.780153999349196],[-43.393910348999945,-21.780088402349193],[-43.394279942999958,-21.77978941334915],[-43.394329648999992,-21.779722155349159],[-43.394576159999993,-21.779403905349195],[-43.394724366999981,-21.779175022349172],[-43.394922979999933,-21.778761467349209],[-43.395046659999934,-21.778509766349206],[-43.395170088999976,-21.77828064234922],[-43.395293968999965,-21.778010878349225],[-43.395467051999958,-21.777827397349213],[-43.395716830999966,-21.777679489349243],[-43.396277792999967,-21.777532685349254],[-43.396474646999934,-21.777439756349246],[-43.396696177999956,-21.77730190434923],[-43.396669499999973,-21.777690032349209],[-43.396519048999956,-21.778447281349191],[-43.396616251999951,-21.778674031349226],[-43.396884384999964,-21.779019856349219],[-43.397055167999952,-21.779315061349191],[-43.397176198999944,-21.779682040349172],[-43.397247628999935,-21.780161442349158],[-43.397295181999937,-21.780505129349134],[-43.397341384999947,-21.781079124349148],[-43.397313913999938,-21.781810469349153],[-43.39723793799994,-21.782338118349145],[-43.397137780999969,-21.782702953349087],[-43.397088028999967,-21.782883115349097],[-43.396963845999949,-21.783179975349068],[-43.396888666999985,-21.783526987349074],[-43.396764584999971,-21.783869008349065],[-43.396689604999949,-21.784143764349064],[-43.396614223999961,-21.784508839349055],[-43.396564522999938,-21.784738678349026],[-43.396538794999969,-21.784986815349061],[-43.396537040999924,-21.785307442349062],[-43.396535641999947,-21.785650654349009],[-43.396558815999981,-21.785903782349052],[-43.39660687099996,-21.786202311349019],[-43.396679402999951,-21.786473982349015],[-43.396702725999944,-21.786659369349],[-43.396726350999984,-21.786817662349019],[-43.39679918599996,-21.78711643334897],[-43.396822811999975,-21.78727472634899],[-43.396870662999959,-21.787482931348965],[-43.39263135799996,-21.791587537348875],[-43.392207714999991,-21.7914118893489],[-43.391808492999985,-21.791309025348902],[-43.391443734999939,-21.791283480348884],[-43.390913891999958,-21.791278320348887],[-43.390479717999938,-21.791142120348908],[-43.389820973999974,-21.791080713348926],[-43.389079194999972,-21.791073481348899],[-43.388549354999952,-21.791068314348919],[-43.388078384999972,-21.791063721348891],[-43.387618819999943,-21.791092229348898],[-43.38684221799997,-21.791188459348891],[-43.38611594799994,-21.783498911349096],[-43.388319052999968,-21.784739760349073],[-43.389431745999957,-21.782957713349109]]]},"properties":{"OBJECTID":36,"nro":52,"nome":"Marilândia","qtd_contrib_oficina_1_centro":null,"qtd_contrib_oficina_2_oeste":6,"qtd_contrib_oficina_3_leste":null,"qtd_contrib_oficina_4_nordeste":null,"qtd_contrib_oficina_5_vilas_nu":null,"qtd_contrib_oficina_6_n_co":null,"qtd_contrib_oficina_7_sudeste":null,"qtd_contrib_oficina_8_sul":null,"qtd_inscricoes_vaf":null,"observacao":"-","fonte":"PDDU","ano":"2000","vaf_2018":null,"vaf_2019":null,"vaf_2020":null,"vaf_2021":null,"vaf_2022":null,"bairro_dado_vinculado":"-","regiao_planejamento":"Oeste","shape.STArea()":9.9606927406999525e-05,"shape.STLength()":0.045044263402106037}},{"type":"Feature","id":37,"geometry":{"type":"Polygon","coordinates":[[[-43.383621010999946,-21.781821637349111],[-43.383630393999965,-21.78133136334916],[-43.383714780999981,-21.781156227349111],[-43.383753428999967,-21.780859668349141],[-43.383802493999944,-21.780684185349177],[-43.383803850999982,-21.780563226349173],[-43.383886878999931,-21.780509049349185],[-43.383912275999933,-21.780344333349156],[-43.383912891999955,-21.780289351349161],[-43.383949566999945,-21.780168736349157],[-43.384034567999947,-21.779938617349178],[-43.384083756999985,-21.779752138349199],[-43.384144841999948,-21.779554777349208],[-43.384146566999952,-21.779400828349175],[-43.384230704999936,-21.779247683349162],[-43.384278043999984,-21.779226151349203],[-43.384327601999978,-21.779006682349205],[-43.38441087599994,-21.778930514349202],[-43.384436886999929,-21.778710815349189],[-43.384496614999932,-21.778634415349174],[-43.384797349999985,-21.778065476349187],[-43.384964021999963,-21.777902142349213],[-43.38508372299998,-21.777727348349249],[-43.385249655999985,-21.777629990349244],[-43.385381129999985,-21.777455313349236],[-43.385464156999944,-21.777401136349248],[-43.385653757999933,-21.777293010349204],[-43.385831832999941,-21.777162778349272],[-43.386186747999943,-21.777012276349264],[-43.386446617999979,-21.776937830349226],[-43.386777369999955,-21.776842079349237],[-43.387378657999932,-21.776770963349268],[-43.387627735999949,-21.776608427349274],[-43.388052058999961,-21.776568575349231],[-43.388324558999948,-21.776417266349245],[-43.388771074999973,-21.776498602349232],[-43.389264191999985,-21.776624381349258],[-43.38945035099993,-21.776824153349224],[-43.389554711999949,-21.77696813934924],[-43.389634545999968,-21.777199867349253],[-43.38989208199996,-21.777334347349218],[-43.390102771999977,-21.777446377349253],[-43.390265876999933,-21.777601933349231],[-43.390546467999968,-21.777780626349237],[-43.390745507999952,-21.777881543349228],[-43.390955584999972,-21.778048554349208],[-43.391119549999978,-21.778127133349191],[-43.391340420999938,-21.778382229349226],[-43.391479735999958,-21.778559548349232],[-43.391689201999945,-21.7787815383492],[-43.391886526999947,-21.779036405349167],[-43.392051352999943,-21.779038008349222],[-43.392192141999942,-21.779083368349216],[-43.392379901999966,-21.779140183349199],[-43.39255564299998,-21.779218876349177],[-43.39274278999995,-21.779330672349182],[-43.392904185999953,-21.779640176349204],[-43.392902836999951,-21.779761138349187],[-43.392923932999956,-21.779981296349163],[-43.392922583999955,-21.780102257349157],[-43.392928007999956,-21.780268530349137],[-43.39253554499993,-21.780287294349147],[-43.392143029999943,-21.780310573349141],[-43.391725486999974,-21.78035618934917],[-43.391381771999932,-21.780447682349184],[-43.391135757999962,-21.780558190349154],[-43.390766861999964,-21.780739760349153],[-43.390471692999945,-21.780922046349133],[-43.390274577999946,-21.781037545349129],[-43.390053188999964,-21.781107646349131],[-43.389832453999929,-21.781173239349119],[-43.38958628599994,-21.781243098349115],[-43.389586233999978,-21.781356000349131],[-43.389510836999925,-21.781721069349128],[-43.389509825999937,-21.781973962349092],[-43.389483935999969,-21.782181451349143],[-43.389481457999977,-21.782727876349107],[-43.389431745999957,-21.782957713349109],[-43.388319052999968,-21.784739760349073],[-43.38611594799994,-21.783498911349096],[-43.386093703999961,-21.783110310349116],[-43.385479992999933,-21.783131412349121],[-43.383621010999946,-21.781821637349111]]]},"properties":{"OBJECTID":37,"nro":53,"nome":"Santos Dumont","qtd_contrib_oficina_1_centro":null,"qtd_contrib_oficina_2_oeste":4,"qtd_contrib_oficina_3_leste":null,"qtd_contrib_oficina_4_nordeste":null,"qtd_contrib_oficina_5_vilas_nu":null,"qtd_contrib_oficina_6_n_co":null,"qtd_contrib_oficina_7_sudeste":null,"qtd_contrib_oficina_8_sul":null,"qtd_inscricoes_vaf":null,"observacao":"-","fonte":"PDDU","ano":"2000","vaf_2018":null,"vaf_2019":null,"vaf_2020":null,"vaf_2021":null,"vaf_2022":null,"bairro_dado_vinculado":"-","regiao_planejamento":"Oeste","shape.STArea()":4.3302498945493509e-05,"shape.STLength()":0.027774379722346875}},{"type":"Feature","id":38,"geometry":{"type":"Polygon","coordinates":[[[-43.342037037999951,-21.756240262349724],[-43.342018410999962,-21.756249140349734],[-43.342064254999961,-21.756325693349712],[-43.341904898999992,-21.756410645349721],[-43.341887516999968,-21.756494782349716],[-43.341818570999969,-21.756532208349725],[-43.341771454999957,-21.756557784349706],[-43.34173498399997,-21.756498026349746],[-43.341694264999944,-21.756520758349733],[-43.341683375999935,-21.756526622349735],[-43.341639430999976,-21.756550290349715],[-43.34158623299993,-21.756578606349706],[-43.341529693999973,-21.75647968334972],[-43.341402982999966,-21.756587497349706],[-43.341374913999971,-21.756643281349739],[-43.341374605999931,-21.756643672349703],[-43.341323136999961,-21.756685740349731],[-43.341297631999964,-21.756706511349709],[-43.341171126999939,-21.75680869334974],[-43.341209017999979,-21.756845313349743],[-43.341183616999956,-21.756872910349728],[-43.341169643999933,-21.756888091349708],[-43.341161617999944,-21.756892408349707],[-43.34109025399993,-21.756792341349751],[-43.340944035999939,-21.756632812349721],[-43.340903710999953,-21.756587518349708],[-43.340822331999952,-21.756496111349762],[-43.340725193999951,-21.756377720349757],[-43.340627745999939,-21.756286421349746],[-43.34053029599994,-21.756195123349706],[-43.34042790999996,-21.756112807349744],[-43.340236910999977,-21.756011538349714],[-43.339991773999941,-21.755941338349736],[-43.339844605999978,-21.755917280349724],[-43.339722209999934,-21.755893472349747],[-43.339525495999965,-21.755868918349758],[-43.33950132599994,-21.75586867534977],[-43.339279664999935,-21.75591161134977],[-43.33903300299994,-21.75602655134977],[-43.338787171999968,-21.756069243349735],[-43.33859097699996,-21.755999532349751],[-43.338468495999962,-21.755930561349736],[-43.338247613999961,-21.755905763349773],[-43.337977218999981,-21.75593014234974],[-43.337731386999963,-21.75597283334977],[-43.33755875099996,-21.756061419349763],[-43.337509236999949,-21.756110597349753],[-43.337435002999939,-21.756155012349737],[-43.337262364999965,-21.756243598349744],[-43.337089416999959,-21.75635927634973],[-43.336917247999956,-21.756407222349718],[-43.336917091999965,-21.756420769349749],[-43.336744269999933,-21.756053232349718],[-43.336902217999977,-21.755246449349777],[-43.33697704399998,-21.755098173349772],[-43.337077006999941,-21.754918536349798],[-43.337201188999977,-21.754734626349773],[-43.337424376999927,-21.75450655234977],[-43.337524129999963,-21.754344977349774],[-43.33764987099994,-21.754025602349781],[-43.337724280999964,-21.75391344934981],[-43.337872193999942,-21.753820097349791],[-43.338069339999947,-21.753754337349811],[-43.338291259999949,-21.753688826349808],[-43.338463424999937,-21.753640879349817],[-43.338858028999937,-21.753482264349799],[-43.339128886999958,-21.753417242349794],[-43.339300999999978,-21.7533738113498],[-43.339449516999935,-21.753280464349785],[-43.339695602999932,-21.753215193349806],[-43.339991199999993,-21.753100741349826],[-43.340260325999964,-21.753238924349802],[-43.340504452999937,-21.753449110349802],[-43.340772800999957,-21.753655024349779],[-43.340968215999965,-21.753792465349768],[-43.341187572999957,-21.754002402349794],[-43.341429454999975,-21.754460948349784],[-43.341452152999977,-21.754641817349807],[-43.341549115999946,-21.754827946349774],[-43.34166774199997,-21.755285256349776],[-43.341714467999964,-21.755583783349756],[-43.34181117299994,-21.755792491349752],[-43.341857589999961,-21.755879692349723],[-43.341980347999936,-21.756110310349715],[-43.342037037999951,-21.756240262349724]]]},"properties":{"OBJECTID":38,"nro":87,"nome":"Cesario Alvim","qtd_contrib_oficina_1_centro":null,"qtd_contrib_oficina_2_oeste":null,"qtd_contrib_oficina_3_leste":3,"qtd_contrib_oficina_4_nordeste":null,"qtd_contrib_oficina_5_vilas_nu":null,"qtd_contrib_oficina_6_n_co":null,"qtd_contrib_oficina_7_sudeste":null,"qtd_contrib_oficina_8_sul":null,"qtd_inscricoes_vaf":null,"observacao":"-","fonte":"PDDU","ano":"2000","vaf_2018":null,"vaf_2019":null,"vaf_2020":null,"vaf_2021":null,"vaf_2022":null,"bairro_dado_vinculado":"-","regiao_planejamento":"Leste","shape.STArea()":1.1540734604737503e-05,"shape.STLength()":0.015450612843101987}},{"type":"Feature","id":39,"geometry":{"type":"Polygon","coordinates":[[[-43.378306646999938,-21.779497984349209],[-43.378698590999932,-21.779632795349155],[-43.378894584999955,-21.779725040349177],[-43.379090832999971,-21.779794706349172],[-43.379409506999934,-21.779888152349177],[-43.379801305999926,-21.779982315349191],[-43.380046809999953,-21.780025367349158],[-43.380389912999931,-21.7800964703492],[-43.380708489999961,-21.780144752349166],[-43.380978422999931,-21.780165461349167],[-43.381223877999957,-21.780213026349156],[-43.381640611999956,-21.780239687349148],[-43.38195924099994,-21.780283452349185],[-43.382302851999953,-21.780309396349146],[-43.38267068599999,-21.780331060349184],[-43.382769191999955,-21.78033202434916],[-43.38311178999993,-21.780448278349134],[-43.383160528999952,-21.780629398349173],[-43.383086339999977,-21.780723511349152],[-43.382962901999974,-21.780790045349129],[-43.38284031999995,-21.780834007349139],[-43.382716674999983,-21.780972797349133],[-43.382716772999963,-21.781017958349128],[-43.382765159999963,-21.781176495349129],[-43.383621010999946,-21.781821637349111],[-43.385479992999933,-21.783131412349121],[-43.386093703999961,-21.783110310349116],[-43.38611594799994,-21.783498911349096],[-43.387637172999973,-21.799604627348693],[-43.38741696999994,-21.799512156348726],[-43.387366895999953,-21.799719407348672],[-43.387316619999979,-21.799944721348705],[-43.387315502999968,-21.800152450348715],[-43.387363998999945,-21.800356148348712],[-43.387412191999942,-21.800586940348676],[-43.387484918999967,-21.80067797134868],[-43.387606802999983,-21.800859805348662],[-43.387680640999974,-21.800905686348663],[-43.387753316999984,-21.80100123534865],[-43.387777791999945,-21.801136956348696],[-43.387776015999975,-21.801457581348668],[-43.387971640999979,-21.801640134348656],[-43.386465628999986,-21.803603477348609],[-43.384401062999984,-21.804215545348608],[-43.384451046999963,-21.803963133348603],[-43.38447685199997,-21.80371048434861],[-43.384576345999967,-21.803463073348631],[-43.384749737999982,-21.80309444934861],[-43.384947704999938,-21.802798324348643],[-43.385316821999936,-21.802549032348612],[-43.385489597999936,-21.802342981348652],[-43.38568721099994,-21.802024270348628],[-43.385688737999949,-21.801726222348645],[-43.385665075999952,-21.801518251348643],[-43.385567876999978,-21.801291497348664],[-43.385494546999951,-21.801200457348699],[-43.38532314399999,-21.801176201348678],[-43.38505296999994,-21.801173560348641],[-43.384856327999948,-21.801243895348669],[-43.384585791999939,-21.801381248348672],[-43.384315558999958,-21.801491506348693],[-43.383947260999946,-21.801560161348633],[-43.38365306399993,-21.801489541348669],[-43.383358719999933,-21.801378274348636],[-43.383016073999954,-21.801262016348648],[-43.382745644999943,-21.801281949348688],[-43.382475614999976,-21.801374142348678],[-43.382229759999973,-21.801466573348677],[-43.381933932999964,-21.801648834348683],[-43.381786394999949,-21.801760290348636],[-43.381565320999982,-21.801852962348626],[-43.381319925999946,-21.801850557348654],[-43.38104965399998,-21.801802747348642],[-43.380878200999973,-21.80178300234866],[-43.380583691999959,-21.801847856348626],[-43.380362011999978,-21.801940520348641],[-43.380189229999978,-21.802146565348668],[-43.380114460999948,-21.802398732348635],[-43.380064679999975,-21.802578888348634],[-43.379966046999982,-21.802695338348634],[-43.379793724999956,-21.80280655034862],[-43.379548277999959,-21.802808658348606],[-43.379204869999967,-21.802760126348613],[-43.378959886999951,-21.802667400348625],[-43.378739587999966,-21.80252975634863],[-43.378274816999976,-21.802254227348669],[-43.378005306999967,-21.802138679348612],[-43.37773558899994,-21.802095385348661],[-43.377514625999936,-21.802070634348638],[-43.377196159999983,-21.801954603348641],[-43.377049444999955,-21.801885420348643],[-43.376804463999974,-21.801792691348641],[-43.376559388999965,-21.801654799348633],[-43.376167343999953,-21.801470302348687],[-43.375898760999974,-21.801219277348672],[-43.375678627999946,-21.801013889348695],[-43.375385826999945,-21.800712948348657],[-43.375166457999967,-21.800439826348658],[-43.375021104999973,-21.799982272348696],[-43.374924388999951,-21.799660678348694],[-43.374877141999946,-21.799294412348676],[-43.374829173999963,-21.799045555348709],[-43.374683406999964,-21.798678319348731],[-43.374587043999952,-21.798379311348729],[-43.374245007999946,-21.797942401348731],[-43.37422108699996,-21.797919584348715],[-43.374050586999935,-21.797601782348739],[-43.373855546999948,-21.797369542348743],[-43.373585956999932,-21.797208825348775],[-43.372925708999965,-21.796795875348788],[-43.372533682999972,-21.796611371348792],[-43.372141445999944,-21.796499120348777],[-43.37167603499995,-21.796336471348781],[-43.371283850999937,-21.796219703348783],[-43.371014104999972,-21.79612672134877],[-43.370793916999958,-21.796034229348809],[-43.37022994299997,-21.795875119348782],[-43.370181497999965,-21.795829479348793],[-43.369887577999975,-21.795736258348814],[-43.369544351999934,-21.79561996934881],[-43.369299642999977,-21.795504652348811],[-43.36903041099999,-21.795366512348831],[-43.368907880999984,-21.795297561348825],[-43.368638393999959,-21.795181999348806],[-43.368540337999946,-21.795140385348809],[-43.368442896999966,-21.795044585348816],[-43.368271064999931,-21.79495256734879],[-43.368099837999971,-21.794860555348809],[-43.367953134999944,-21.794791365348836],[-43.367732602999979,-21.794676283348792],[-43.367512626999947,-21.794565724348789],[-43.367267785999957,-21.794355565348848],[-43.367121502999957,-21.794196058348824],[-43.367024081999951,-21.793991871348826],[-43.366877544999966,-21.793854941348823],[-43.366584518999964,-21.793576564348861],[-43.366683738999932,-21.793302065348868],[-43.366928952999956,-21.793372230348886],[-43.367100689999965,-21.793419088348827],[-43.367296601999954,-21.793466185348834],[-43.367566298999975,-21.793509495348854],[-43.367787247999964,-21.79353425834886],[-43.368106104999974,-21.793559989348847],[-43.368400325999971,-21.793626120348815],[-43.368596332999971,-21.793718378348817],[-43.368743035999955,-21.793787567348865],[-43.368767814999956,-21.793787812348828],[-43.368938828999944,-21.793952078348838],[-43.369010286999981,-21.794314069348797],[-43.369107403999969,-21.794545348348844],[-43.36925331499998,-21.794844849348813],[-43.369375842999943,-21.79491379934883],[-43.369571594999968,-21.795028633348807],[-43.36989050699998,-21.795049844348803],[-43.370111364999957,-21.79502944334882],[-43.370308420999947,-21.794868808348848],[-43.370382572999972,-21.794779219348804],[-43.370382785999936,-21.794706964348784],[-43.370383619999977,-21.794526329348809],[-43.370385015999943,-21.794296023348814],[-43.370385755999962,-21.794070227348829],[-43.370436200999961,-21.793885566348841],[-43.370559425999943,-21.793679042348835],[-43.370780747999959,-21.793563807348821],[-43.370904202999959,-21.793497283348845],[-43.37105132399995,-21.793476154348841],[-43.371247798999946,-21.793473576348823],[-43.371664822999946,-21.793477686348851],[-43.372008000999983,-21.793544293348859],[-43.372228950999961,-21.793569051348843],[-43.372498598999982,-21.793616868348838],[-43.372989248999943,-21.793684926348845],[-43.37325889799996,-21.793732742348855],[-43.373528291999946,-21.793803136348824],[-43.373871771999973,-21.793896839348832],[-43.37411678899997,-21.793985055348823],[-43.374312704999973,-21.79403214434884],[-43.374606880999977,-21.794102781348865],[-43.374852260999951,-21.794105194348809],[-43.374999781999975,-21.794102129348829],[-43.375122122999983,-21.794080752348826],[-43.377236446999966,-21.793333801348851],[-43.379149603999963,-21.793542258348829],[-43.379735697999934,-21.794207355348838],[-43.382072500999982,-21.793024461348864],[-43.382889126999949,-21.79151505034892],[-43.382681215999973,-21.788658844348941],[-43.381895939999936,-21.788723413348954],[-43.381821179999974,-21.788975583348961],[-43.38169783099994,-21.789087277348951],[-43.381476776999932,-21.789179949348942],[-43.381181228999935,-21.78933963434898],[-43.381107845999964,-21.789361495348963],[-43.380688582999937,-21.789772867348933],[-43.380319238999959,-21.790044728348903],[-43.379999005999935,-21.790249329348917],[-43.379679324999977,-21.790458450348915],[-43.379335945999969,-21.790409922348939],[-43.379066202999987,-21.79031695334891],[-43.378870193999944,-21.790224709348941],[-43.378649546999952,-21.790227060348908],[-43.378354711999975,-21.790269327348938],[-43.378084699999924,-21.790361515348927],[-43.378084445999946,-21.790384093348891],[-43.377739936999944,-21.790543290348925],[-43.377396094999931,-21.790589590348919],[-43.377102019999938,-21.790564122348933],[-43.376979999999953,-21.790450021348931],[-43.37683433199993,-21.790127948348928],[-43.376761678999969,-21.789924010348955],[-43.376640280999936,-21.789647336348956],[-43.37656748899996,-21.789348559348941],[-43.376421612999941,-21.789098741348965],[-43.376324644999954,-21.788799726348973],[-43.376325152999975,-21.788754572348957],[-43.376228694999952,-21.788410401348973],[-43.376205251999977,-21.78818436734899],[-43.376230716999942,-21.787909135348965],[-43.376306245999956,-21.787589236348996],[-43.376356076999969,-21.787404567348982],[-43.376381425999966,-21.787246753349017],[-43.376382302999964,-21.78706160234897],[-43.376383032999961,-21.786835805348993],[-43.376286575999984,-21.786491634349009],[-43.376189038999939,-21.786350677349024],[-43.376115720999962,-21.786259635349015],[-43.37599395899997,-21.786122955348997],[-43.375847324999931,-21.785940871349045],[-43.375750086999979,-21.785827014349021],[-43.372420753999961,-21.78407814634906],[-43.372470630999942,-21.783943155349093],[-43.372618207999956,-21.783827190349072],[-43.372716874999981,-21.783760420349083],[-43.372888463999978,-21.783712433349066],[-43.372938019999935,-21.783712922349068],[-43.373036592999945,-21.783600989349107],[-43.37497848899995,-21.782802684349132],[-43.375126984999952,-21.78255124334909],[-43.375226063999946,-21.782394154349113],[-43.375374462999957,-21.782097552349139],[-43.375546971999938,-21.781914088349108],[-43.375768938999954,-21.781685949349118],[-43.375917018999985,-21.781524824349148],[-43.37604108499994,-21.781295724349135],[-43.37611471699995,-21.781251286349164],[-43.37616484299997,-21.781093715349126],[-43.376263524999956,-21.78086436434916],[-43.376412682999955,-21.780500027349159],[-43.376511714999936,-21.780293259349168],[-43.376610841999934,-21.780131654349141],[-43.376685043999935,-21.779929158349162],[-43.376759393999976,-21.779767309349179],[-43.376785554999969,-21.779537246349175],[-43.377888630999962,-21.779746784349157],[-43.378306646999938,-21.779497984349209]]]},"properties":{"OBJECTID":39,"nro":54,"nome":"Aeroporto","qtd_contrib_oficina_1_centro":null,"qtd_contrib_oficina_2_oeste":6,"qtd_contrib_oficina_3_leste":null,"qtd_contrib_oficina_4_nordeste":null,"qtd_contrib_oficina_5_vilas_nu":null,"qtd_contrib_oficina_6_n_co":null,"qtd_contrib_oficina_7_sudeste":null,"qtd_contrib_oficina_8_sul":"1","qtd_inscricoes_vaf":73,"observacao":"-","fonte":"PDDU","ano":"2000","vaf_2018":4953490,"vaf_2019":16990230,"vaf_2020":18208339,"vaf_2021":9858094,"vaf_2022":7167835,"bairro_dado_vinculado":"-","regiao_planejamento":"Oeste","shape.STArea()":0.00023980486808658006,"shape.STLength()":0.10739903105255667}},{"type":"Feature","id":40,"geometry":{"type":"Polygon","coordinates":[[[-43.38684221799997,-21.791188459348891],[-43.387618819999943,-21.791092229348898],[-43.388078384999972,-21.791063721348891],[-43.388549354999952,-21.791068314348919],[-43.389079194999972,-21.791073481348899],[-43.389820973999974,-21.791080713348926],[-43.390479717999938,-21.791142120348908],[-43.390913891999958,-21.791278320348887],[-43.391443734999939,-21.791283480348884],[-43.391808492999985,-21.791309025348902],[-43.392207714999991,-21.7914118893489],[-43.39263135799996,-21.791587537348875],[-43.39277766899994,-21.791747025348876],[-43.392973790999974,-21.791884417348875],[-43.393070844999947,-21.792070521348894],[-43.393389002999982,-21.792322001348854],[-43.393706305999956,-21.792596053348866],[-43.394123030999936,-21.792735587348879],[-43.394514824999924,-21.792942620348864],[-43.394612836999954,-21.792988733348853],[-43.394882345999974,-21.793104255348826],[-43.395053188999952,-21.793286558348868],[-43.395200005999982,-21.793400888348845],[-43.395496344999962,-21.798434715348751],[-43.395516182999984,-21.798856471348724],[-43.39535796399997,-21.799316836348698],[-43.395200600999942,-21.799700223348683],[-43.395196802999976,-21.800041114348677],[-43.395135232999962,-21.80028246434869],[-43.39493052399996,-21.800687388348688],[-43.394727651999972,-21.800927365348656],[-43.394600332999978,-21.801108576348696],[-43.39040111099996,-21.801690927348677],[-43.390351597999938,-21.801740121348651],[-43.390228495999963,-21.801829243348671],[-43.39005668599998,-21.801895311348641],[-43.389859540999957,-21.802010807348669],[-43.389662647999948,-21.802103725348623],[-43.389466156999951,-21.80221471234864],[-43.389343459999964,-21.80221351534863],[-43.389172207999934,-21.80212152334866],[-43.389074597999979,-21.801985088348658],[-43.388952206999932,-21.801848411348658],[-43.388879224999982,-21.801779957348639],[-43.388756581999985,-21.80166585934866],[-43.388658817999953,-21.801597164348671],[-43.388560802999962,-21.801551047348664],[-43.388438357999974,-21.801527272348675],[-43.388193062999953,-21.801570038348668],[-43.387971640999979,-21.801640134348656],[-43.387776015999975,-21.801457581348668],[-43.387777791999945,-21.801136956348696],[-43.387753316999984,-21.80100123534865],[-43.387680640999974,-21.800905686348663],[-43.387606802999983,-21.800859805348662],[-43.387484918999967,-21.80067797134868],[-43.387412191999942,-21.800586940348676],[-43.387363998999945,-21.800356148348712],[-43.387315502999968,-21.800152450348715],[-43.387316619999979,-21.799944721348705],[-43.387366895999953,-21.799719407348672],[-43.38741696999994,-21.799512156348726],[-43.387637172999973,-21.799604627348693],[-43.38684221799997,-21.791188459348891]]]},"properties":{"OBJECTID":40,"nro":55,"nome":"Novo Horizonte","qtd_contrib_oficina_1_centro":null,"qtd_contrib_oficina_2_oeste":null,"qtd_contrib_oficina_3_leste":null,"qtd_contrib_oficina_4_nordeste":null,"qtd_contrib_oficina_5_vilas_nu":null,"qtd_contrib_oficina_6_n_co":null,"qtd_contrib_oficina_7_sudeste":null,"qtd_contrib_oficina_8_sul":null,"qtd_inscricoes_vaf":10,"observacao":"-","fonte":"PDDU","ano":"2000","vaf_2018":16793299,"vaf_2019":15815472,"vaf_2020":13827422,"vaf_2021":12687278,"vaf_2022":10533550,"bairro_dado_vinculado":"-","regiao_planejamento":"Oeste","shape.STArea()":7.8992353167187517e-05,"shape.STLength()":0.035169505785637593}},{"type":"Feature","id":41,"geometry":{"type":"Polygon","coordinates":[[[-43.398840941999936,-21.807729718348497],[-43.396939480999947,-21.8048209593486],[-43.396768322999947,-21.804774136348605],[-43.396621091999975,-21.804750126348601],[-43.396449227999938,-21.804658135348582],[-43.396327281999959,-21.804589210348581],[-43.396278370999944,-21.804475831348615],[-43.39627957699998,-21.804313263348611],[-43.396304406999946,-21.804200602348612],[-43.396329338999983,-21.804133102348608],[-43.394600332999978,-21.801108576348696],[-43.394727651999972,-21.800927365348656],[-43.39493052399996,-21.800687388348688],[-43.395135232999962,-21.80028246434869],[-43.395196802999976,-21.800041114348677],[-43.395200600999942,-21.799700223348683],[-43.39535796399997,-21.799316836348698],[-43.395516182999984,-21.798856471348724],[-43.395496344999962,-21.798434715348751],[-43.399597337999985,-21.797760954348735],[-43.40023210499993,-21.798516779348713],[-43.399366702999941,-21.800021293348717],[-43.400492361999966,-21.800664454348663],[-43.401398860999961,-21.801011939348676],[-43.401224569999954,-21.80162896134863],[-43.401371296999969,-21.801698123348629],[-43.401934980999954,-21.801834546348633],[-43.402009074999967,-21.801857843348689],[-43.402327166999953,-21.802064146348638],[-43.40247389599994,-21.80213330734864],[-43.402841198999965,-21.80231750434864],[-43.403086053999971,-21.802477937348659],[-43.40335533599994,-21.802616023348648],[-43.403673430999959,-21.802822324348632],[-43.403893162999957,-21.803122511348622],[-43.404013830999936,-21.803579806348601],[-43.404134540999962,-21.803924197348589],[-43.404206396999932,-21.804313278348566],[-43.404351993999967,-21.804703072348552],[-43.404546406999941,-21.805161079348558],[-43.404666972999969,-21.80557321034857],[-43.404788395999958,-21.805962770348529],[-43.404884035999942,-21.80644240334852],[-43.40498092699994,-21.806809144348502],[-43.405052284999954,-21.807243381348531],[-43.400532062999957,-21.808193203348512],[-43.398840941999936,-21.807729718348497]]]},"properties":{"OBJECTID":41,"nro":56,"nome":"Parque Jardim da Serra","qtd_contrib_oficina_1_centro":null,"qtd_contrib_oficina_2_oeste":null,"qtd_contrib_oficina_3_leste":null,"qtd_contrib_oficina_4_nordeste":null,"qtd_contrib_oficina_5_vilas_nu":null,"qtd_contrib_oficina_6_n_co":null,"qtd_contrib_oficina_7_sudeste":null,"qtd_contrib_oficina_8_sul":null,"qtd_inscricoes_vaf":null,"observacao":"-","fonte":"PDDU","ano":"2000","vaf_2018":null,"vaf_2019":null,"vaf_2020":null,"vaf_2021":null,"vaf_2022":null,"bairro_dado_vinculado":"-","regiao_planejamento":"Oeste","shape.STArea()":6.3174901326183016e-05,"shape.STLength()":0.034568031831916105}},{"type":"Feature","id":42,"geometry":{"type":"Polygon","coordinates":[[[-43.366806879999963,-21.781149470349121],[-43.366789829999966,-21.781272307349109],[-43.366838198999972,-21.781430847349135],[-43.365880766999965,-21.781543318349161],[-43.364238056999966,-21.781219974349135],[-43.362692081999974,-21.781213699349152],[-43.36232641099997,-21.780735889349167],[-43.362179940999965,-21.780594440349155],[-43.361911420999945,-21.780343395349181],[-43.361764386999937,-21.780251617349172],[-43.36159266899994,-21.78020475434916],[-43.361372256999971,-21.780134828349176],[-43.361299298999938,-21.780066364349192],[-43.361398937999972,-21.779701550349181],[-43.36159598099993,-21.77954092534921],[-43.361744278999929,-21.779361752349164],[-43.361060812999938,-21.778555634349232],[-43.35866876799998,-21.775944196349258],[-43.359824139999937,-21.775535669349281],[-43.359678523999946,-21.775213584349288],[-43.360513738999941,-21.774896713349307],[-43.360781864999979,-21.7752877533493],[-43.361231368999938,-21.775034794349288],[-43.362702106999961,-21.773942930349321],[-43.362726296999938,-21.774101233349295],[-43.362774609999967,-21.774264290349308],[-43.362822715999982,-21.774445408349298],[-43.362895034999951,-21.774676444349307],[-43.363016865999953,-21.774858294349279],[-43.363089493999951,-21.775062236349257],[-43.363113213999952,-21.77531537134929],[-43.363606112999939,-21.774859611349285],[-43.363654547999943,-21.774905251349274],[-43.363703168999969,-21.775041214349258],[-43.363824785999952,-21.775295319349272],[-43.364043839999958,-21.775591031349279],[-43.364190655999948,-21.775755062349276],[-43.364361181999989,-21.775959973349245],[-43.364507628999938,-21.776209806349236],[-43.364702113999954,-21.776487210349256],[-43.364872989999974,-21.77671470334926],[-43.365015609999944,-21.776900752349242],[-43.365068337999965,-21.776969536349249],[-43.365119321999941,-21.777041054349223],[-43.365245358999971,-21.777233218349263],[-43.365338549999933,-21.777324614349222],[-43.365409745999955,-21.777401938349229],[-43.365629173999935,-21.777611848349245],[-43.365676117999953,-21.777655675349209],[-43.365824736999976,-21.777794424349235],[-43.36611854999996,-21.778000552349233],[-43.366119028999947,-21.778004262349224],[-43.366125187999955,-21.77805201034921],[-43.366129881999932,-21.778088391349232],[-43.366218264999929,-21.778142332349205],[-43.366238703999954,-21.778169135349234],[-43.366242109999973,-21.778173600349199],[-43.366404547999934,-21.778386613349191],[-43.366463317999937,-21.778768050349171],[-43.366470321999948,-21.778813505349195],[-43.366558428999952,-21.778992453349176],[-43.366657898999961,-21.779127659349207],[-43.366755164999979,-21.77922477634921],[-43.36688498999996,-21.779445608349167],[-43.366905263999968,-21.779561690349205],[-43.366962565999977,-21.779885821349197],[-43.366999426999939,-21.779975151349177],[-43.36703185999994,-21.780053751349172],[-43.366993167999972,-21.780081289349155],[-43.366993233999949,-21.780081289349155],[-43.367041787999938,-21.780133556349156],[-43.367125582999968,-21.780219035349162],[-43.367213944999946,-21.780300400349191],[-43.367245839999953,-21.780327808349178],[-43.367276051999966,-21.78035288434916],[-43.367262310999934,-21.780378589349151],[-43.367214905999958,-21.780467273349135],[-43.367196793999938,-21.780481428349162],[-43.367131730999972,-21.780527882349144],[-43.367063418999976,-21.78057006834916],[-43.367062504999979,-21.780570626349178],[-43.367038393999962,-21.780586921349151],[-43.36701752699998,-21.780606741349182],[-43.367000487999967,-21.780629531349174],[-43.366987752999933,-21.780654654349174],[-43.366889729999961,-21.780700902349164],[-43.366792446999966,-21.780758848349141],[-43.366791554999971,-21.780906522349138],[-43.366808249999956,-21.781032655349165],[-43.366818538999951,-21.781082916349128],[-43.366806879999963,-21.781149470349121]]]},"properties":{"OBJECTID":42,"nro":60,"nome":"Dom Bosco","qtd_contrib_oficina_1_centro":2,"qtd_contrib_oficina_2_oeste":null,"qtd_contrib_oficina_3_leste":null,"qtd_contrib_oficina_4_nordeste":null,"qtd_contrib_oficina_5_vilas_nu":null,"qtd_contrib_oficina_6_n_co":null,"qtd_contrib_oficina_7_sudeste":null,"qtd_contrib_oficina_8_sul":null,"qtd_inscricoes_vaf":null,"observacao":"-","fonte":"PDDU","ano":"2000","vaf_2018":null,"vaf_2019":null,"vaf_2020":null,"vaf_2021":null,"vaf_2022":null,"bairro_dado_vinculado":"-","regiao_planejamento":"Centro","shape.STArea()":3.3390901533098009e-05,"shape.STLength()":0.027076816317142018}},{"type":"Feature","id":43,"geometry":{"type":"Polygon","coordinates":[[[-43.351463036999967,-21.784385244349064],[-43.351365255999951,-21.784293944349049],[-43.351333321999967,-21.784242919349058],[-43.351278667999964,-21.784155595349077],[-43.351275485999963,-21.784150511349051],[-43.351233257999979,-21.784066647349082],[-43.351191578999931,-21.783983874349051],[-43.351174973999939,-21.783950898349051],[-43.351154805999954,-21.783906720349059],[-43.351131532999943,-21.783855740349097],[-43.351112111999953,-21.783827549349084],[-43.351065720999934,-21.783760209349094],[-43.351059915999947,-21.78375152134906],[-43.351043688999937,-21.783727229349093],[-43.350997538999934,-21.783675250349098],[-43.350988290999958,-21.7836648343491],[-43.350980524999954,-21.783656086349072],[-43.350916336999944,-21.783593575349073],[-43.35088422299998,-21.783562300349093],[-43.350854752999965,-21.783524130349107],[-43.350815669999974,-21.783473506349079],[-43.350800653999954,-21.783454058349079],[-43.350775289999945,-21.783422766349076],[-43.350725354999952,-21.783361161349074],[-43.350713926999958,-21.783347061349094],[-43.350662944999954,-21.783308141349092],[-43.35060759199996,-21.783265883349085],[-43.350575652999964,-21.783242695349088],[-43.35049565099996,-21.783184613349075],[-43.350491187999971,-21.783181372349073],[-43.350390750999964,-21.783119909349121],[-43.350305512999967,-21.783067745349115],[-43.350218731999973,-21.783014638349073],[-43.350212065999983,-21.78301055934913],[-43.350193635999972,-21.782999281349074],[-43.350171748999976,-21.782985939349089],[-43.350144992999958,-21.782969631349097],[-43.35009906099998,-21.782941635349125],[-43.350068024999977,-21.782925981349084],[-43.349993421999955,-21.782888352349119],[-43.349981626999984,-21.78287922634911],[-43.349912553999957,-21.782825780349082],[-43.349843371999953,-21.782772248349097],[-43.349838148999943,-21.78276830434908],[-43.349746787999948,-21.7826992873491],[-43.349684401999973,-21.782652160349095],[-43.350140956999951,-21.782272180349107],[-43.350364941999942,-21.782085760349119],[-43.351996223999947,-21.780728048349143],[-43.351849197999968,-21.780636260349119],[-43.351604012999985,-21.78056607534916],[-43.351310306999949,-21.78040508434913],[-43.351090157999984,-21.780312567349139],[-43.350992169999984,-21.78026642934919],[-43.350992510999959,-21.780130950349154],[-43.351215198999967,-21.779789952349198],[-43.351412680999942,-21.779539024349187],[-43.351561041999958,-21.779355345349163],[-43.351733914999954,-21.779036429349205],[-43.351907221999973,-21.778785259349188],[-43.352030716999934,-21.778556172349223],[-43.35217881899996,-21.778395071349223],[-43.352326439999963,-21.778328802349215],[-43.352596530999961,-21.778281817349239],[-43.352621565999982,-21.778259486349214],[-43.352744409999964,-21.778192970349213],[-43.352843303999968,-21.77805395834924],[-43.352967738999951,-21.77768939834921],[-43.353042369999962,-21.777504984349228],[-43.353116346999968,-21.777325079349243],[-43.353704486999959,-21.777529644349233],[-43.353851254999938,-21.777644006349206],[-43.353972935999934,-21.77778521634924],[-43.354094757999967,-21.777967070349245],[-43.354241526999942,-21.778081434349197],[-43.35446150599995,-21.778241685349201],[-43.354632624999965,-21.778446611349231],[-43.354754228999987,-21.778700720349203],[-43.354875148999952,-21.779067724349179],[-43.354922730999931,-21.779294000349221],[-43.354970866999956,-21.779524799349154],[-43.355067268999953,-21.77986897934916],[-43.355262226999969,-21.780209621349183],[-43.355407579999962,-21.780554288349158],[-43.355577453999956,-21.780921779349168],[-43.355650072999943,-21.781125724349174],[-43.355722639999954,-21.78133418434911],[-43.355819558999947,-21.78163320834912],[-43.355892435999976,-21.781814576349152],[-43.355964965999931,-21.781973358349127],[-43.355860900999971,-21.783254882349059],[-43.355661924999936,-21.783849021349088],[-43.355587291999939,-21.784033437349056],[-43.355414498999956,-21.784239456349066],[-43.355094814999973,-21.784394336349099],[-43.354848716999982,-21.784509304349079],[-43.354529147999983,-21.784600959349085],[-43.354455765999944,-21.784622809349084],[-43.354161141999953,-21.784646971349062],[-43.353988736999945,-21.784712994349057],[-43.35371872199994,-21.784805141349079],[-43.353546057999949,-21.784893743349031],[-43.353373946999966,-21.78498686534903],[-43.353127847999978,-21.78510182934907],[-43.35300525599996,-21.785145769349015],[-43.352784153999949,-21.785188726349023],[-43.352587949999936,-21.785168706349062],[-43.352391797999985,-21.78514416934906],[-43.35221981799998,-21.785119875349043],[-43.35209739499993,-21.785096074349042],[-43.351999919999969,-21.785004780349038],[-43.351853146999986,-21.784890415349039],[-43.351779586999953,-21.784821942349044],[-43.351731063999978,-21.784731136349045],[-43.351658020999935,-21.78461750734904],[-43.351560856999981,-21.784499121349047],[-43.351463036999967,-21.784385244349064]]]},"properties":{"OBJECTID":43,"nro":61,"nome":"Santa Cecília","qtd_contrib_oficina_1_centro":2,"qtd_contrib_oficina_2_oeste":null,"qtd_contrib_oficina_3_leste":null,"qtd_contrib_oficina_4_nordeste":null,"qtd_contrib_oficina_5_vilas_nu":null,"qtd_contrib_oficina_6_n_co":null,"qtd_contrib_oficina_7_sudeste":null,"qtd_contrib_oficina_8_sul":null,"qtd_inscricoes_vaf":null,"observacao":"-","fonte":"PDDU","ano":"2000","vaf_2018":null,"vaf_2019":null,"vaf_2020":null,"vaf_2021":null,"vaf_2022":null,"bairro_dado_vinculado":"-","regiao_planejamento":"Centro","shape.STArea()":2.9224059381011508e-05,"shape.STLength()":0.023035051331922844}},{"type":"Feature","id":44,"geometry":{"type":"Polygon","coordinates":[[[-43.350140956999951,-21.782272180349107],[-43.349684401999973,-21.782652160349095],[-43.349648275999989,-21.782624870349089],[-43.349515294999946,-21.782517196349104],[-43.349319039999955,-21.782356370349099],[-43.34921411299996,-21.782517971349101],[-43.349181878999957,-21.782567613349116],[-43.349179604999968,-21.782571115349075],[-43.349084314999971,-21.782717871349135],[-43.348943511999948,-21.78277256334912],[-43.34881449899995,-21.78269888734911],[-43.34879972899995,-21.782690571349136],[-43.348632594999977,-21.782669902349081],[-43.348513976999982,-21.782684957349105],[-43.348397508999938,-21.782708316349122],[-43.348230607999938,-21.782740087349119],[-43.348113152999986,-21.782762443349103],[-43.347965189999968,-21.782790609349103],[-43.347844839999937,-21.782813518349094],[-43.347724488999972,-21.782836427349082],[-43.347608531999974,-21.782836135349111],[-43.347499304999978,-21.78283585934912],[-43.347497890999932,-21.78281742734908],[-43.34749206999993,-21.782774002349072],[-43.347482769999942,-21.782704618349111],[-43.347477731999959,-21.7826670423491],[-43.347372182999941,-21.782652270349111],[-43.347180861999959,-21.782625495349127],[-43.347178284999991,-21.782601284349091],[-43.347175460999949,-21.7825814663491],[-43.347128273999942,-21.782587316349129],[-43.347128703999942,-21.782499406349086],[-43.347112763999974,-21.781724676349121],[-43.347108908999978,-21.78153729234911],[-43.347797592999939,-21.781196442349128],[-43.347748814999925,-21.781128215349138],[-43.347651775999964,-21.780946603349154],[-43.347554270999979,-21.780805631349153],[-43.347530355999943,-21.780624749349172],[-43.347556044999976,-21.78043984934915],[-43.347606028999962,-21.780191966349161],[-43.347704927999985,-21.780052957349149],[-43.347877294999932,-21.779937264349165],[-43.348049697999954,-21.779871246349188],[-43.348295015999952,-21.77982402234916],[-43.348442898999963,-21.779735179349149],[-43.348614918999942,-21.779596900349155],[-43.348886130999965,-21.779346710349191],[-43.34908305099998,-21.779303518349167],[-43.349303590999966,-21.779256044349182],[-43.349671618999935,-21.779259718349216],[-43.349893620999978,-21.779031617349222],[-43.350116361999937,-21.778686105349195],[-43.349117414999967,-21.777199384349249],[-43.349413619999957,-21.77687718634926],[-43.350127393999976,-21.776401096349261],[-43.351236254999947,-21.775463789349267],[-43.352338859999968,-21.775813486349261],[-43.352608261999933,-21.775879395349261],[-43.352553720999936,-21.777003348349268],[-43.353116346999968,-21.777325079349243],[-43.353042369999962,-21.777504984349228],[-43.352967738999951,-21.77768939834921],[-43.352843303999968,-21.77805395834924],[-43.352744409999964,-21.778192970349213],[-43.352621565999982,-21.778259486349214],[-43.352596530999961,-21.778281817349239],[-43.352326439999963,-21.778328802349215],[-43.35217881899996,-21.778395071349223],[-43.352030716999934,-21.778556172349223],[-43.351907221999973,-21.778785259349188],[-43.351733914999954,-21.779036429349205],[-43.351561041999958,-21.779355345349163],[-43.351412680999942,-21.779539024349187],[-43.351215198999967,-21.779789952349198],[-43.350992510999959,-21.780130950349154],[-43.350992169999984,-21.78026642934919],[-43.351090157999984,-21.780312567349139],[-43.351310306999949,-21.78040508434913],[-43.351604012999985,-21.78056607534916],[-43.351849197999968,-21.780636260349119],[-43.351996223999947,-21.780728048349143],[-43.350140956999951,-21.782272180349107]]]},"properties":{"OBJECTID":44,"nro":62,"nome":"Mundo Novo","qtd_contrib_oficina_1_centro":1,"qtd_contrib_oficina_2_oeste":null,"qtd_contrib_oficina_3_leste":null,"qtd_contrib_oficina_4_nordeste":null,"qtd_contrib_oficina_5_vilas_nu":null,"qtd_contrib_oficina_6_n_co":null,"qtd_contrib_oficina_7_sudeste":null,"qtd_contrib_oficina_8_sul":null,"qtd_inscricoes_vaf":null,"observacao":"-","fonte":"PDDU","ano":"2000","vaf_2018":null,"vaf_2019":null,"vaf_2020":null,"vaf_2021":null,"vaf_2022":null,"bairro_dado_vinculado":"-","regiao_planejamento":"Centro","shape.STArea()":2.1281655983024006e-05,"shape.STLength()":0.024766005565769102}},{"type":"Feature","id":45,"geometry":{"type":"Polygon","coordinates":[[[-43.332836593999957,-21.741422965350097],[-43.332886591999966,-21.741170527350093],[-43.334164836999953,-21.740567537350096],[-43.335477492999985,-21.740041866350115],[-43.33651956299996,-21.739502468350125],[-43.337358019999954,-21.739169411350154],[-43.33735732599996,-21.739282306350123],[-43.337381315999956,-21.739350287350156],[-43.337478960999931,-21.739423526350105],[-43.337674008999954,-21.739538386350169],[-43.337845151999943,-21.739630425350146],[-43.338016638999932,-21.739745048350137],[-43.338260188999982,-21.739950715350123],[-43.338504726999929,-21.740070587350154],[-43.338700120999931,-21.740208030350118],[-43.338944971999979,-21.740300808350121],[-43.339263787999982,-21.740371747350132],[-43.339557920999937,-21.740487600350082],[-43.339778520999971,-21.740534973350119],[-43.339900384999972,-21.740603936350105],[-43.340291438999948,-21.740856240350109],[-43.340462583999965,-21.7409482773501],[-43.340633159999982,-21.741089984350115],[-43.340852809999951,-21.741272829350105],[-43.341072200999974,-21.741478249350081],[-43.341316830999972,-21.741643279350079],[-43.341783549999946,-21.741620859350096],[-43.341560388999937,-21.741848941350053],[-43.341412282999954,-21.741960358350084],[-43.341287772999976,-21.742121689350096],[-43.341212543999973,-21.742306093350066],[-43.341112940999949,-21.742508316350051],[-43.341062395999984,-21.74264780735006],[-43.341035929999975,-21.742900441350045],[-43.341181270999982,-21.743082540350084],[-43.341327735999982,-21.743219490350029],[-43.341155324999932,-21.743290018350059],[-43.341031642999951,-21.743379099350054],[-43.340931381999951,-21.743585832350028],[-43.340856548999973,-21.743788305350023],[-43.34085450799995,-21.744018602350046],[-43.340852639999987,-21.744181162350021],[-43.340826743999969,-21.744384124350013],[-43.34082648499998,-21.744406702350048],[-43.340702230999973,-21.744545453349989],[-43.340578806999986,-21.744611956350031],[-43.340406132999924,-21.744705062350032],[-43.340307220999932,-21.744794392349995],[-43.340184314999931,-21.744815738349988],[-43.340110346999943,-21.744837577349983],[-43.339545396999938,-21.744836426350002],[-43.338686620999958,-21.744692326349995],[-43.339255657999949,-21.747123152349957],[-43.339352094999981,-21.747354440349969],[-43.339448843999946,-21.747558631349918],[-43.338864354999941,-21.747488198349959],[-43.338255077999975,-21.747240136349955],[-43.33749000399996,-21.747232453349969],[-43.337123983999959,-21.747327751349935],[-43.337004821999983,-21.74743925234997],[-43.335273940999969,-21.746785087349981],[-43.33504273899996,-21.745455046349996],[-43.33464988399993,-21.745568510349965],[-43.334307579999972,-21.745542486350004],[-43.334038380999971,-21.745517195350022],[-43.333745327999964,-21.745464569350005],[-43.333378773999975,-21.745393137349986],[-43.333184064999955,-21.745300856350003],[-43.332891742999948,-21.745185010349971],[-43.332452316999934,-21.745040586349994],[-43.331988232999947,-21.744990750349984],[-43.331424053999967,-21.745079899350007],[-43.330979581999941,-21.745199912350007],[-43.331449276999933,-21.744334310350006],[-43.332123636999938,-21.74302141235005],[-43.332150731999938,-21.742713755350046],[-43.332319699999978,-21.742352541350048],[-43.332836593999957,-21.741422965350097]]]},"properties":{"OBJECTID":45,"nro":95,"nome":"Três Moinhos","qtd_contrib_oficina_1_centro":null,"qtd_contrib_oficina_2_oeste":null,"qtd_contrib_oficina_3_leste":9,"qtd_contrib_oficina_4_nordeste":null,"qtd_contrib_oficina_5_vilas_nu":null,"qtd_contrib_oficina_6_n_co":null,"qtd_contrib_oficina_7_sudeste":null,"qtd_contrib_oficina_8_sul":null,"qtd_inscricoes_vaf":null,"observacao":"-","fonte":"PDDU","ano":"2000","vaf_2018":null,"vaf_2019":null,"vaf_2020":null,"vaf_2021":null,"vaf_2022":null,"bairro_dado_vinculado":"-","regiao_planejamento":"Leste","shape.STArea()":5.139798345780751e-05,"shape.STLength()":0.033234351545634228}},{"type":"Feature","id":46,"geometry":{"type":"Polygon","coordinates":[[[-43.287570977999962,-21.76782587434948],[-43.287451853999983,-21.767526588349458],[-43.287404249999952,-21.767413197349441],[-43.287283715999934,-21.767181635349502],[-43.287260887999928,-21.767068500349509],[-43.287137790999957,-21.766900134349495],[-43.286187869999935,-21.764045247349546],[-43.286851312999943,-21.763848904349583],[-43.287047618999964,-21.76380577734955],[-43.287292600999933,-21.763785735349533],[-43.287488302999975,-21.763742603349566],[-43.287708579999951,-21.763767463349556],[-43.287977531999957,-21.763815407349576],[-43.288318790999931,-21.76393183834956],[-43.29044197199994,-21.76452281034954],[-43.29183476299994,-21.764790095349529],[-43.293347747999981,-21.765216668349545],[-43.29467694899995,-21.766928381349487],[-43.29481130299996,-21.767065245349485],[-43.294981911999969,-21.767202483349454],[-43.295201679999934,-21.767322163349466],[-43.295445475999934,-21.767505316349496],[-43.295688417999941,-21.767760713349471],[-43.295908507999968,-21.767853301349444],[-43.296252077999952,-21.767929096349491],[-43.296547805999978,-21.767859887349474],[-43.296770898999959,-21.76774928734946],[-43.297043201999941,-21.767616612349485],[-43.297315486999935,-21.76743426234944],[-43.297489295999988,-21.767300573349452],[-43.297638135999932,-21.767234366349477],[-43.297884597999939,-21.767191743349464],[-43.298106286999939,-21.767148866349473],[-43.29832743999998,-21.767151142349491],[-43.298573104999946,-21.767176250349493],[-43.298794863999944,-21.767178531349469],[-43.299040792999953,-21.767181061349483],[-43.299334601999931,-21.76727440234945],[-43.299383546999934,-21.767274905349471],[-43.299456412999973,-21.767347910349475],[-43.299603390999941,-21.767439741349477],[-43.299921974999961,-21.767533336349487],[-43.300043253999945,-21.767651997349478],[-43.300335203999964,-21.767903377349469],[-43.300504969999963,-21.76811285634945],[-43.300748985999974,-21.768277939349453],[-43.300992983999947,-21.768393346349466],[-43.301213415999939,-21.768508510349431],[-43.301506112999959,-21.76869667134946],[-43.301726472999974,-21.768766674349422],[-43.302069518999986,-21.76888761234942],[-43.302289348999977,-21.769002769349406],[-43.30265714899997,-21.769074285349451],[-43.302975686999964,-21.769172389349414],[-43.30312319899997,-21.769219063349443],[-43.302950452999937,-21.769262450349451],[-43.302679213999966,-21.769304825349412],[-43.302481959999966,-21.769325380349404],[-43.302136999999959,-21.769366998349412],[-43.301477564999971,-21.769017012349416],[-43.301354295999943,-21.769015746349446],[-43.301157380999932,-21.769058882349437],[-43.300835261999964,-21.76921363134942],[-43.300390231999984,-21.769439371349435],[-43.300117129999926,-21.769639783349398],[-43.299892918999944,-21.769845212349395],[-43.299744414999971,-21.76993400434943],[-43.29959591099999,-21.770022797349419],[-43.299420980999969,-21.770251311349416],[-43.299319238999942,-21.770525739349427],[-43.299218348999943,-21.77072791934939],[-43.299118202999978,-21.77086688434941],[-43.298918816999958,-21.771068051349406],[-43.29864704199997,-21.771155573349397],[-43.298425080999948,-21.771221029349348],[-43.298139459999959,-21.771303892349401],[-43.29788541999995,-21.771373533349387],[-43.297904116999973,-21.771581460349395],[-43.297780314999954,-21.771625345349367],[-43.297631753999951,-21.771718650349371],[-43.297507417999945,-21.771807690349345],[-43.29733360299997,-21.77194137834935],[-43.297208750999964,-21.772125247349354],[-43.297082547999942,-21.772372324349334],[-43.296981864999971,-21.77255644134933],[-43.29690455399998,-21.772808539349374],[-43.296849957999939,-21.773286668349328],[-43.296824381999954,-21.773354144349309],[-43.29679933999995,-21.773376466349312],[-43.296796619999952,-21.773606752349334],[-43.296793953999952,-21.773832522349316],[-43.296789564999983,-21.774153111349321],[-43.296737364999956,-21.774428046349314],[-43.296709337999971,-21.774703231349321],[-43.296605985999982,-21.775113117349317],[-43.296528672999948,-21.775365215349282],[-43.296451163999961,-21.77568504934926],[-43.296371983999961,-21.77609518534927],[-43.296271349999984,-21.776274786349273],[-43.29619463999996,-21.776526889349256],[-43.296143488999974,-21.776661840349256],[-43.296067843999936,-21.776823635349249],[-43.296089098999971,-21.777121906349265],[-43.295568733999978,-21.77734545934922],[-43.295105313999947,-21.777703590349244],[-43.294797145999951,-21.777876367349233],[-43.294242921999967,-21.777947630349228],[-43.293806034999939,-21.778053094349222],[-43.293333958999945,-21.778147195349231],[-43.292285674999953,-21.778180357349203],[-43.291813336999951,-21.778296445349202],[-43.291262629999949,-21.778070809349245],[-43.290840639999942,-21.777912485349205],[-43.29057156599999,-21.777766738349229],[-43.290281031999939,-21.777444814349252],[-43.289942366999981,-21.777210367349216],[-43.289526201999934,-21.776724462349222],[-43.288794972999938,-21.77621110834928],[-43.28911844299995,-21.775893824349286],[-43.289391838999961,-21.775670857349269],[-43.289568397999972,-21.775306893349306],[-43.289694401999952,-21.775077883349265],[-43.290018669999938,-21.77469286634928],[-43.290268158999943,-21.774447069349304],[-43.29049232199997,-21.774196494349308],[-43.29056937699994,-21.773966978349325],[-43.290696378999939,-21.773602499349348],[-43.290773112999943,-21.773400075349354],[-43.290774236999937,-21.773305251349321],[-43.290827195999945,-21.772967103349359],[-43.290855234999981,-21.77269192034932],[-43.290858567999976,-21.772461641349341],[-43.290788912999972,-21.772117708349331],[-43.290693948999937,-21.771818674349372],[-43.290598197999941,-21.771637047349362],[-43.290476854999952,-21.771473218349392],[-43.290380301999967,-21.771359320349408],[-43.290307971999937,-21.771241158349362],[-43.290138700999933,-21.770991030349368],[-43.28987105899995,-21.770780528349412],[-43.289627319999965,-21.770592853349413],[-43.289431668999953,-21.77047793134939],[-43.28913925399997,-21.770267172349428],[-43.288921039999934,-21.770016536349402],[-43.288701809999964,-21.769851693349406],[-43.288507568999925,-21.769669045349392],[-43.288483115999952,-21.769641696349399],[-43.288411003999954,-21.769505472349451],[-43.288266029999939,-21.769296237349451],[-43.288144973999977,-21.76915950534941],[-43.28802331299994,-21.76902276834943],[-43.287927888999945,-21.768814046349462],[-43.287880536999978,-21.76862840334946],[-43.287834539999949,-21.768379549349458],[-43.287764089999932,-21.768103347349456],[-43.287692032999985,-21.767962607349446],[-43.287570977999962,-21.76782587434948]]]},"properties":{"OBJECTID":46,"nro":72,"nome":"Jardim Esperança","qtd_contrib_oficina_1_centro":null,"qtd_contrib_oficina_2_oeste":null,"qtd_contrib_oficina_3_leste":null,"qtd_contrib_oficina_4_nordeste":null,"qtd_contrib_oficina_5_vilas_nu":null,"qtd_contrib_oficina_6_n_co":null,"qtd_contrib_oficina_7_sudeste":2,"qtd_contrib_oficina_8_sul":null,"qtd_inscricoes_vaf":null,"observacao":"-","fonte":"PDDU","ano":"2000","vaf_2018":null,"vaf_2019":null,"vaf_2020":null,"vaf_2021":null,"vaf_2022":null,"bairro_dado_vinculado":"-","regiao_planejamento":"Sudeste","shape.STArea()":0.00011035969109452903,"shape.STLength()":0.054292005213549141}},{"type":"Feature","id":47,"geometry":{"type":"Polygon","coordinates":[[[-43.331453282999966,-21.758813435349698],[-43.333099688999937,-21.758211338349692],[-43.333953817999941,-21.758450260349679],[-43.335589287999937,-21.758900263349702],[-43.336883959999966,-21.759139087349642],[-43.337015692999955,-21.759244281349662],[-43.337138175999947,-21.759313253349667],[-43.337381495999978,-21.759541501349641],[-43.337602643999958,-21.759543723349669],[-43.337701308999954,-21.759476974349639],[-43.337849831999961,-21.759383630349639],[-43.337948322999978,-21.759384620349682],[-43.338095493999951,-21.759408679349683],[-43.338340811999949,-21.75941114334967],[-43.338463813999965,-21.759434959349665],[-43.338633680999976,-21.759639887349675],[-43.338827053999978,-21.760007628349669],[-43.339045897999938,-21.760262724349655],[-43.338628632999992,-21.760235953349621],[-43.339154694999934,-21.761153475349605],[-43.338968297999941,-21.761124508349621],[-43.338801527999976,-21.761122833349599],[-43.338624018999951,-21.7611616943496],[-43.33844706299994,-21.761205077349597],[-43.338190846999957,-21.761256695349644],[-43.337896011999931,-21.761303408349598],[-43.337767392999979,-21.761347276349632],[-43.337580663999972,-21.761399593349612],[-43.337452649999932,-21.761443465349604],[-43.337304643999971,-21.761491655349637],[-43.337186193999969,-21.761544656349603],[-43.337058386999956,-21.761570467349607],[-43.33694991599998,-21.761596473349584],[-43.336906682999945,-21.761677326349627],[-43.336784365999961,-21.76169867734961],[-43.336660924999926,-21.761765176349623],[-43.336463798999944,-21.761880610349632],[-43.336217864999981,-21.762036197349619],[-43.33607051499996,-21.76207987534961],[-43.335873386999936,-21.762195309349625],[-43.335651620999954,-21.762351138349619],[-43.335478452999951,-21.7624848763496],[-43.33533061299994,-21.762623386349599],[-43.335181958999961,-21.762779951349589],[-43.335058286999981,-21.762918702349587],[-43.334959357999935,-21.763008027349567],[-43.334786794999957,-21.763141770349552],[-43.334662256999934,-21.763303093349595],[-43.334465000999955,-21.763481748349559],[-43.334291602999947,-21.763687739349574],[-43.334045058999941,-21.76384331734954],[-43.333872493999934,-21.763977059349546],[-43.333797940999951,-21.764048564349533],[-43.333650065999961,-21.764137395349554],[-43.333453247999955,-21.764225732349523],[-43.333207744999982,-21.764290998349562],[-43.333046402999969,-21.764035848349582],[-43.332770232999962,-21.763483192349572],[-43.33244482099996,-21.763116996349556],[-43.332109414999927,-21.762596734349572],[-43.331877160999966,-21.762319455349573],[-43.331613659999967,-21.761689944349598],[-43.331221439999979,-21.760993148349613],[-43.330581645999985,-21.760245251349634],[-43.330658988999971,-21.759880233349676],[-43.330858383999953,-21.759516448349633],[-43.331453282999966,-21.758813435349698]]]},"properties":{"OBJECTID":47,"nro":84,"nome":"Costa Carvalho","qtd_contrib_oficina_1_centro":null,"qtd_contrib_oficina_2_oeste":null,"qtd_contrib_oficina_3_leste":null,"qtd_contrib_oficina_4_nordeste":null,"qtd_contrib_oficina_5_vilas_nu":null,"qtd_contrib_oficina_6_n_co":null,"qtd_contrib_oficina_7_sudeste":6,"qtd_contrib_oficina_8_sul":null,"qtd_inscricoes_vaf":65,"observacao":"-","fonte":"PDDU","ano":"2000","vaf_2018":12944208,"vaf_2019":21072862,"vaf_2020":13838655,"vaf_2021":10513032,"vaf_2022":9451086,"bairro_dado_vinculado":"-","regiao_planejamento":"Sudeste","shape.STArea()":2.8265750640234508e-05,"shape.STLength()":0.023458165359872992}},{"type":"Feature","id":48,"geometry":{"type":"Polygon","coordinates":[[[-43.329951260999962,-21.745521161349977],[-43.330294867999953,-21.745434309349985],[-43.330295128999978,-21.745411731350028],[-43.330859748999956,-21.745232269350023],[-43.330979581999941,-21.745199912350007],[-43.331424053999967,-21.745079899350007],[-43.331988232999947,-21.744990750349984],[-43.332452316999934,-21.745040586349994],[-43.332891742999948,-21.745185010349971],[-43.333184064999955,-21.745300856350003],[-43.333378773999975,-21.745393137349986],[-43.333745327999964,-21.745464569350005],[-43.334038380999971,-21.745517195350022],[-43.334307579999972,-21.745542486350004],[-43.33464988399993,-21.745568510349965],[-43.33504273899996,-21.745455046349996],[-43.335273940999969,-21.746785087349981],[-43.337004821999983,-21.74743925234997],[-43.337237546999972,-21.747536427349921],[-43.337604777999957,-21.747707210349954],[-43.337776188999953,-21.747776673349943],[-43.338118526999949,-21.748010430349925],[-43.338264213999935,-21.748215114349904],[-43.338413142999975,-21.74850563734995],[-43.338456272999963,-21.748695744349931],[-43.338479259999993,-21.748903712349911],[-43.338477960999967,-21.749016601349943],[-43.338477474999934,-21.749111432349892],[-43.338190402999942,-21.748954720349918],[-43.338000099999931,-21.748884192349944],[-43.337634188999964,-21.748743283349903],[-43.337237616999964,-21.748711851349878],[-43.336900000999947,-21.748667288349935],[-43.336562858999969,-21.748581559349908],[-43.336271081999939,-21.748386499349952],[-43.335919082999958,-21.748314341349936],[-43.335567243999947,-21.748228463349932],[-43.33511219199994,-21.748168992349953],[-43.334966146999932,-21.748085182349925],[-43.334643708999977,-21.74799959734996],[-43.334306411999933,-21.747927584349938],[-43.334042454999974,-21.747870034349926],[-43.333881710999947,-21.747786076349929],[-43.333573496999975,-21.747741803349907],[-43.333352845999976,-21.747753303349949],[-43.333147054999991,-21.747751230349927],[-43.332823509999962,-21.747761695349936],[-43.332647114999929,-21.747759918349963],[-43.33248621499996,-21.747689678349946],[-43.332354236999947,-21.747660901349938],[-43.332251498999938,-21.747646144349972],[-43.332016308999982,-21.747643773349978],[-43.331868996999958,-21.747669735349959],[-43.331706829999973,-21.74770927034994],[-43.331544659999963,-21.747748805349932],[-43.331434635999976,-21.747775520349911],[-43.331309512999951,-21.747808760349908],[-43.331230585999954,-21.747842466349919],[-43.331151707999936,-21.747871859349967],[-43.33106343999998,-21.747914095349916],[-43.330975224999975,-21.747952019349942],[-43.330896444999951,-21.747972789349927],[-43.330817766999985,-21.747984933349912],[-43.330739337999944,-21.747975516349907],[-43.330633239999941,-21.747961507349928],[-43.33054125099995,-21.747926078349945],[-43.33046312099998,-21.74789078834991],[-43.330375800999946,-21.747851094349926],[-43.330283761999965,-21.747819977349923],[-43.330168625999931,-21.747788625349912],[-43.33003948299995,-21.747770072349947],[-43.329914809999934,-21.74776450234992],[-43.329794755999956,-21.747758976349914],[-43.329679321999947,-21.747753498349926],[-43.329596271999954,-21.747744035349964],[-43.329443882999946,-21.747738184349927],[-43.329379310999968,-21.747728909349959],[-43.329198406999978,-21.747791770349959],[-43.329174012999935,-21.747903653349944],[-43.329154737999943,-21.747972462349924],[-43.329117133999944,-21.748028146349924],[-43.329061152999941,-21.748075019349912],[-43.328986494999981,-21.748138956349962],[-43.328943722999945,-21.748242028349956],[-43.328827139999923,-21.748335729349936],[-43.328766638999973,-21.748373932349953],[-43.328682791999938,-21.74843346234994],[-43.32861133199998,-21.748469204349899],[-43.328527983999948,-21.748485612349924],[-43.328454073999978,-21.748484866349909],[-43.328343157999932,-21.748488058349917],[-43.328297163999935,-21.748470343349904],[-43.32822355199994,-21.748443723349936],[-43.328159228999937,-21.74841288534995],[-43.328160028999953,-21.748343890349908],[-43.32818427299997,-21.748244945349914],[-43.328278109999978,-21.748120826349961],[-43.328366975999984,-21.748026845349941],[-43.328423007999959,-21.747975659349937],[-43.32847456899998,-21.747911490349953],[-43.328544707999988,-21.747838883349964],[-43.32859174999993,-21.747766044349927],[-43.328647979999978,-21.747697610349967],[-43.328681016999944,-21.747637566349962],[-43.328714063999939,-21.747585163349918],[-43.328761105999945,-21.747512323349945],[-43.328766322999968,-21.747460623349916],[-43.328772191999974,-21.747352867349946],[-43.32877403699996,-21.747193318349957],[-43.328761525999937,-21.747076750349954],[-43.328748318999942,-21.746621423349971],[-43.328750364999962,-21.746444625349998],[-43.328752559999941,-21.746254892349974],[-43.328786642999951,-21.74610429234999],[-43.328820823999934,-21.745945069349975],[-43.32884054799996,-21.745837453349999],[-43.328846115999973,-21.74575556835001],[-43.328852649999938,-21.745600392349999],[-43.328995629999952,-21.745601836350023],[-43.329265088999932,-21.745604557350006],[-43.329485789999971,-21.745539044349972],[-43.329951260999962,-21.745521161349977]]]},"properties":{"OBJECTID":48,"nro":94,"nome":"Vila Alpina","qtd_contrib_oficina_1_centro":null,"qtd_contrib_oficina_2_oeste":null,"qtd_contrib_oficina_3_leste":3,"qtd_contrib_oficina_4_nordeste":null,"qtd_contrib_oficina_5_vilas_nu":null,"qtd_contrib_oficina_6_n_co":null,"qtd_contrib_oficina_7_sudeste":null,"qtd_contrib_oficina_8_sul":null,"qtd_inscricoes_vaf":null,"observacao":"-","fonte":"PDDU","ano":"2000","vaf_2018":null,"vaf_2019":null,"vaf_2020":null,"vaf_2021":null,"vaf_2022":null,"bairro_dado_vinculado":"-","regiao_planejamento":"Leste","shape.STArea()":2.0113989780791004e-05,"shape.STLength()":0.02611580952066125}},{"type":"Feature","id":49,"geometry":{"type":"Polygon","coordinates":[[[-43.300835261999964,-21.76921363134942],[-43.301157380999932,-21.769058882349437],[-43.301354295999943,-21.769015746349446],[-43.301477564999971,-21.769017012349416],[-43.302136999999959,-21.769366998349412],[-43.302481959999966,-21.769325380349404],[-43.302679213999966,-21.769304825349412],[-43.302950452999937,-21.769262450349451],[-43.30312319899997,-21.769219063349443],[-43.303244800999948,-21.769310631349395],[-43.303341914999976,-21.769429043349401],[-43.303341648999947,-21.769451620349447],[-43.303437414999962,-21.769633241349414],[-43.303654804999944,-21.769956105349401],[-43.303898296999932,-21.770166337349416],[-43.304142905999981,-21.770281747349397],[-43.304487600999948,-21.770262702349406],[-43.304881242999954,-21.770244157349413],[-43.30520036799993,-21.770292589349388],[-43.305420679999933,-21.77036710334939],[-43.305836443999965,-21.770574582349369],[-43.306104378999976,-21.770762482349383],[-43.306299459999934,-21.770927056349375],[-43.306519826999931,-21.77099705334939],[-43.30676549999999,-21.771022149349399],[-43.307011965999948,-21.770979513349413],[-43.307135766999977,-21.770935622349388],[-43.307383875999967,-21.770753006349381],[-43.307557415999945,-21.770641883349363],[-43.307830510999963,-21.770441459349414],[-43.308344434999981,-21.77062735834939],[-43.308613240999925,-21.770792683349388],[-43.309002331999977,-21.771162457349362],[-43.309147656999983,-21.771344582349393],[-43.309219736999978,-21.771485316349345],[-43.309094348999956,-21.771664672349392],[-43.308945000999984,-21.771825720349376],[-43.308795895999936,-21.771914514349337],[-43.308474646999976,-21.772046708349343],[-43.308276276999948,-21.772162093349362],[-43.308127510999952,-21.772273470349344],[-43.308001854999929,-21.772475403349379],[-43.307925696999973,-21.772682359349361],[-43.30789821999997,-21.772912392349347],[-43.308065089999964,-21.77337021434932],[-43.308135770999968,-21.773578673349324],[-43.308132327999942,-21.77387217634929],[-43.308028691999944,-21.774309165349322],[-43.307976491999973,-21.774534430349295],[-43.307923783999975,-21.774854524349315],[-43.307894451999978,-21.775242598349298],[-43.307914861999961,-21.775563442349267],[-43.307985354999971,-21.775839638349279],[-43.308153475999973,-21.776139413349242],[-43.308274632999932,-21.776321292349259],[-43.30846938499996,-21.776463281349258],[-43.308664530999977,-21.776623336349218],[-43.308833977999939,-21.776810225349248],[-43.309003765999925,-21.777019697349235],[-43.309099618999937,-21.777246476349223],[-43.309121090999945,-21.777477011349241],[-43.30912533299994,-21.779125386349204],[-43.310415616999926,-21.780213383349185],[-43.307670018999943,-21.781440733349125],[-43.307275021999942,-21.78157216834914],[-43.307100619999964,-21.781755536349156],[-43.307025832999955,-21.781845090349158],[-43.30695024999995,-21.782002375349155],[-43.304627301999972,-21.787063541348989],[-43.304622839999972,-21.787442835349012],[-43.304423070999967,-21.78741820634901],[-43.304079203999947,-21.787414677348984],[-43.303881924999985,-21.787435232348979],[-43.303659940999978,-21.787500692349006],[-43.303263467999955,-21.787704356348975],[-43.303051665999931,-21.787846660348968],[-43.302965627999981,-21.787949675349019],[-43.302840960999951,-21.788065810348993],[-43.302667128999985,-21.788199503348999],[-43.302395587999968,-21.788264453348969],[-43.302173601999982,-21.788329911348956],[-43.301829128999941,-21.788326371348983],[-43.301338261999945,-21.788231007348983],[-43.301093148999932,-21.788156231348964],[-43.300848512999949,-21.788040817348982],[-43.300580290999967,-21.787875483349019],[-43.300360967999943,-21.787715169348992],[-43.300165605999943,-21.787573165348991],[-43.30004452299994,-21.78743644134898],[-43.299995765999945,-21.787368200348983],[-43.299776229999964,-21.787225947349008],[-43.299580887999973,-21.787133617348974],[-43.299409451999963,-21.787064114349018],[-43.299188798999978,-21.78701668334903],[-43.299065780999968,-21.786992837348997],[-43.298893280999948,-21.787013640348977],[-43.298696339999935,-21.787056773348997],[-43.298597300999973,-21.787100913348997],[-43.298496660999945,-21.787280514349003],[-43.298469698999952,-21.787465391348981],[-43.29844305599994,-21.78762317534899],[-43.298441669999931,-21.787740576348988],[-43.298073344999985,-21.78770968634899],[-43.297950060999938,-21.787708417349005],[-43.297753313999976,-21.787683810348998],[-43.297459198999945,-21.787613041349015],[-43.29719124899998,-21.787425126348985],[-43.29704731299995,-21.787125589349003],[-43.296952274999967,-21.786831073349013],[-43.296859013999942,-21.786437224348994],[-43.296689981999982,-21.786164525349005],[-43.296473172999981,-21.785791981349053],[-43.296183119999966,-21.785378040349023],[-43.295843048999984,-21.785053900349073],[-43.295379163999939,-21.784773642349041],[-43.295012593999957,-21.784544063349042],[-43.294669055999982,-21.784513423349068],[-43.29439832099996,-21.78451062934905],[-43.294299548999959,-21.784532190349093],[-43.293930912999947,-21.784528383349041],[-43.293733903999971,-21.784526349349079],[-43.293536896999974,-21.784524316349092],[-43.29341448699995,-21.784500472349084],[-43.29334102599995,-21.784477133349043],[-43.290770494999947,-21.783461575349115],[-43.290498437999922,-21.783621335349082],[-43.288805647999936,-21.783256088349102],[-43.290679648999969,-21.780877515349175],[-43.290558849999975,-21.780718208349128],[-43.290413326999953,-21.780554129349131],[-43.29026994599996,-21.780209435349168],[-43.290125763999974,-21.779932470349156],[-43.29005530499996,-21.779656269349204],[-43.289887164999982,-21.779360992349194],[-43.289770222999948,-21.778876576349191],[-43.289676060999966,-21.778509811349235],[-43.289632254999965,-21.778075827349198],[-43.289587644999976,-21.777709573349242],[-43.289567811999973,-21.777343576349235],[-43.289570542999968,-21.777113293349242],[-43.289548512999943,-21.776932426349251],[-43.28954990699998,-21.776815026349222],[-43.289526201999934,-21.776724462349222],[-43.289942366999981,-21.777210367349216],[-43.290281031999939,-21.777444814349252],[-43.29057156599999,-21.777766738349229],[-43.290840639999942,-21.777912485349205],[-43.291262629999949,-21.778070809349245],[-43.291813336999951,-21.778296445349202],[-43.292285674999953,-21.778180357349203],[-43.293333958999945,-21.778147195349231],[-43.293806034999939,-21.778053094349222],[-43.294242921999967,-21.777947630349228],[-43.294797145999951,-21.777876367349233],[-43.295105313999947,-21.777703590349244],[-43.295568733999978,-21.77734545934922],[-43.296089098999971,-21.777121906349265],[-43.296067843999936,-21.776823635349249],[-43.296143488999974,-21.776661840349256],[-43.29619463999996,-21.776526889349256],[-43.296271349999984,-21.776274786349273],[-43.296371983999961,-21.77609518534927],[-43.296451163999961,-21.77568504934926],[-43.296528672999948,-21.775365215349282],[-43.296605985999982,-21.775113117349317],[-43.296709337999971,-21.774703231349321],[-43.296737364999956,-21.774428046349314],[-43.296789564999983,-21.774153111349321],[-43.296793953999952,-21.773832522349316],[-43.296796619999952,-21.773606752349334],[-43.29679933999995,-21.773376466349312],[-43.296844275999945,-21.773336410349316],[-43.29690455399998,-21.772808539349374],[-43.296981864999971,-21.77255644134933],[-43.297082547999942,-21.772372324349334],[-43.297208750999964,-21.772125247349354],[-43.29733360299997,-21.77194137834935],[-43.297507417999945,-21.771807690349345],[-43.297631753999951,-21.771718650349371],[-43.297780314999954,-21.771625345349367],[-43.297904116999973,-21.771581460349395],[-43.29788541999995,-21.771373533349387],[-43.298139459999959,-21.771303892349401],[-43.298425080999948,-21.771221029349348],[-43.29864704199997,-21.771155573349397],[-43.298918816999958,-21.771068051349406],[-43.299118202999978,-21.77086688434941],[-43.299218348999943,-21.77072791934939],[-43.299319238999942,-21.770525739349427],[-43.299420980999969,-21.770251311349416],[-43.29959591099999,-21.770022797349419],[-43.299744414999971,-21.76993400434943],[-43.299892918999944,-21.769845212349395],[-43.300117129999926,-21.769639783349398],[-43.300390231999984,-21.769439371349435],[-43.300835261999964,-21.76921363134942]]]},"properties":{"OBJECTID":49,"nro":73,"nome":"Retiro","qtd_contrib_oficina_1_centro":null,"qtd_contrib_oficina_2_oeste":null,"qtd_contrib_oficina_3_leste":null,"qtd_contrib_oficina_4_nordeste":null,"qtd_contrib_oficina_5_vilas_nu":null,"qtd_contrib_oficina_6_n_co":null,"qtd_contrib_oficina_7_sudeste":null,"qtd_contrib_oficina_8_sul":null,"qtd_inscricoes_vaf":1,"observacao":"-","fonte":"PDDU","ano":"2000","vaf_2018":14005787,"vaf_2019":12674936,"vaf_2020":9383708,"vaf_2021":11250223,"vaf_2022":10164142,"bairro_dado_vinculado":"-","regiao_planejamento":"Sudeste","shape.STArea()":0.00023470264914830707,"shape.STLength()":0.073999371486168905}},{"type":"Feature","id":50,"geometry":{"type":"Polygon","coordinates":[[[-43.31566549099994,-21.763476511349563],[-43.316355227999964,-21.763095158349557],[-43.316600394999973,-21.763007333349581],[-43.31677199699994,-21.763009080349569],[-43.316845714999943,-21.763009830349599],[-43.317040433999978,-21.763102132349577],[-43.317210142999954,-21.7632664353496],[-43.317305922999935,-21.76344804934957],[-43.317451699999935,-21.763539852349538],[-43.317622777999937,-21.763586753349575],[-43.317917227999942,-21.763522008349533],[-43.318114053999977,-21.763433690349547],[-43.318287210999983,-21.763250294349596],[-43.318458737999954,-21.763206878349557],[-43.318654510999977,-21.763208869349594],[-43.318874531999946,-21.763256265349536],[-43.319068673999936,-21.763398235349555],[-43.319213742999978,-21.763602930349585],[-43.319309209999965,-21.763811637349541],[-43.319356917999983,-21.763970180349528],[-43.319380297999949,-21.764038159349514],[-43.319576599999948,-21.763994994349556],[-43.319746836999968,-21.764114138349552],[-43.320042390999959,-21.76395456534954],[-43.320456822999972,-21.764121350349562],[-43.32042813299995,-21.764509436349542],[-43.320376297999985,-21.764757289349557],[-43.320348396999975,-21.765077642349503],[-43.320345005999968,-21.765420823349498],[-43.320342141999959,-21.765718851349522],[-43.320387090999937,-21.766062524349486],[-43.32048053799997,-21.766497010349493],[-43.320576928999969,-21.766678628349496],[-43.320697437999968,-21.766865008349484],[-43.320841906999924,-21.767069695349498],[-43.320888145999959,-21.767146937349462],[-43.320980937999934,-21.767274327349451],[-43.321920198999976,-21.76876962734946],[-43.322748438999952,-21.769419303349402],[-43.322869215999958,-21.769583104349444],[-43.322770195999958,-21.769627260349456],[-43.322646740999971,-21.769693747349422],[-43.322424974999926,-21.769691498349442],[-43.322252759999969,-21.769689751349443],[-43.322008213999936,-21.769619528349427],[-43.321812326999968,-21.769522704349399],[-43.321616386999949,-21.769430396349421],[-43.321421312999973,-21.769315515349419],[-43.32129975099997,-21.769219444349439],[-43.321103811999933,-21.769127136349425],[-43.320981934999963,-21.769058158349427],[-43.320811086999981,-21.768939008349431],[-43.320762402999947,-21.768915933349422],[-43.320663645999957,-21.76893751034941],[-43.320613254999955,-21.769009253349452],[-43.320538745999954,-21.769076237349438],[-43.320413637999941,-21.769233026349397],[-43.320239791999938,-21.769371256349395],[-43.319991751999964,-21.769549377349435],[-43.319743711999941,-21.769727496349425],[-43.319619337999946,-21.769821068349387],[-43.319297839999933,-21.769975860349437],[-43.319002693999948,-21.769995439349398],[-43.31885472699998,-21.770039096349389],[-43.31870641699993,-21.770060168349435],[-43.31853393899997,-21.770080994349392],[-43.318436046999985,-21.77007999834942],[-43.31821427999995,-21.7700777423494],[-43.318067102999976,-21.770053665349426],[-43.318400246999936,-21.770973802349381],[-43.31835130099995,-21.770973304349351],[-43.318105097999933,-21.77099337834937],[-43.31788254099996,-21.771058855349398],[-43.317561827999953,-21.771145912349372],[-43.317315098999984,-21.771211140349404],[-43.317093409999984,-21.771254045349394],[-43.31691903199993,-21.771437425349397],[-43.316793388999933,-21.771639366349387],[-43.316643258999939,-21.771868153349352],[-43.316591336999977,-21.772070844349386],[-43.31653936299994,-21.772278050349339],[-43.316536147999955,-21.772553492349367],[-43.316533512999968,-21.772779266349364],[-43.316652965999943,-21.773055957349307],[-43.316749039999934,-21.773264671349363],[-43.31691770499998,-21.773519284349334],[-43.317039660999967,-21.773633426349303],[-43.317211091999987,-21.773702910349293],[-43.317381917999974,-21.773772389349347],[-43.321166568999956,-21.774068278349294],[-43.320663666999963,-21.774957337349321],[-43.320781552999961,-21.775369492349302],[-43.320829449999962,-21.775460297349259],[-43.320901017999972,-21.77564618034928],[-43.321096176999951,-21.77580622334926],[-43.321267612999968,-21.775875704349296],[-43.321414218999969,-21.775949448349252],[-43.321560614999946,-21.776041255349249],[-43.321656671999961,-21.776200290349266],[-43.321705119999933,-21.776295618349241],[-43.321727714999952,-21.776431327349243],[-43.321605043999959,-21.776430082349279],[-43.321531056999966,-21.776451911349273],[-43.321379535999931,-21.776748428349244],[-43.32132764399995,-21.777000796349256],[-43.321274937999931,-21.777271221349253],[-43.321248006999951,-21.77745610334923],[-43.32122060199999,-21.777681625349221],[-43.321218708999936,-21.777844183349213],[-43.321239937999962,-21.77809729334923],[-43.321164108999945,-21.778277163349237],[-43.320795484999962,-21.778273419349205],[-43.320598745999973,-21.778248840349185],[-43.320303583999937,-21.778268421349193],[-43.320032066999943,-21.778333402349237],[-43.319637087999979,-21.778464867349211],[-43.319461572999955,-21.778693399349205],[-43.319237449999939,-21.778944014349225],[-43.318989654999939,-21.779099555349184],[-43.318717346999961,-21.77923226534919],[-43.318443932999969,-21.779459798349166],[-43.31824482299993,-21.779638414349183],[-43.317946706999983,-21.779910855349172],[-43.317722818999982,-21.780089216349179],[-43.317673869999965,-21.780088718349148],[-43.317623472999976,-21.78016046034919],[-43.317326198999986,-21.780360654349185],[-43.317127612999975,-21.780494112349189],[-43.316806033999974,-21.780653413349174],[-43.316485562999958,-21.780717888349155],[-43.316140841999982,-21.780736957349177],[-43.315845597999953,-21.780711369349152],[-43.315550692999985,-21.780708364349149],[-43.315205180999946,-21.780795162349143],[-43.314810982999973,-21.780858882349147],[-43.314341397999954,-21.781012153349131],[-43.314168640999981,-21.78105555134913],[-43.31397113099996,-21.781148371349158],[-43.313722270999961,-21.781394212349131],[-43.313522570999972,-21.781622490349129],[-43.313397442999985,-21.781779272349102],[-43.313223839999978,-21.781894916349103],[-43.313050023999949,-21.782028622349152],[-43.31285499499996,-21.781909215349152],[-43.312660102999985,-21.781726586349155],[-43.312342850999983,-21.781515612349136],[-43.31200195699995,-21.781259235349161],[-43.311806801999978,-21.781099183349159],[-43.311611721999959,-21.780984291349156],[-43.311416091999952,-21.780864877349128],[-43.311122510999958,-21.780748977349173],[-43.310927750999952,-21.780606992349139],[-43.310732596999969,-21.78044693934914],[-43.310586521999944,-21.780328029349171],[-43.310415616999926,-21.780213383349185],[-43.30912533299994,-21.779125386349204],[-43.309121090999945,-21.777477011349241],[-43.309099618999937,-21.777246476349223],[-43.309003765999925,-21.777019697349235],[-43.308833977999939,-21.776810225349248],[-43.308664530999977,-21.776623336349218],[-43.30846938499996,-21.776463281349258],[-43.308274632999932,-21.776321292349259],[-43.308153475999973,-21.776139413349242],[-43.307985354999971,-21.775839638349279],[-43.307914861999961,-21.775563442349267],[-43.307894451999978,-21.775242598349298],[-43.307923783999975,-21.774854524349315],[-43.307976491999973,-21.774534430349295],[-43.308028691999944,-21.774309165349322],[-43.308132327999942,-21.77387217634929],[-43.308135770999968,-21.773578673349324],[-43.308065089999964,-21.77337021434932],[-43.30789821999997,-21.772912392349347],[-43.307925696999973,-21.772682359349361],[-43.308001854999929,-21.772475403349379],[-43.308127510999952,-21.772273470349344],[-43.308276276999948,-21.772162093349362],[-43.308474646999976,-21.772046708349343],[-43.308795895999936,-21.771914514349337],[-43.308945000999984,-21.771825720349376],[-43.309094348999956,-21.771664672349392],[-43.309219736999978,-21.771485316349345],[-43.311259862999968,-21.769586873349436],[-43.312726776999966,-21.768278664349467],[-43.313549121999984,-21.767257408349476],[-43.313867636999923,-21.766840669349502],[-43.314339480999934,-21.7662313043495],[-43.314812668999942,-21.765454860349529],[-43.315262342999972,-21.764569791349565],[-43.31566549099994,-21.763476511349563]]]},"properties":{"OBJECTID":50,"nro":75,"nome":"Santo Antônio","qtd_contrib_oficina_1_centro":null,"qtd_contrib_oficina_2_oeste":null,"qtd_contrib_oficina_3_leste":null,"qtd_contrib_oficina_4_nordeste":null,"qtd_contrib_oficina_5_vilas_nu":null,"qtd_contrib_oficina_6_n_co":null,"qtd_contrib_oficina_7_sudeste":7,"qtd_contrib_oficina_8_sul":null,"qtd_inscricoes_vaf":1,"observacao":"-","fonte":"PDDU","ano":"2000","vaf_2018":14680912,"vaf_2019":11089888,"vaf_2020":10134362,"vaf_2021":13491881,"vaf_2022":12642482,"bairro_dado_vinculado":"-","regiao_planejamento":"Sudeste","shape.STArea()":0.00015755108428004504,"shape.STLength()":0.065270468493063116}},{"type":"Feature","id":51,"geometry":{"type":"Polygon","coordinates":[[[-43.333828967999978,-21.780973798349173],[-43.333820034999967,-21.780986681349127],[-43.333787061999935,-21.781034227349139],[-43.333775497999959,-21.781050904349158],[-43.33376091699995,-21.781071931349171],[-43.333760436999967,-21.781072622349129],[-43.333759001999965,-21.781076343349117],[-43.333758499999924,-21.781077675349135],[-43.333757600999945,-21.781080077349138],[-43.33375662299995,-21.781082749349128],[-43.333756234999953,-21.781083821349156],[-43.333753071999979,-21.781092960349142],[-43.333752354999945,-21.781095120349157],[-43.333751393999933,-21.781098095349122],[-43.333749948999973,-21.781102705349145],[-43.333749783999963,-21.781103248349133],[-43.333748800999963,-21.78110651234913],[-43.333748242999938,-21.781108419349149],[-43.333747689999939,-21.781110330349165],[-43.333746765999926,-21.781113608349127],[-43.333745574999973,-21.78111799034917],[-43.333745359999966,-21.781118812349174],[-43.333744573999979,-21.781121834349143],[-43.333744020999966,-21.781124034349141],[-43.333743608999953,-21.781125685349128],[-43.333742745999977,-21.781129268349147],[-43.33374178899993,-21.78113341134916],[-43.333741543999963,-21.781134518349166],[-43.33374093599997,-21.781137286349161],[-43.333740408999965,-21.781139780349172],[-43.33373933799993,-21.78114505534915],[-43.333738608999965,-21.781148884349125],[-43.333738468999968,-21.781149651349136],[-43.333737914999972,-21.781152719349166],[-43.333737650999986,-21.781154254349126],[-43.333737257999985,-21.781156559349135],[-43.333736882999972,-21.781158866349127],[-43.333736635999962,-21.781160405349159],[-43.333736165999944,-21.78116348534915],[-43.333735500999985,-21.781168110349128],[-43.333735070999971,-21.781171337349157],[-43.333734933999949,-21.78117241434914],[-43.333734664999952,-21.781174569349151],[-43.333734409999984,-21.781176724349155],[-43.333734192999941,-21.781178671349142],[-43.333733928999948,-21.781181037349128],[-43.333733226999982,-21.781188280349152],[-43.333732936999972,-21.781191763349153],[-43.333732835999967,-21.781193088349124],[-43.333732494999936,-21.781197906349167],[-43.333732285999986,-21.781201389349171],[-43.333732239999961,-21.781202260349158],[-43.333732105999957,-21.781204871349114],[-43.333732027999993,-21.781206614349156],[-43.333731739999962,-21.781215330349131],[-43.333731631999967,-21.781223200349118],[-43.333731888999978,-21.781232487349133],[-43.333732176999945,-21.78124284534913],[-43.333732281999971,-21.781246642349156],[-43.333733764999977,-21.781300124349148],[-43.333733830999961,-21.781302505349167],[-43.333734269999987,-21.781318357349154],[-43.333734579999941,-21.781323784349109],[-43.333734484999979,-21.781326101349162],[-43.333733797999969,-21.78133112434913],[-43.333733739999957,-21.781338270349167],[-43.333733726999981,-21.781339877349161],[-43.333733572999954,-21.781359058349139],[-43.333733423999945,-21.781377869349161],[-43.333621562999951,-21.781428654349138],[-43.333565140999951,-21.781454269349098],[-43.333534688999983,-21.781468094349162],[-43.333532021999986,-21.781469305349141],[-43.33346275699995,-21.781500752349118],[-43.333418059999985,-21.781521044349166],[-43.333290386999977,-21.781579008349105],[-43.333139048999954,-21.781647714349138],[-43.333007620999979,-21.781612807349163],[-43.332990164999956,-21.781587864349127],[-43.332851908999942,-21.78139032934914],[-43.332849038999939,-21.781386228349142],[-43.332751192999972,-21.781246429349146],[-43.332197117999947,-21.781487097349135],[-43.331141072999969,-21.782125670349124],[-43.330249696999942,-21.782635089349078],[-43.329817122999941,-21.782899628349075],[-43.32985928599993,-21.782972872349095],[-43.329859276999969,-21.78297312834912],[-43.329862811999931,-21.783207408349085],[-43.329375580999965,-21.783511072349079],[-43.328894598999973,-21.783810838349073],[-43.328671239999942,-21.783944060349068],[-43.328497383999938,-21.784082297349045],[-43.328346784999951,-21.784351734349077],[-43.328172142999954,-21.784557704349055],[-43.327947733999956,-21.784781234349069],[-43.327575029999934,-21.785075518349075],[-43.32725135499993,-21.785415459349061],[-43.327052507999952,-21.785571506349008],[-43.326929251999957,-21.785619934349032],[-43.326606595999976,-21.785819887349014],[-43.32638357299993,-21.785975689349012],[-43.326159893999943,-21.78613599934901],[-43.32573907099993,-21.786357536349019],[-43.325491740999951,-21.786472446348998],[-43.325194987999964,-21.786627499349009],[-43.324971883999986,-21.786738137349033],[-43.324625258999959,-21.786919779348995],[-43.324377717999937,-21.78705274934898],[-43.324179914999945,-21.787118484348994],[-43.324056445999929,-21.787184971349031],[-43.323810478999974,-21.78718247734901],[-43.323761790999981,-21.787159402349019],[-43.323787013999954,-21.787069338349024],[-43.323887096999954,-21.786934873348997],[-43.324037312999955,-21.786751241349034],[-43.32416182999998,-21.786594445349049],[-43.324238316999988,-21.786410064348996],[-43.324289105999981,-21.786252518349041],[-43.324389501999974,-21.786090961349011],[-43.324762740999965,-21.785751529349042],[-43.32505949199998,-21.785596477349017],[-43.325257816999965,-21.785485588349047],[-43.325456979999956,-21.785302450349032],[-43.325607060999971,-21.785078171349038],[-43.325659027999961,-21.78487096134905],[-43.325587135999967,-21.784712172349042],[-43.325441042999955,-21.784593276349053],[-43.325221693999943,-21.784432993349036],[-43.325077699999952,-21.784133478349048],[-43.324908141999963,-21.783901442349052],[-43.324616168999967,-21.783645587349074],[-43.324399235999984,-21.783277592349123],[-43.324207082999976,-21.782909847349128],[-43.324086767999972,-21.782705408349106],[-43.323820597999941,-21.782309816349105],[-43.323554719999947,-21.781941324349109],[-43.323409628999968,-21.781736632349144],[-43.323287450999942,-21.781640556349128],[-43.323091572999942,-21.781593409349149],[-43.32274684999993,-21.781612491349136],[-43.322697637999966,-21.781634572349141],[-43.322550708999977,-21.78158792134915],[-43.322280499999977,-21.781540018349155],[-43.322108533999938,-21.781515692349132],[-43.321863153999971,-21.781463525349164],[-43.321617985999978,-21.781393295349158],[-43.321447069999977,-21.78127865934912],[-43.321178308999947,-21.781158514349148],[-43.320982353999973,-21.781066203349148],[-43.320787265999968,-21.780951321349161],[-43.320690656999936,-21.78078776334916],[-43.320596490999947,-21.780466171349143],[-43.320549568999979,-21.780239894349183],[-43.320552591999956,-21.780032190349186],[-43.320579471999963,-21.779851823349158],[-43.32063162999998,-21.779576877349172],[-43.321164108999945,-21.778277163349237],[-43.321239937999962,-21.77809729334923],[-43.321218708999936,-21.777844183349213],[-43.32122060199999,-21.777681625349221],[-43.321248006999951,-21.77745610334923],[-43.321274937999931,-21.777271221349253],[-43.32132764399995,-21.777000796349256],[-43.321379535999931,-21.776748428349244],[-43.321531056999966,-21.776451911349273],[-43.321605043999959,-21.776430082349279],[-43.321727714999952,-21.776431327349243],[-43.321899413999972,-21.776478231349238],[-43.322145098999954,-21.776503304349248],[-43.322365694999974,-21.776555219349277],[-43.322488444999976,-21.77660162534924],[-43.322609803999967,-21.776715756349269],[-43.322805176999964,-21.776857735349243],[-43.322974434999935,-21.777062672349221],[-43.32316928299997,-21.777249804349214],[-43.323291166999987,-21.777318781349233],[-43.323412869999963,-21.777455496349226],[-43.323558954999953,-21.777574393349212],[-43.324830125999945,-21.778183393349195],[-43.325619631999977,-21.778010753349246],[-43.329812499999946,-21.777095777349224],[-43.329985509999972,-21.777029784349256],[-43.330134580999982,-21.776891294349213],[-43.330209350999944,-21.776801729349227],[-43.330309418999946,-21.776667260349249],[-43.330361115999949,-21.776482626349253],[-43.330412416999934,-21.776279923349236],[-43.330415947999938,-21.776027062349268],[-43.330368486999937,-21.77584594134925],[-43.330247696999955,-21.775682145349272],[-43.33091103299995,-21.775756584349271],[-43.333550158999969,-21.776431228349267],[-43.334295161999933,-21.776621666349268],[-43.334343327999932,-21.776689892349253],[-43.33441134199996,-21.776717451349246],[-43.334514770999931,-21.77675935934926],[-43.334735161999959,-21.776829320349272],[-43.334816540999952,-21.776854129349235],[-43.334761901999968,-21.776909651349264],[-43.334641408999971,-21.77711172934923],[-43.334643133999968,-21.777112316349214],[-43.334643111999981,-21.777112352349238],[-43.334618730999985,-21.777153369349239],[-43.334531014999982,-21.777300475349218],[-43.334530120999943,-21.77730202034925],[-43.33452831599994,-21.777301392349241],[-43.334472922999964,-21.777394292349204],[-43.334370065999963,-21.777566789349255],[-43.334267060999935,-21.777741978349191],[-43.334247089999963,-21.777775942349198],[-43.334246930999939,-21.777776213349231],[-43.334224538999933,-21.777918888349248],[-43.334226212999965,-21.77791948134923],[-43.334226324999975,-21.777928711349208],[-43.334227626999954,-21.778090821349231],[-43.334229301999983,-21.778173810349198],[-43.33422924599995,-21.778217234349196],[-43.334229208999943,-21.778244167349211],[-43.334243865999959,-21.778354046349193],[-43.334254751999936,-21.778484562349213],[-43.334200460999959,-21.77861894234923],[-43.33417837099995,-21.778612014349214],[-43.334160046999955,-21.778606267349236],[-43.333846476999959,-21.779400937349212],[-43.333805105999943,-21.779555235349189],[-43.33380110699995,-21.77957014734918],[-43.333785137999939,-21.779629706349183],[-43.333752484999934,-21.779828684349145],[-43.333750337999959,-21.779841768349193],[-43.33373876099995,-21.779850769349149],[-43.33362563999998,-21.77999633234915],[-43.333568432999989,-21.780069946349187],[-43.333819854999945,-21.780155314349155],[-43.33386059999998,-21.78016914834917],[-43.333872320999944,-21.780263926349175],[-43.33385666099997,-21.780452619349148],[-43.333834224999976,-21.780644390349153],[-43.333875181999986,-21.780982658349156],[-43.333828967999978,-21.780973798349173]]]},"properties":{"OBJECTID":51,"nro":76,"nome":"Vila Ideal","qtd_contrib_oficina_1_centro":null,"qtd_contrib_oficina_2_oeste":null,"qtd_contrib_oficina_3_leste":null,"qtd_contrib_oficina_4_nordeste":null,"qtd_contrib_oficina_5_vilas_nu":null,"qtd_contrib_oficina_6_n_co":null,"qtd_contrib_oficina_7_sudeste":8,"qtd_contrib_oficina_8_sul":null,"qtd_inscricoes_vaf":72,"observacao":"-","fonte":"PDDU","ano":"2000","vaf_2018":37240918,"vaf_2019":48516585,"vaf_2020":42420896,"vaf_2021":32332128,"vaf_2022":20975467,"bairro_dado_vinculado":"-","regiao_planejamento":"Sudeste","shape.STArea()":8.0229860238200017e-05,"shape.STLength()":0.04746444193901099}},{"type":"Feature","id":52,"geometry":{"type":"Polygon","coordinates":[[[-43.333841985999975,-21.781509320349105],[-43.333848888999967,-21.781246088349164],[-43.333846743999977,-21.781247094349158],[-43.333733764999977,-21.781300124349148],[-43.333732281999971,-21.781246642349156],[-43.333732176999945,-21.78124284534913],[-43.333731888999978,-21.781232487349133],[-43.333731631999967,-21.781223200349118],[-43.333731739999962,-21.781215330349131],[-43.333732027999993,-21.781206614349156],[-43.333732105999957,-21.781204871349114],[-43.333732239999961,-21.781202260349158],[-43.333732285999986,-21.781201389349171],[-43.333732494999936,-21.781197906349167],[-43.333732835999967,-21.781193088349124],[-43.333732936999972,-21.781191763349153],[-43.333733226999982,-21.781188280349152],[-43.333733928999948,-21.781181037349128],[-43.333734192999941,-21.781178671349142],[-43.333734409999984,-21.781176724349155],[-43.333734664999952,-21.781174569349151],[-43.333734933999949,-21.78117241434914],[-43.333735070999971,-21.781171337349157],[-43.333735500999985,-21.781168110349128],[-43.333736165999944,-21.78116348534915],[-43.333736635999962,-21.781160405349159],[-43.333736882999972,-21.781158866349127],[-43.333737257999985,-21.781156559349135],[-43.333737650999986,-21.781154254349126],[-43.333737914999972,-21.781152719349166],[-43.333738468999968,-21.781149651349136],[-43.333738608999965,-21.781148884349125],[-43.33373933799993,-21.78114505534915],[-43.333740408999965,-21.781139780349172],[-43.33374093599997,-21.781137286349161],[-43.333741543999963,-21.781134518349166],[-43.33374178899993,-21.78113341134916],[-43.333742745999977,-21.781129268349147],[-43.333743608999953,-21.781125685349128],[-43.333744020999966,-21.781124034349141],[-43.333744573999979,-21.781121834349143],[-43.333745359999966,-21.781118812349174],[-43.333745574999973,-21.78111799034917],[-43.333746765999926,-21.781113608349127],[-43.333747689999939,-21.781110330349165],[-43.333748242999938,-21.781108419349149],[-43.333748800999963,-21.78110651234913],[-43.333749783999963,-21.781103248349133],[-43.333749948999973,-21.781102705349145],[-43.333751393999933,-21.781098095349122],[-43.333752354999945,-21.781095120349157],[-43.333753071999979,-21.781092960349142],[-43.333756234999953,-21.781083821349156],[-43.33375662299995,-21.781082749349128],[-43.333757600999945,-21.781080077349138],[-43.333758499999924,-21.781077675349135],[-43.333759001999965,-21.781076343349117],[-43.333760436999967,-21.781072622349129],[-43.33376091699995,-21.781071931349171],[-43.333775497999959,-21.781050904349158],[-43.333787061999935,-21.781034227349139],[-43.333820034999967,-21.780986681349127],[-43.333828967999978,-21.780973798349173],[-43.333875181999986,-21.780982658349156],[-43.333834224999976,-21.780644390349153],[-43.33385666099997,-21.780452619349148],[-43.333872320999944,-21.780263926349175],[-43.33386059999998,-21.78016914834917],[-43.333819854999945,-21.780155314349155],[-43.333568432999989,-21.780069946349187],[-43.33362563999998,-21.77999633234915],[-43.333659309999973,-21.779953006349185],[-43.333726045999981,-21.779867131349157],[-43.33373876099995,-21.779850769349149],[-43.333750337999959,-21.779841768349193],[-43.333752484999934,-21.779828684349145],[-43.333783908999976,-21.779637199349192],[-43.333785137999939,-21.779629706349183],[-43.33380110699995,-21.77957014734918],[-43.333805105999943,-21.779555235349189],[-43.333846476999959,-21.779400937349212],[-43.33402875599996,-21.778938994349222],[-43.334160046999955,-21.778606267349236],[-43.33417837099995,-21.778612014349214],[-43.334200460999959,-21.77861894234923],[-43.334254751999936,-21.778484562349213],[-43.334243865999959,-21.778354046349193],[-43.334229208999943,-21.778244167349211],[-43.33422924599995,-21.778217234349196],[-43.334229301999983,-21.778173810349198],[-43.334227626999954,-21.778090821349231],[-43.334226324999975,-21.777928711349208],[-43.334226212999965,-21.77791948134923],[-43.334224538999933,-21.777918888349248],[-43.334246930999939,-21.777776213349231],[-43.334247089999963,-21.777775942349198],[-43.334267060999935,-21.777741978349191],[-43.334342574999937,-21.777613544349233],[-43.334370065999963,-21.777566789349255],[-43.334472922999964,-21.777394292349204],[-43.33452831599994,-21.777301392349241],[-43.334530120999943,-21.77730202034925],[-43.334531014999982,-21.777300475349218],[-43.334618730999985,-21.777153369349239],[-43.334643111999981,-21.777112352349238],[-43.334643133999968,-21.777112316349214],[-43.334641408999971,-21.77711172934923],[-43.334761901999968,-21.776909651349264],[-43.334816540999952,-21.776854129349235],[-43.334825819999935,-21.776844700349251],[-43.334828466999959,-21.776842010349224],[-43.334829187999958,-21.776842193349275],[-43.334917891999964,-21.776750110349251],[-43.334918037999962,-21.776749958349267],[-43.334959760999936,-21.776715575349247],[-43.334987764999937,-21.776724609349259],[-43.335018994999984,-21.776734683349254],[-43.335131313999966,-21.776786186349259],[-43.335137878999952,-21.776790272349253],[-43.335262354999941,-21.776867750349233],[-43.335265276999962,-21.776754195349248],[-43.335265855999978,-21.776753622349226],[-43.335284621999961,-21.776735050349238],[-43.335304253999944,-21.776712296349267],[-43.335403259999964,-21.776799951349261],[-43.335462364999955,-21.776820535349238],[-43.335505553999951,-21.776835072349272],[-43.335519500999965,-21.776839767349248],[-43.335580621999959,-21.776860340349263],[-43.335584704999974,-21.776861715349224],[-43.335717072999955,-21.776906269349212],[-43.335820837999961,-21.776941197349263],[-43.335828253999978,-21.776942411349264],[-43.335859529999937,-21.776947536349248],[-43.335912950999955,-21.776956288349236],[-43.335951198999965,-21.77696255534924],[-43.335968470999944,-21.776965384349275],[-43.336110661999953,-21.77698868034927],[-43.336200796999947,-21.77700344934923],[-43.336338289999958,-21.777025975349236],[-43.336466583999943,-21.777046994349259],[-43.33659107099993,-21.777067389349234],[-43.336664595999935,-21.777079435349236],[-43.336673929999961,-21.777080965349267],[-43.336759309999941,-21.777094953349234],[-43.336834981999971,-21.777107351349269],[-43.336867500999972,-21.77711039934924],[-43.337039192999953,-21.777126481349256],[-43.337068396999932,-21.777129217349255],[-43.337079874999972,-21.777130943349253],[-43.337091039999962,-21.777133966349222],[-43.337101725999965,-21.777138242349253],[-43.33715757799996,-21.777153364349232],[-43.337217357999975,-21.777169549349225],[-43.33746185199994,-21.777244101349218],[-43.337514062999965,-21.777217977349228],[-43.337552719999962,-21.777198635349261],[-43.337706007999941,-21.777532109349249],[-43.337773928999979,-21.777775261349248],[-43.337712149999966,-21.778027581349193],[-43.337769746999982,-21.778138135349202],[-43.337849494999944,-21.778369883349221],[-43.337847466999968,-21.77854582334918],[-43.337840875999973,-21.779117622349169],[-43.337754788999973,-21.779435683349195],[-43.337692754999978,-21.779709995349172],[-43.337666926999937,-21.779907689349169],[-43.337496262999935,-21.78020800334917],[-43.337373763999949,-21.78013903034919],[-43.337300297999946,-21.780115711349154],[-43.337153187999945,-21.780136812349166],[-43.336981301999963,-21.780157662349161],[-43.336809364999965,-21.780183029349143],[-43.336661316999937,-21.780285406349172],[-43.336463788999929,-21.78032857934916],[-43.336143064999931,-21.780415670349164],[-43.335994308999936,-21.780527074349163],[-43.335869672999934,-21.780643236349135],[-43.335745089999932,-21.780754882349125],[-43.335621630999981,-21.78082137934916],[-43.335497306999976,-21.780910448349168],[-43.335324554999943,-21.780953868349165],[-43.335177100999935,-21.780952383349131],[-43.335004609999935,-21.78097322534915],[-43.334919432999982,-21.781911699349148],[-43.333837091999953,-21.781900791349106],[-43.333841984999935,-21.78150934834915],[-43.333841985999975,-21.781509320349105]]]},"properties":{"OBJECTID":52,"nro":77,"nome":"Parque Guarua","qtd_contrib_oficina_1_centro":null,"qtd_contrib_oficina_2_oeste":null,"qtd_contrib_oficina_3_leste":null,"qtd_contrib_oficina_4_nordeste":null,"qtd_contrib_oficina_5_vilas_nu":null,"qtd_contrib_oficina_6_n_co":null,"qtd_contrib_oficina_7_sudeste":null,"qtd_contrib_oficina_8_sul":null,"qtd_inscricoes_vaf":null,"observacao":"-","fonte":"PDDU","ano":"2000","vaf_2018":null,"vaf_2019":null,"vaf_2020":null,"vaf_2021":null,"vaf_2022":null,"bairro_dado_vinculado":"-","regiao_planejamento":"Centro","shape.STArea()":1.4312124013110503e-05,"shape.STLength()":0.016874183175273238}},{"type":"Feature","id":53,"geometry":{"type":"Polygon","coordinates":[[[-43.335859529999937,-21.776947536349248],[-43.335828253999978,-21.776942411349264],[-43.335820837999961,-21.776941197349263],[-43.335717072999955,-21.776906269349212],[-43.335584704999974,-21.776861715349224],[-43.335580621999959,-21.776860340349263],[-43.335519500999965,-21.776839767349248],[-43.335505553999951,-21.776835072349272],[-43.335462364999955,-21.776820535349238],[-43.335403259999964,-21.776799951349261],[-43.335304253999944,-21.776712296349267],[-43.335284621999961,-21.776735050349238],[-43.335265855999978,-21.776753622349226],[-43.335265276999962,-21.776754195349248],[-43.335262354999941,-21.776867750349233],[-43.335137878999952,-21.776790272349253],[-43.335131313999966,-21.776786186349259],[-43.335018994999984,-21.776734683349254],[-43.334987764999937,-21.776724609349259],[-43.334959760999936,-21.776715575349247],[-43.334918037999962,-21.776749958349267],[-43.334917891999964,-21.776750110349251],[-43.334829187999958,-21.776842193349275],[-43.334828466999959,-21.776842010349224],[-43.334825819999935,-21.776844700349251],[-43.334816540999952,-21.776854129349235],[-43.334735161999959,-21.776829320349272],[-43.334514770999931,-21.77675935934926],[-43.33441134199996,-21.776717451349246],[-43.334343327999932,-21.776689892349253],[-43.334295161999933,-21.776621666349268],[-43.33091103299995,-21.775756584349271],[-43.330247696999955,-21.775682145349272],[-43.330077616999972,-21.775495270349285],[-43.330005722999942,-21.775336483349307],[-43.329885455999943,-21.775127532349263],[-43.329692512999941,-21.774827526349302],[-43.329595581999968,-21.774691066349266],[-43.329499256999952,-21.774554612349306],[-43.329379433999975,-21.774255345349314],[-43.329284205999954,-21.774024066349334],[-43.329139688999931,-21.77376970934932],[-43.32906941799996,-21.773470941349327],[-43.329048647999961,-21.773177190349319],[-43.32907522499994,-21.772969722349345],[-43.329176390999969,-21.772740429349323],[-43.329302017999964,-21.77253847734934],[-43.329451687999949,-21.77239999434935],[-43.329625476999986,-21.772266269349334],[-43.329922456999952,-21.772088628349344],[-43.330095773999972,-21.771995542349348],[-43.330221137999956,-21.771816168349382],[-43.330346210999949,-21.771609694349351],[-43.33047209599993,-21.771385165349393],[-43.330669090999947,-21.77138715434938],[-43.330889993999961,-21.771411964349397],[-43.331111421999935,-21.771391619349398],[-43.331283378999956,-21.771415935349413],[-43.331552736999981,-21.771536070349367],[-43.331747560999929,-21.771673516349367],[-43.331966063999971,-21.771906038349336],[-43.332063516999945,-21.771997341349365],[-43.332184879999943,-21.77211146734934],[-43.332256461999975,-21.772297345349358],[-43.332229598999959,-21.772477715349368],[-43.332177988999945,-21.772707511349342],[-43.332003939999936,-21.772863817349336],[-43.331805847999924,-21.772956653349308],[-43.331608067999973,-21.773022399349326],[-43.331337429999969,-21.773064827349359],[-43.331114874999969,-21.77313032134931],[-43.331016980999955,-21.773129333349349],[-43.330942653999955,-21.773128582349337],[-43.330720700999962,-21.773194082349338],[-43.33044919799994,-21.773259080349305],[-43.33034939199996,-21.773370973349305],[-43.33032333999995,-21.773533286349341],[-43.330296473999965,-21.77371365534929],[-43.330319024999937,-21.773853879349296],[-43.330391701999986,-21.773944934349331],[-43.33048941699996,-21.774013661349318],[-43.330611250999937,-21.77408714834932],[-43.330832502999954,-21.774134542349294],[-43.331028634999932,-21.774159102349284],[-43.33115190999996,-21.774160347349312],[-43.331373079999928,-21.774162579349298],[-43.331545301999938,-21.774164317349332],[-43.33171778499996,-21.774143477349281],[-43.331915305999992,-21.774100311349319],[-43.332137257999932,-21.774034810349342],[-43.332186204999971,-21.77403530434929],[-43.332408500999982,-21.773992386349317],[-43.33277789899995,-21.773928372349296],[-43.33297599399998,-21.773835532349313],[-43.333123961999945,-21.773791864349331],[-43.333322003999967,-21.773703540349331],[-43.333716698999979,-21.773594619349353],[-43.333864143999961,-21.773596105349334],[-43.334011328999964,-21.773620168349343],[-43.334085656999946,-21.773620917349312],[-43.33423258199997,-21.773667558349299],[-43.334330215999955,-21.773691122349309],[-43.334526118999968,-21.7737879323493],[-43.334673303999978,-21.773811995349316],[-43.334795535999945,-21.773903546349338],[-43.334892648999983,-21.77397226534929],[-43.335039001999974,-21.774068575349297],[-43.33525973299993,-21.774161118349291],[-43.335455865999961,-21.774185674349308],[-43.335652603999961,-21.774210235349294],[-43.335799789999953,-21.774234296349313],[-43.336045215999938,-21.774281927349282],[-43.33616705299994,-21.77435540934929],[-43.336338233999982,-21.774447452349282],[-43.336460988999931,-21.774493848349302],[-43.336731888999957,-21.774428833349283],[-43.336815163999965,-21.774072906349296],[-43.337035293999975,-21.774165441349329],[-43.337305234999974,-21.774235896349335],[-43.337476332999984,-21.774282777349274],[-43.337722018999955,-21.774307828349293],[-43.338016360999973,-21.774306271349271],[-43.33831064999999,-21.774309229349317],[-43.338555556999957,-21.774402011349288],[-43.33875156899996,-21.774489786349278],[-43.338885349999934,-21.774547191349289],[-43.338884705999931,-21.774553896349325],[-43.338885519999963,-21.77456705934933],[-43.338888250999958,-21.774579994349295],[-43.338892844999975,-21.774592459349297],[-43.338777543999981,-21.774696864349291],[-43.338768641999934,-21.774704924349319],[-43.338761964999946,-21.77471012034928],[-43.33862007099998,-21.774820553349308],[-43.338471499999969,-21.774936179349272],[-43.338431121999982,-21.774967603349307],[-43.338322927999961,-21.7750518053493],[-43.338174356999957,-21.77516743134926],[-43.338137543999942,-21.775197080349258],[-43.338103832999934,-21.775229788349304],[-43.338073509999958,-21.775265272349277],[-43.338046836999979,-21.77530322534928],[-43.33801391999998,-21.775355213349272],[-43.337986530999956,-21.775409927349259],[-43.337964924999937,-21.775466855349308],[-43.33792148099996,-21.775642868349287],[-43.337654040999958,-21.775573928349285],[-43.337650541999949,-21.775573025349292],[-43.337650186999952,-21.775585116349255],[-43.33764426699998,-21.775786769349288],[-43.33764361599998,-21.775808952349283],[-43.337641979999951,-21.775864660349274],[-43.337639770999942,-21.77593989034926],[-43.337637915999949,-21.776003086349245],[-43.337633804999932,-21.776042179349243],[-43.337629556999957,-21.776082569349292],[-43.337619834999941,-21.776175022349264],[-43.337609904999965,-21.776269439349271],[-43.337609589999943,-21.776280206349263],[-43.337607397999932,-21.77635496834926],[-43.337604277999958,-21.776461390349247],[-43.337604276999969,-21.776461417349239],[-43.337604126999963,-21.77646531034928],[-43.337598767999971,-21.776604002349242],[-43.33759151299995,-21.776697691349263],[-43.337590745999933,-21.77670759534923],[-43.337586605999952,-21.776761060349234],[-43.337582723999958,-21.776811186349256],[-43.337579629999937,-21.776851140349244],[-43.337576813999931,-21.776887510349223],[-43.337574330999992,-21.776919582349226],[-43.337573002999939,-21.776936716349255],[-43.337563934999935,-21.777053820349266],[-43.337552719999962,-21.777198635349261],[-43.337514062999965,-21.777217977349228],[-43.33746185199994,-21.777244101349218],[-43.337217357999975,-21.777169549349225],[-43.33715757799996,-21.777153364349232],[-43.337101725999965,-21.777138242349253],[-43.337091039999962,-21.777133966349222],[-43.337079874999972,-21.777130943349253],[-43.337068396999932,-21.777129217349255],[-43.337039192999953,-21.777126481349256],[-43.336867500999972,-21.77711039934924],[-43.336834981999971,-21.777107351349269],[-43.336759309999941,-21.777094953349234],[-43.336673929999961,-21.777080965349267],[-43.336664595999935,-21.777079435349236],[-43.33659107099993,-21.777067389349234],[-43.336466583999943,-21.777046994349259],[-43.336338289999958,-21.777025975349236],[-43.336200796999947,-21.77700344934923],[-43.336139972999945,-21.77699348334923],[-43.336110661999953,-21.77698868034927],[-43.335968470999944,-21.776965384349275],[-43.335951198999965,-21.77696255534924],[-43.335912950999955,-21.776956288349236],[-43.335859529999937,-21.776947536349248]]]},"properties":{"OBJECTID":53,"nro":78,"nome":"Olavo Costa","qtd_contrib_oficina_1_centro":null,"qtd_contrib_oficina_2_oeste":null,"qtd_contrib_oficina_3_leste":null,"qtd_contrib_oficina_4_nordeste":null,"qtd_contrib_oficina_5_vilas_nu":null,"qtd_contrib_oficina_6_n_co":null,"qtd_contrib_oficina_7_sudeste":6,"qtd_contrib_oficina_8_sul":null,"qtd_inscricoes_vaf":null,"observacao":"-","fonte":"PDDU","ano":"2000","vaf_2018":null,"vaf_2019":435100,"vaf_2020":186263,"vaf_2021":161911,"vaf_2022":160667,"bairro_dado_vinculado":"-","regiao_planejamento":"Sudeste","shape.STArea()":2.4950284368853508e-05,"shape.STLength()":0.030826997645476088}},{"type":"Feature","id":54,"geometry":{"type":"Polygon","coordinates":[[[-43.34109610899997,-21.759455218349654],[-43.341070823999992,-21.759480596349643],[-43.341070052999953,-21.759479942349678],[-43.341000753999936,-21.759420091349682],[-43.340919645999975,-21.759350040349659],[-43.340785522999965,-21.75946993634966],[-43.34076089499996,-21.759366584349653],[-43.34064100899996,-21.759386782349676],[-43.340523472999969,-21.759408847349668],[-43.340457594999975,-21.759421213349629],[-43.340409410999939,-21.759430258349649],[-43.34028754499996,-21.759453135349645],[-43.340287672999978,-21.759453686349666],[-43.340287270999966,-21.759453755349675],[-43.339953904999959,-21.759510806349667],[-43.339841698999976,-21.759530008349646],[-43.339722653999956,-21.759542526349644],[-43.339613707999945,-21.75955706634965],[-43.339607982999958,-21.759557830349642],[-43.339488857999982,-21.759577202349629],[-43.33932707699995,-21.759604374349678],[-43.339229065999973,-21.759620834349668],[-43.339195020999966,-21.759625459349639],[-43.339124272999982,-21.759638633349635],[-43.339043896999954,-21.75965273234964],[-43.338907562999964,-21.759674359349667],[-43.338901329999935,-21.759503062349662],[-43.33874085399998,-21.759529273349635],[-43.338699238999936,-21.759517826349668],[-43.338732634999978,-21.759401644349676],[-43.33875422899996,-21.759326515349642],[-43.338612066999985,-21.759278123349656],[-43.338588080999955,-21.759273542349664],[-43.33853923099997,-21.759264209349677],[-43.338515682999969,-21.759256870349645],[-43.338489324999955,-21.759248656349651],[-43.338482742999929,-21.759237807349681],[-43.338471398999964,-21.759219105349636],[-43.338467732999959,-21.759192382349681],[-43.338460179999963,-21.759137290349656],[-43.338451306999957,-21.759072588349689],[-43.338445090999983,-21.759027258349647],[-43.338418018999967,-21.759032234349664],[-43.338395795999929,-21.758987155349654],[-43.338376850999964,-21.758948727349676],[-43.338352820999944,-21.758899978349689],[-43.338313864999968,-21.758820958349649],[-43.338285852999945,-21.758835583349665],[-43.338192346999968,-21.758884404349669],[-43.338157088999935,-21.758892265349694],[-43.33812480399996,-21.758901228349668],[-43.338093689999937,-21.758913272349691],[-43.338064081999953,-21.758928268349678],[-43.338054763999942,-21.758935260349698],[-43.338046771999977,-21.758943562349664],[-43.338040314999944,-21.758952957349674],[-43.33803556099997,-21.758963202349666],[-43.33799977499995,-21.758975013349641],[-43.337964635999974,-21.758986610349666],[-43.337972492999938,-21.759010402349649],[-43.337989192999942,-21.759063376349676],[-43.338007775999984,-21.759122325349665],[-43.338018233999946,-21.759155503349689],[-43.338019040999939,-21.759158062349687],[-43.338020721999953,-21.759163394349692],[-43.338021607999956,-21.759166207349672],[-43.338017147999949,-21.759169506349686],[-43.338013022999974,-21.759172558349693],[-43.337826933999963,-21.759310232349659],[-43.337858756999928,-21.759356937349644],[-43.337836097999975,-21.75939226134966],[-43.337701308999954,-21.759476974349639],[-43.337602643999958,-21.759543723349669],[-43.337381495999978,-21.759541501349641],[-43.337138175999947,-21.759313253349667],[-43.337015692999955,-21.759244281349662],[-43.336883959999966,-21.759139087349642],[-43.335589287999937,-21.758900263349702],[-43.333953817999941,-21.758450260349679],[-43.333099688999937,-21.758211338349692],[-43.331453282999966,-21.758813435349698],[-43.330858383999953,-21.759516448349633],[-43.330658988999971,-21.759880233349676],[-43.330581645999985,-21.760245251349634],[-43.330575718999967,-21.759820903349684],[-43.330686495999949,-21.75940411934965],[-43.330772962999966,-21.759053073349655],[-43.330696794999938,-21.758513430349712],[-43.330924517999961,-21.758163810349714],[-43.33093023899994,-21.75766898234972],[-43.33102784099998,-21.757373037349716],[-43.331138993999957,-21.756923263349726],[-43.331333305999976,-21.75640834334974],[-43.331396990999963,-21.755991082349755],[-43.331612935999942,-21.755641342349776],[-43.331818252999938,-21.755192518349741],[-43.33196344299995,-21.75485306134976],[-43.33208448999995,-21.754592423349767],[-43.334666825999925,-21.755783950349752],[-43.334837296999972,-21.75583082734974],[-43.335082086999932,-21.755878450349741],[-43.335375473999932,-21.755903983349725],[-43.335485440999946,-21.755905089349728],[-43.335595407999961,-21.755906196349727],[-43.336206955999955,-21.75595750834972],[-43.336765432999982,-21.75641924334975],[-43.336917091999965,-21.756420769349749],[-43.336917247999956,-21.756407222349718],[-43.337089416999959,-21.75635927634973],[-43.337262364999965,-21.756243598349744],[-43.337435002999939,-21.756155012349737],[-43.337509236999949,-21.756110597349753],[-43.33755875099996,-21.756061419349763],[-43.337731386999963,-21.75597283334977],[-43.337977218999981,-21.75593014234974],[-43.338247613999961,-21.755905763349773],[-43.338468495999962,-21.755930561349736],[-43.33859097699996,-21.755999532349751],[-43.338787171999968,-21.756069243349735],[-43.33903300299994,-21.75602655134977],[-43.339279664999935,-21.75591161134977],[-43.33950132599994,-21.75586867534977],[-43.339525495999965,-21.755868918349758],[-43.339722209999934,-21.755893472349747],[-43.339844605999978,-21.755917280349724],[-43.339991773999941,-21.755941338349736],[-43.340236910999977,-21.756011538349714],[-43.34042790999996,-21.756112807349744],[-43.34053029599994,-21.756195123349706],[-43.340627745999939,-21.756286421349746],[-43.340725193999951,-21.756377720349757],[-43.340776628999947,-21.756440408349711],[-43.340822331999952,-21.756496111349762],[-43.340944035999939,-21.756632812349721],[-43.34109025399993,-21.756792341349751],[-43.341161617999944,-21.756892408349707],[-43.341158921999984,-21.756899739349706],[-43.34106159199996,-21.757005478349697],[-43.341027546999953,-21.757042467349713],[-43.341003840999974,-21.757066160349719],[-43.340998517999935,-21.757091658349726],[-43.340994415999951,-21.757111309349735],[-43.34099423199995,-21.757111935349702],[-43.340972525999973,-21.757185164349707],[-43.340956349999942,-21.757240220349718],[-43.340936642999971,-21.757307297349698],[-43.340998338999952,-21.757324080349733],[-43.340973711999943,-21.757447161349699],[-43.340943471999928,-21.757598291349705],[-43.340953887999937,-21.757904347349694],[-43.340752889999976,-21.757961165349712],[-43.340832099999936,-21.758046702349674],[-43.340874012999961,-21.758111750349681],[-43.340894904999978,-21.758144172349692],[-43.340964840999966,-21.758245530349683],[-43.341061716999945,-21.758321211349671],[-43.341120118999982,-21.758365403349689],[-43.341135196999971,-21.758376811349663],[-43.341239863999938,-21.758470455349674],[-43.341258789999983,-21.758696125349687],[-43.341266841999989,-21.758792148349652],[-43.341281507999952,-21.758967042349639],[-43.34128663599995,-21.75903813634967],[-43.341292073999966,-21.759113545349699],[-43.34126846199996,-21.759188746349643],[-43.341259039999954,-21.75921875034965],[-43.341257884999955,-21.759222431349652],[-43.341207099999963,-21.759298512349687],[-43.34118825499997,-21.759342591349654],[-43.341182112999952,-21.759356957349667],[-43.341173535999985,-21.759377018349653],[-43.341130042999964,-21.75942099134965],[-43.341107085999965,-21.759444202349638],[-43.34109610899997,-21.759455218349654]]]},"properties":{"OBJECTID":54,"nro":86,"nome":"São Bernardo","qtd_contrib_oficina_1_centro":null,"qtd_contrib_oficina_2_oeste":null,"qtd_contrib_oficina_3_leste":5,"qtd_contrib_oficina_4_nordeste":null,"qtd_contrib_oficina_5_vilas_nu":null,"qtd_contrib_oficina_6_n_co":null,"qtd_contrib_oficina_7_sudeste":null,"qtd_contrib_oficina_8_sul":null,"qtd_inscricoes_vaf":null,"observacao":"-","fonte":"PDDU","ano":"2000","vaf_2018":null,"vaf_2019":null,"vaf_2020":null,"vaf_2021":null,"vaf_2022":null,"bairro_dado_vinculado":"-","regiao_planejamento":"Leste","shape.STArea()":3.2408648742481005e-05,"shape.STLength()":0.032357127299855661}},{"type":"Feature","id":55,"geometry":{"type":"Polygon","coordinates":[[[-43.331368553999937,-21.769389405349429],[-43.331372222999953,-21.76938799634944],[-43.331375873999946,-21.76938663234942],[-43.331377704999966,-21.769385960349418],[-43.331383200999937,-21.769383989349414],[-43.331386229999971,-21.769382934349412],[-43.331386897999955,-21.769382706349447],[-43.331389757999936,-21.769381736349413],[-43.331390596999938,-21.769381458349407],[-43.331394307999979,-21.769380238349395],[-43.33139684799994,-21.769379421349402],[-43.331398027999967,-21.7693790493494],[-43.331400405999943,-21.769378303349399],[-43.331401759999956,-21.769377889349403],[-43.331403869999974,-21.769377244349389],[-43.331428158999984,-21.76937060834943],[-43.331433873999977,-21.769369242349441],[-43.331465609999952,-21.769362962349401],[-43.331497740999971,-21.769358794349433],[-43.331523727999972,-21.769356988349426],[-43.33157770399999,-21.769357645349416],[-43.331631222999938,-21.769364219349409],[-43.331683543999929,-21.769376621349444],[-43.331733945999986,-21.769394678349425],[-43.331781726999971,-21.769418138349444],[-43.331783016999964,-21.769418764349417],[-43.331811281999933,-21.769432470349429],[-43.331837640999943,-21.76944525334941],[-43.332001055999967,-21.769524496349426],[-43.332068758999988,-21.769550425349429],[-43.332138044999965,-21.769572400349421],[-43.332208652999952,-21.769590338349392],[-43.332287023999989,-21.769605246349428],[-43.332289814999967,-21.769605152349385],[-43.33229258199998,-21.769605509349425],[-43.33229524199993,-21.76960630634942],[-43.332361729999946,-21.769614885349412],[-43.332447633999948,-21.769625968349406],[-43.332585341999959,-21.769594984349435],[-43.332817308999942,-21.769542791349441],[-43.332906529999953,-21.769511663349398],[-43.332927533999964,-21.769504334349428],[-43.332931040999938,-21.769503110349419],[-43.33316876199995,-21.769420172349427],[-43.333224767999987,-21.769399581349422],[-43.33324805899997,-21.769395908349441],[-43.333271665999973,-21.769395180349409],[-43.333295164999981,-21.769397409349423],[-43.333318132999977,-21.769402556349448],[-43.333321585999954,-21.769403600349449],[-43.333348287999961,-21.769414315349401],[-43.333372738999969,-21.769428986349439],[-43.333394273999943,-21.76944721434943],[-43.33341230499996,-21.769468501349408],[-43.333480469999976,-21.769446803349453],[-43.333476256999973,-21.769475401349425],[-43.333527443999962,-21.769500978349399],[-43.333533152999962,-21.769503831349411],[-43.333546619999936,-21.769510560349406],[-43.333577324999965,-21.769525903349447],[-43.33357979799996,-21.7695271383494],[-43.333589422999978,-21.769531948349407],[-43.333591599999977,-21.769533075349429],[-43.333668991999957,-21.769573121349403],[-43.333673371999971,-21.769575388349427],[-43.333680038999951,-21.769578837349449],[-43.333751430999932,-21.769615779349451],[-43.33374957299997,-21.769618460349399],[-43.333596213999954,-21.76983961234939],[-43.333555202999946,-21.769895750349438],[-43.333554193999937,-21.769897131349438],[-43.333555721999971,-21.769898002349436],[-43.333543396999971,-21.769915776349396],[-43.333594676999951,-21.769944621349431],[-43.333669123999982,-21.769982331349379],[-43.333697184999949,-21.770003197349379],[-43.333699481999979,-21.770004905349396],[-43.333690100999938,-21.770016204349385],[-43.333728773999951,-21.770042636349423],[-43.333799792999962,-21.77008557734942],[-43.333849179999959,-21.770115438349396],[-43.333849952999962,-21.770115915349397],[-43.33386928799996,-21.770127847349404],[-43.333844504999945,-21.770164365349412],[-43.333912317999932,-21.770200013349406],[-43.333916149999936,-21.770202028349413],[-43.333998178999934,-21.770210371349403],[-43.333998611999959,-21.770209847349435],[-43.334001545999968,-21.770206292349393],[-43.33401581399994,-21.770189002349376],[-43.334016227999939,-21.770188501349384],[-43.334050074999936,-21.770147488349401],[-43.334066340999982,-21.770145067349425],[-43.334124204999966,-21.77013645534938],[-43.334220114999937,-21.770111069349376],[-43.334281261999934,-21.77009488434939],[-43.334295837999946,-21.770091544349405],[-43.334315825999973,-21.770086253349437],[-43.334339644999943,-21.770081506349388],[-43.334350507999943,-21.770079016349406],[-43.33438888999995,-21.770071366349413],[-43.334419708999974,-21.770030369349431],[-43.33448311899997,-21.76993228334938],[-43.334484452999959,-21.769930222349409],[-43.334491451999952,-21.769927324349425],[-43.334500921999961,-21.76992340534942],[-43.334531468999963,-21.769910761349397],[-43.33463323999996,-21.769892151349417],[-43.334648218999973,-21.769889412349386],[-43.334691821999968,-21.769881439349398],[-43.334742434999953,-21.769872184349399],[-43.334748753999968,-21.76987102834941],[-43.334758566999938,-21.76986923434939],[-43.334762794999961,-21.769868461349422],[-43.334778949999929,-21.769865506349422],[-43.334824664999985,-21.76985714634943],[-43.334838373999958,-21.769854639349397],[-43.334845699999953,-21.769853300349425],[-43.334857556999964,-21.76985113234943],[-43.334894869999978,-21.769844308349413],[-43.334902632999949,-21.769842889349409],[-43.334906160999928,-21.769842244349402],[-43.334918248999934,-21.769840033349428],[-43.334921872999985,-21.769839370349391],[-43.334957734999925,-21.769832813349442],[-43.334995461999938,-21.769825914349422],[-43.335008761999973,-21.769823482349434],[-43.335032545999979,-21.76981913434944],[-43.335073430999955,-21.76981165734945],[-43.335087280999979,-21.769809125349397],[-43.335089478999969,-21.769808722349442],[-43.335158713999938,-21.769796061349421],[-43.335179561999951,-21.769792249349429],[-43.335191015999953,-21.769790154349415],[-43.335244589999945,-21.76978035734939],[-43.33525943199993,-21.769777643349389],[-43.335265085999936,-21.7697766103494],[-43.335279836999973,-21.769773912349404],[-43.335355730999943,-21.769760033349403],[-43.335356478999991,-21.769759896349434],[-43.335365406999991,-21.769758264349413],[-43.335370697999963,-21.769757297349408],[-43.335395600999952,-21.769752742349429],[-43.335426937999955,-21.769747012349434],[-43.335456799999974,-21.769741552349423],[-43.335465732999978,-21.769739918349416],[-43.33546686699998,-21.769732651349415],[-43.335473041999933,-21.76973356934943],[-43.335506453999983,-21.769738537349426],[-43.335544628999969,-21.769744213349412],[-43.335629193999978,-21.769756787349387],[-43.335709287999975,-21.769768697349406],[-43.335729055999934,-21.769771636349418],[-43.335728556999982,-21.769774381349439],[-43.335728432999986,-21.769775070349432],[-43.335725508999985,-21.769791147349423],[-43.335736893999979,-21.769792244349425],[-43.335739757999931,-21.769792519349416],[-43.335747634999954,-21.7697932783494],[-43.33574890199997,-21.769793400349421],[-43.335755753999933,-21.769794059349444],[-43.335826939999947,-21.769800912349439],[-43.335829688999979,-21.769804711349394],[-43.335830118999972,-21.769805304349429],[-43.335840171999962,-21.769819188349437],[-43.335842376999942,-21.769822234349391],[-43.335852909999971,-21.769836783349401],[-43.33584713799997,-21.769858063349407],[-43.335846065999931,-21.769862012349421],[-43.335833688999969,-21.769907646349434],[-43.335777449999966,-21.769958598349408],[-43.335559218999947,-21.770156314349396],[-43.335330147999969,-21.770363851349394],[-43.335443018999975,-21.771214001349385],[-43.33408373299995,-21.77174674934939],[-43.334346961999991,-21.772345516349365],[-43.334710048999959,-21.772827872349367],[-43.335000717999947,-21.773196597349347],[-43.334673303999978,-21.773811995349316],[-43.334526118999968,-21.7737879323493],[-43.334330215999955,-21.773691122349309],[-43.33423258199997,-21.773667558349299],[-43.334085656999946,-21.773620917349312],[-43.334011328999964,-21.773620168349343],[-43.333864143999961,-21.773596105349334],[-43.333716698999979,-21.773594619349353],[-43.333322003999967,-21.773703540349331],[-43.333123961999945,-21.773791864349331],[-43.33297599399998,-21.773835532349313],[-43.33277789899995,-21.773928372349296],[-43.332408500999982,-21.773992386349317],[-43.332186204999971,-21.77403530434929],[-43.332137257999932,-21.774034810349342],[-43.331915305999992,-21.774100311349319],[-43.33171778499996,-21.774143477349281],[-43.331545301999938,-21.774164317349332],[-43.331373079999928,-21.774162579349298],[-43.33115190999996,-21.774160347349312],[-43.331028634999932,-21.774159102349284],[-43.330832502999954,-21.774134542349294],[-43.330611250999937,-21.77408714834932],[-43.33048941699996,-21.774013661349318],[-43.330391701999986,-21.773944934349331],[-43.330319024999937,-21.773853879349296],[-43.330296473999965,-21.77371365534929],[-43.33032333999995,-21.773533286349341],[-43.33034939199996,-21.773370973349305],[-43.33044919799994,-21.773259080349305],[-43.330720700999962,-21.773194082349338],[-43.330942653999955,-21.773128582349337],[-43.331016980999955,-21.773129333349349],[-43.331114874999969,-21.77313032134931],[-43.331337429999969,-21.773064827349359],[-43.331608067999973,-21.773022399349326],[-43.331805847999924,-21.772956653349308],[-43.332003939999936,-21.772863817349336],[-43.332177988999945,-21.772707511349342],[-43.332229598999959,-21.772477715349368],[-43.332256461999975,-21.772297345349358],[-43.332184879999943,-21.77211146734934],[-43.332063516999945,-21.771997341349365],[-43.331966063999971,-21.771906038349336],[-43.331747560999929,-21.771673516349367],[-43.331552736999981,-21.771536070349367],[-43.331283378999956,-21.771415935349413],[-43.331111421999935,-21.771391619349398],[-43.330889993999961,-21.771411964349397],[-43.330669090999947,-21.77138715434938],[-43.33047209599993,-21.771385165349393],[-43.330523527999958,-21.771223108349378],[-43.330524834999949,-21.771110220349385],[-43.330501626999933,-21.770974505349393],[-43.330479597999954,-21.770789126349381],[-43.330408541999937,-21.770558092349418],[-43.330336910999961,-21.770376728349405],[-43.330289533999974,-21.770240769349375],[-43.330320569999969,-21.770100398349388],[-43.330882861999953,-21.769740488349417],[-43.331008895999958,-21.769659815349403],[-43.331025275999934,-21.769649331349434],[-43.331036815999937,-21.769641944349395],[-43.331073000999943,-21.76961878334939],[-43.331076635999985,-21.769612987349419],[-43.331095986999969,-21.769591857349418],[-43.331103907999932,-21.769583550349441],[-43.331107905999936,-21.769579430349424],[-43.331118013999976,-21.769569223349418],[-43.331132424999971,-21.76955516234942],[-43.33113383999995,-21.769553817349426],[-43.331136595999965,-21.769551193349436],[-43.331186014999957,-21.769507456349444],[-43.331204850999939,-21.769492227349406],[-43.33126240799993,-21.769449977349428],[-43.33130220299995,-21.769424148349437],[-43.331343248999985,-21.769400087349414],[-43.331354975999943,-21.769395137349402],[-43.331368553999937,-21.769389405349429]]]},"properties":{"OBJECTID":55,"nro":79,"nome":"Furtado de Menezes","qtd_contrib_oficina_1_centro":null,"qtd_contrib_oficina_2_oeste":null,"qtd_contrib_oficina_3_leste":null,"qtd_contrib_oficina_4_nordeste":null,"qtd_contrib_oficina_5_vilas_nu":null,"qtd_contrib_oficina_6_n_co":null,"qtd_contrib_oficina_7_sudeste":1,"qtd_contrib_oficina_8_sul":null,"qtd_inscricoes_vaf":null,"observacao":"-","fonte":"PDDU","ano":"2000","vaf_2018":null,"vaf_2019":null,"vaf_2020":null,"vaf_2021":null,"vaf_2022":null,"bairro_dado_vinculado":"-","regiao_planejamento":"Sudeste","shape.STArea()":1.6409477344657503e-05,"shape.STLength()":0.023321617136321453}},{"type":"Feature","id":56,"geometry":{"type":"Polygon","coordinates":[[[-43.337702153999949,-21.768269698349467],[-43.337629618999983,-21.768061231349481],[-43.337510231999943,-21.767775521349471],[-43.337424505999934,-21.767557890349487],[-43.337359118999984,-21.767358527349447],[-43.337302469999941,-21.767082479349469],[-43.337525290999963,-21.767360198349458],[-43.337900825999945,-21.767811060349484],[-43.338071388999929,-21.768061155349432],[-43.338193357999955,-21.768175283349432],[-43.338438026999938,-21.768340318349441],[-43.33873235599998,-21.76833876034944],[-43.338929262999962,-21.768295578349477],[-43.339198817999943,-21.768293769349452],[-43.339444410999931,-21.76827365534945],[-43.339616073999935,-21.768270863349425],[-43.339739083999973,-21.768294679349431],[-43.339788029999966,-21.768295169349422],[-43.339811797999971,-21.768435405349475],[-43.339883954999948,-21.768729672349419],[-43.339979911999933,-21.769213851349434],[-43.340051549999949,-21.769553272349398],[-43.340172510999935,-21.769965446349403],[-43.340293387999964,-21.770332458349426],[-43.34041435499995,-21.770586570349405],[-43.340560753999966,-21.770836421349387],[-43.340706237999932,-21.771113360349378],[-43.341049203999944,-21.7712974423494],[-43.341244465999978,-21.771502624349399],[-43.341440164999938,-21.771617488349364],[-43.341636121999954,-21.771709774349389],[-43.341880506999985,-21.771847706349366],[-43.342076205999938,-21.771962569349373],[-43.341976698999986,-21.772259629349346],[-43.341901708999956,-21.772579517349321],[-43.341753343999983,-21.772763186349334],[-43.341580370999957,-21.77303692934931],[-43.341432004999952,-21.773220597349344],[-43.341234516999975,-21.773471514349353],[-43.341086719999964,-21.773605512349324],[-43.340718047999985,-21.773764389349303],[-43.340496214999973,-21.773924740349329],[-43.340397799999948,-21.773968913349321],[-43.340348626999969,-21.774040675349326],[-43.340003511999953,-21.774357848349304],[-43.339684477999974,-21.774404321349301],[-43.339537115999974,-21.774448002349317],[-43.339364664999948,-21.774518526349286],[-43.339192785999956,-21.774539379349307],[-43.339070197999952,-21.774583308349321],[-43.339020990999984,-21.774605394349337],[-43.33875156899996,-21.774489786349278],[-43.338555556999957,-21.774402011349288],[-43.33831064999999,-21.774309229349317],[-43.338016360999973,-21.774306271349271],[-43.337722018999955,-21.774307828349293],[-43.337476332999984,-21.774282777349274],[-43.337305234999974,-21.774235896349335],[-43.337035293999975,-21.774165441349329],[-43.336815163999965,-21.774072906349296],[-43.336731888999957,-21.774428833349283],[-43.336460988999931,-21.774493848349302],[-43.336338233999982,-21.774447452349282],[-43.33616705299994,-21.77435540934929],[-43.336045215999938,-21.774281927349282],[-43.335799789999953,-21.774234296349313],[-43.335652603999961,-21.774210235349294],[-43.335455865999961,-21.774185674349308],[-43.33525973299993,-21.774161118349291],[-43.335039001999974,-21.774068575349297],[-43.334892648999983,-21.77397226534929],[-43.334795535999945,-21.773903546349338],[-43.334673303999978,-21.773811995349316],[-43.335000717999947,-21.773196597349347],[-43.334710048999959,-21.772827872349367],[-43.334346961999991,-21.772345516349365],[-43.33408373299995,-21.77174674934939],[-43.335443018999975,-21.771214001349385],[-43.335330147999969,-21.770363851349394],[-43.335877358999937,-21.769868081349422],[-43.336048534999975,-21.769960124349407],[-43.336195716999953,-21.769984185349376],[-43.336367673999973,-21.770008496349391],[-43.336637782999958,-21.77001121334942],[-43.336761055999943,-21.77001245334943],[-43.337056357999977,-21.769979295349422],[-43.337302044999944,-21.769846285349406],[-43.337450588999957,-21.769594882349441],[-43.337574440999958,-21.769388389349434],[-43.337698468999967,-21.769114158349453],[-43.337748774999973,-21.768839186349449],[-43.337726056999934,-21.768450579349476],[-43.337702153999949,-21.768269698349467]]]},"properties":{"OBJECTID":56,"nro":80,"nome":"Vila Ozanan","qtd_contrib_oficina_1_centro":null,"qtd_contrib_oficina_2_oeste":null,"qtd_contrib_oficina_3_leste":null,"qtd_contrib_oficina_4_nordeste":null,"qtd_contrib_oficina_5_vilas_nu":null,"qtd_contrib_oficina_6_n_co":null,"qtd_contrib_oficina_7_sudeste":1,"qtd_contrib_oficina_8_sul":null,"qtd_inscricoes_vaf":null,"observacao":"-","fonte":"PDDU","ano":"2000","vaf_2018":null,"vaf_2019":null,"vaf_2020":null,"vaf_2021":null,"vaf_2022":null,"bairro_dado_vinculado":"-","regiao_planejamento":"Centro","shape.STArea()":3.1371297396116009e-05,"shape.STLength()":0.026792081073140392}},{"type":"Feature","id":57,"geometry":{"type":"Polygon","coordinates":[[[-43.330336910999961,-21.770376728349405],[-43.330408541999937,-21.770558092349418],[-43.330479597999954,-21.770789126349381],[-43.330501626999933,-21.770974505349393],[-43.330509337999949,-21.771019600349408],[-43.330524834999949,-21.771110220349385],[-43.330523527999958,-21.771223108349378],[-43.33047209599993,-21.771385165349393],[-43.330346210999949,-21.771609694349351],[-43.330221137999956,-21.771816168349382],[-43.330095773999972,-21.771995542349348],[-43.329922456999952,-21.772088628349344],[-43.329625476999986,-21.772266269349334],[-43.329451687999949,-21.77239999434935],[-43.329302017999964,-21.77253847734934],[-43.329176390999969,-21.772740429349323],[-43.32907522499994,-21.772969722349345],[-43.329048647999961,-21.773177190349319],[-43.32906941799996,-21.773470941349327],[-43.329139688999931,-21.77376970934932],[-43.329284205999954,-21.774024066349334],[-43.329379433999975,-21.774255345349314],[-43.329499256999952,-21.774554612349306],[-43.329595581999968,-21.774691066349266],[-43.329692512999941,-21.774827526349302],[-43.329885455999943,-21.775127532349263],[-43.330005722999942,-21.775336483349307],[-43.330077616999972,-21.775495270349285],[-43.330247696999955,-21.775682145349272],[-43.330368486999937,-21.77584594134925],[-43.330415947999938,-21.776027062349268],[-43.330412416999934,-21.776279923349236],[-43.330361115999949,-21.776482626349253],[-43.330309418999946,-21.776667260349249],[-43.330209350999944,-21.776801729349227],[-43.330134580999982,-21.776891294349213],[-43.329985509999972,-21.777029784349256],[-43.329812499999946,-21.777095777349224],[-43.325619631999977,-21.778010753349246],[-43.324830125999945,-21.778183393349195],[-43.323558954999953,-21.777574393349212],[-43.323412869999963,-21.777455496349226],[-43.323291166999987,-21.777318781349233],[-43.32316928299997,-21.777249804349214],[-43.322974434999935,-21.777062672349221],[-43.322805176999964,-21.776857735349243],[-43.322609803999967,-21.776715756349269],[-43.322488444999976,-21.77660162534924],[-43.322365694999974,-21.776555219349277],[-43.322145098999954,-21.776503304349248],[-43.321899413999972,-21.776478231349238],[-43.321727714999952,-21.776431327349243],[-43.321705119999933,-21.776295618349241],[-43.321656671999961,-21.776200290349266],[-43.321560614999946,-21.776041255349249],[-43.321414218999969,-21.775949448349252],[-43.321267612999968,-21.775875704349296],[-43.321096176999951,-21.77580622334926],[-43.320901017999972,-21.77564618034928],[-43.320829449999962,-21.775460297349259],[-43.320781552999961,-21.775369492349302],[-43.320663666999963,-21.774957337349321],[-43.321166568999956,-21.774068278349294],[-43.317381917999974,-21.773772389349347],[-43.317211091999987,-21.773702910349293],[-43.317039660999967,-21.773633426349303],[-43.31691770499998,-21.773519284349334],[-43.316749039999934,-21.773264671349363],[-43.316652965999943,-21.773055957349307],[-43.316533512999968,-21.772779266349364],[-43.316536147999955,-21.772553492349367],[-43.31653936299994,-21.772278050349339],[-43.316591336999977,-21.772070844349386],[-43.316643258999939,-21.771868153349352],[-43.316793388999933,-21.771639366349387],[-43.31691903199993,-21.771437425349397],[-43.317093409999984,-21.771254045349394],[-43.317315098999984,-21.771211140349404],[-43.317561827999953,-21.771145912349372],[-43.31788254099996,-21.771058855349398],[-43.318105097999933,-21.77099337834937],[-43.31835130099995,-21.770973304349351],[-43.318400246999936,-21.770973802349381],[-43.318067102999976,-21.770053665349426],[-43.31821427999995,-21.7700777423494],[-43.318436046999985,-21.77007999834942],[-43.31853393899997,-21.770080994349392],[-43.31870641699993,-21.770060168349435],[-43.31885472699998,-21.770039096349389],[-43.319002693999948,-21.769995439349398],[-43.319297839999933,-21.769975860349437],[-43.319619337999946,-21.769821068349387],[-43.319743711999941,-21.769727496349425],[-43.319991751999964,-21.769549377349435],[-43.320239791999938,-21.769371256349395],[-43.320413637999941,-21.769233026349397],[-43.320538745999954,-21.769076237349438],[-43.320613254999955,-21.769009253349452],[-43.320663645999957,-21.76893751034941],[-43.320762402999947,-21.768915933349422],[-43.320811086999981,-21.768939008349431],[-43.320981934999963,-21.769058158349427],[-43.321103811999933,-21.769127136349425],[-43.32129975099997,-21.769219444349439],[-43.321421312999973,-21.769315515349419],[-43.321616386999949,-21.769430396349421],[-43.321812326999968,-21.769522704349399],[-43.322008213999936,-21.769619528349427],[-43.322252759999969,-21.769689751349443],[-43.322424974999926,-21.769691498349442],[-43.322646740999971,-21.769693747349422],[-43.322770195999958,-21.769627260349456],[-43.322869215999958,-21.769583104349444],[-43.322748438999952,-21.769419303349402],[-43.321920198999976,-21.76876962734946],[-43.320980937999934,-21.767274327349451],[-43.320888145999959,-21.767146937349462],[-43.320841906999924,-21.767069695349498],[-43.320697437999968,-21.766865008349484],[-43.320576928999969,-21.766678628349496],[-43.32048053799997,-21.766497010349493],[-43.320387090999937,-21.766062524349486],[-43.320342141999959,-21.765718851349522],[-43.320345005999968,-21.765420823349498],[-43.320348396999975,-21.765077642349503],[-43.320376297999985,-21.764757289349557],[-43.32042813299995,-21.764509436349542],[-43.320456822999972,-21.764121350349562],[-43.320042390999959,-21.76395456534954],[-43.319993894999982,-21.763863752349558],[-43.319898161999966,-21.763677623349565],[-43.319900527999948,-21.763474427349546],[-43.319902341999978,-21.763266710349583],[-43.319929929999937,-21.762973451349602],[-43.320005985999956,-21.762721326349578],[-43.320107340999989,-21.762424300349579],[-43.320207828999969,-21.762149844349597],[-43.320331197999963,-21.762038197349625],[-43.320479077999948,-21.761949378349566],[-43.320700149999936,-21.761906463349582],[-43.320946229999947,-21.761791546349635],[-43.321069073999986,-21.761725053349611],[-43.321191127999953,-21.761726292349639],[-43.321287463999965,-21.761912425349632],[-43.321433504999959,-21.761981648349593],[-43.321677170999976,-21.762074441349618],[-43.321896141999957,-21.762212143349576],[-43.322090548999938,-21.762331532349592],[-43.322261363999985,-21.762401005349584],[-43.322407405999968,-21.762470226349571],[-43.322773207999944,-21.762609416349598],[-43.323016822999925,-21.762706723349563],[-43.32328552499996,-21.762777188349588],[-43.323651853999941,-21.762871221349574],[-43.32396923899995,-21.762964758349565],[-43.32416391199996,-21.763061566349588],[-43.324357849999949,-21.763221592349588],[-43.324478099999965,-21.763430547349589],[-43.325893300999944,-21.763855835349549],[-43.326608980999936,-21.765664968349505],[-43.326971367999924,-21.76615184834953],[-43.328596669999968,-21.765591251349534],[-43.329108335999933,-21.765414763349519],[-43.329423552999977,-21.765560241349498],[-43.32938271799997,-21.765616876349515],[-43.329289062999976,-21.76575553634952],[-43.329253363999946,-21.765861288349484],[-43.329239531999974,-21.765923964349515],[-43.329220159999977,-21.766037674349487],[-43.329153702999974,-21.766386735349496],[-43.329150478999964,-21.766538106349504],[-43.329163662999967,-21.766614233349515],[-43.329192020999983,-21.766790467349487],[-43.329279584999938,-21.767174349349471],[-43.329373342999922,-21.767508386349473],[-43.329408907999955,-21.767647509349473],[-43.329412219999938,-21.767667614349445],[-43.329411998999944,-21.767819294349486],[-43.329402674999983,-21.767875843349454],[-43.329402762999955,-21.767876178349432],[-43.329430278999958,-21.767980513349428],[-43.329515916999981,-21.768093382349452],[-43.329657306999941,-21.768209962349445],[-43.329941776999931,-21.768197398349464],[-43.32999551599994,-21.768195025349442],[-43.330058029999968,-21.768412585349445],[-43.330183093999949,-21.768827033349453],[-43.330161644999976,-21.769280468349439],[-43.330217146999985,-21.769560132349426],[-43.330245839999968,-21.769704726349431],[-43.330282753999946,-21.770015095349407],[-43.330296752999963,-21.770046672349423],[-43.330302536999966,-21.770059720349391],[-43.330310656999984,-21.770078037349396],[-43.330316499999988,-21.7700912173494],[-43.330320569999969,-21.770100398349388],[-43.330289533999974,-21.770240769349375],[-43.330336910999961,-21.770376728349405]]]},"properties":{"OBJECTID":57,"nro":81,"nome":"Nossa Senhora de Lourdes","qtd_contrib_oficina_1_centro":null,"qtd_contrib_oficina_2_oeste":null,"qtd_contrib_oficina_3_leste":null,"qtd_contrib_oficina_4_nordeste":null,"qtd_contrib_oficina_5_vilas_nu":null,"qtd_contrib_oficina_6_n_co":null,"qtd_contrib_oficina_7_sudeste":7,"qtd_contrib_oficina_8_sul":null,"qtd_inscricoes_vaf":null,"observacao":"-","fonte":"PDDU","ano":"2000","vaf_2018":null,"vaf_2019":null,"vaf_2020":null,"vaf_2021":null,"vaf_2022":null,"bairro_dado_vinculado":"-","regiao_planejamento":"Sudeste","shape.STArea()":0.00013531709003675854,"shape.STLength()":0.059903566205112863}},{"type":"Feature","id":58,"geometry":{"type":"Polygon","coordinates":[[[-43.331244476999977,-21.764799574349514],[-43.331465027999968,-21.764801800349552],[-43.331734180999945,-21.764781935349536],[-43.331955565999969,-21.764711911349522],[-43.332105936999945,-21.764667280349535],[-43.332176295999943,-21.764646398349541],[-43.332249670999943,-21.764624558349553],[-43.332543595999944,-21.764604941349539],[-43.332814134999978,-21.764517348349546],[-43.333011216999978,-21.764406434349553],[-43.333207744999982,-21.764290998349562],[-43.333453247999955,-21.764225732349523],[-43.333650065999961,-21.764137395349554],[-43.333797940999951,-21.764048564349533],[-43.333872493999934,-21.763977059349546],[-43.334045058999941,-21.76384331734954],[-43.334291602999947,-21.763687739349574],[-43.334465000999955,-21.763481748349559],[-43.334662256999934,-21.763303093349595],[-43.334786794999957,-21.763141770349552],[-43.334959357999935,-21.763008027349567],[-43.335058286999981,-21.762918702349587],[-43.335181958999961,-21.762779951349589],[-43.33533061299994,-21.762623386349599],[-43.335478452999951,-21.7624848763496],[-43.335651620999954,-21.762351138349619],[-43.335873386999936,-21.762195309349625],[-43.33607051499996,-21.76207987534961],[-43.336217864999981,-21.762036197349619],[-43.336463798999944,-21.761880610349632],[-43.336660924999926,-21.761765176349623],[-43.336784365999961,-21.76169867734961],[-43.336906682999945,-21.761677326349627],[-43.33694991599998,-21.761596473349584],[-43.337058386999956,-21.761570467349607],[-43.337186193999969,-21.761544656349603],[-43.337304643999971,-21.761491655349637],[-43.337452649999932,-21.761443465349604],[-43.337580663999972,-21.761399593349612],[-43.337767392999979,-21.761347276349632],[-43.337896011999931,-21.761303408349598],[-43.338190846999957,-21.761256695349644],[-43.33844706299994,-21.761205077349597],[-43.338624018999951,-21.7611616943496],[-43.338801527999976,-21.761122833349599],[-43.338968297999941,-21.761124508349621],[-43.339154694999934,-21.761153475349605],[-43.33944396499993,-21.761747980349575],[-43.340492848999922,-21.761975278349599],[-43.341199169999982,-21.762090749349614],[-43.341273375999947,-21.762574708349607],[-43.341339490999985,-21.762868914349578],[-43.341189474999972,-21.763197080349549],[-43.342963552999947,-21.763634856349551],[-43.342489161999943,-21.765002980349525],[-43.342429459999941,-21.76509721734951],[-43.34227108999994,-21.765258208349525],[-43.342190928999962,-21.765397401349524],[-43.34218966599996,-21.765559967349496],[-43.342168772999962,-21.76569523734954],[-43.342156873999954,-21.76588930834949],[-43.342184130999954,-21.766146995349526],[-43.341986811999952,-21.766226306349502],[-43.341720641999984,-21.766354602349505],[-43.341473650999951,-21.766496638349508],[-43.341315746999953,-21.766616987349483],[-43.341117493999946,-21.766777576349494],[-43.341018512999938,-21.766871420349485],[-43.340810797999936,-21.767013850349478],[-43.340672487999939,-21.767111814349484],[-43.340573195999973,-21.767232750349457],[-43.340503478999942,-21.767304308349466],[-43.340375043999977,-21.767384308349488],[-43.339788029999966,-21.768295169349422],[-43.339739083999973,-21.768294679349431],[-43.339616073999935,-21.768270863349425],[-43.339444410999931,-21.76827365534945],[-43.339198817999943,-21.768293769349452],[-43.338929262999962,-21.768295578349477],[-43.33873235599998,-21.76833876034944],[-43.338438026999938,-21.768340318349441],[-43.338193357999955,-21.768175283349432],[-43.338071388999929,-21.768061155349432],[-43.337900825999945,-21.767811060349484],[-43.337525290999963,-21.767360198349458],[-43.337302469999941,-21.767082479349469],[-43.337359118999984,-21.767358527349447],[-43.337424505999934,-21.767557890349487],[-43.337510231999943,-21.767775521349471],[-43.337629618999983,-21.768061231349481],[-43.337702153999949,-21.768269698349467],[-43.337726056999934,-21.768450579349476],[-43.337748774999973,-21.768839186349449],[-43.337698468999967,-21.769114158349453],[-43.337574440999958,-21.769388389349434],[-43.337450588999957,-21.769594882349441],[-43.337302044999944,-21.769846285349406],[-43.337056357999977,-21.769979295349422],[-43.336761055999943,-21.77001245334943],[-43.336637782999958,-21.77001121334942],[-43.336367673999973,-21.770008496349391],[-43.336195716999953,-21.769984185349376],[-43.336135028999934,-21.769974264349433],[-43.336048534999975,-21.769960124349407],[-43.335877358999937,-21.769868081349422],[-43.335846065999931,-21.769862012349421],[-43.33584713799997,-21.769858063349407],[-43.335852909999971,-21.769836783349401],[-43.335842376999942,-21.769822234349391],[-43.335840171999962,-21.769819188349437],[-43.335830118999972,-21.769805304349429],[-43.335829688999979,-21.769804711349394],[-43.335826939999947,-21.769800912349439],[-43.335755753999933,-21.769794059349444],[-43.33574890199997,-21.769793400349421],[-43.335747634999954,-21.7697932783494],[-43.335739757999931,-21.769792519349416],[-43.335736893999979,-21.769792244349425],[-43.335725508999985,-21.769791147349423],[-43.335728432999986,-21.769775070349432],[-43.335728556999982,-21.769774381349439],[-43.335729055999934,-21.769771636349418],[-43.335709287999975,-21.769768697349406],[-43.335629193999978,-21.769756787349387],[-43.335544628999969,-21.769744213349412],[-43.335506453999983,-21.769738537349426],[-43.335473041999933,-21.76973356934943],[-43.33546686699998,-21.769732651349415],[-43.335465732999978,-21.769739918349416],[-43.335456799999974,-21.769741552349423],[-43.335426937999955,-21.769747012349434],[-43.335370697999963,-21.769757297349408],[-43.335365406999991,-21.769758264349413],[-43.335356478999991,-21.769759896349434],[-43.335355730999943,-21.769760033349403],[-43.335265085999936,-21.7697766103494],[-43.33525943199993,-21.769777643349389],[-43.335244589999945,-21.76978035734939],[-43.335191015999953,-21.769790154349415],[-43.335179561999951,-21.769792249349429],[-43.335158713999938,-21.769796061349421],[-43.335089478999969,-21.769808722349442],[-43.335087280999979,-21.769809125349397],[-43.335073430999955,-21.76981165734945],[-43.335032545999979,-21.76981913434944],[-43.335008761999973,-21.769823482349434],[-43.334995461999938,-21.769825914349422],[-43.334957734999925,-21.769832813349442],[-43.334921872999985,-21.769839370349391],[-43.334918248999934,-21.769840033349428],[-43.334906160999928,-21.769842244349402],[-43.334902632999949,-21.769842889349409],[-43.334894869999978,-21.769844308349413],[-43.334857556999964,-21.76985113234943],[-43.334845699999953,-21.769853300349425],[-43.334838373999958,-21.769854639349397],[-43.334824664999985,-21.76985714634943],[-43.334778949999929,-21.769865506349422],[-43.334762794999961,-21.769868461349422],[-43.334758566999938,-21.76986923434939],[-43.334748753999968,-21.76987102834941],[-43.334742434999953,-21.769872184349399],[-43.334691821999968,-21.769881439349398],[-43.334648218999973,-21.769889412349386],[-43.33463323999996,-21.769892151349417],[-43.334531468999963,-21.769910761349397],[-43.334500921999961,-21.76992340534942],[-43.334491451999952,-21.769927324349425],[-43.334484452999959,-21.769930222349409],[-43.33448311899997,-21.76993228334938],[-43.334419708999974,-21.770030369349431],[-43.33438888999995,-21.770071366349413],[-43.334350507999943,-21.770079016349406],[-43.334339644999943,-21.770081506349388],[-43.334315825999973,-21.770086253349437],[-43.334295837999946,-21.770091544349405],[-43.334281261999934,-21.77009488434939],[-43.334220114999937,-21.770111069349376],[-43.334124204999966,-21.77013645534938],[-43.334066340999982,-21.770145067349425],[-43.334050074999936,-21.770147488349401],[-43.334016227999939,-21.770188501349384],[-43.33401581399994,-21.770189002349376],[-43.334001545999968,-21.770206292349393],[-43.333998611999959,-21.770209847349435],[-43.333998178999934,-21.770210371349403],[-43.333916149999936,-21.770202028349413],[-43.333912317999932,-21.770200013349406],[-43.333844504999945,-21.770164365349412],[-43.33386928799996,-21.770127847349404],[-43.333849952999962,-21.770115915349397],[-43.333849179999959,-21.770115438349396],[-43.333799792999962,-21.77008557734942],[-43.333728773999951,-21.770042636349423],[-43.333690100999938,-21.770016204349385],[-43.333699481999979,-21.770004905349396],[-43.333697184999949,-21.770003197349379],[-43.333669123999982,-21.769982331349379],[-43.333594676999951,-21.769944621349431],[-43.333543396999971,-21.769915776349396],[-43.333555721999971,-21.769898002349436],[-43.333554193999937,-21.769897131349438],[-43.333555202999946,-21.769895750349438],[-43.333596213999954,-21.76983961234939],[-43.33374957299997,-21.769618460349399],[-43.333751430999932,-21.769615779349451],[-43.333680038999951,-21.769578837349449],[-43.333673371999971,-21.769575388349427],[-43.333668991999957,-21.769573121349403],[-43.333591599999977,-21.769533075349429],[-43.333589422999978,-21.769531948349407],[-43.33357979799996,-21.7695271383494],[-43.333577324999965,-21.769525903349447],[-43.333546619999936,-21.769510560349406],[-43.333533152999962,-21.769503831349411],[-43.333527443999962,-21.769500978349399],[-43.333476256999973,-21.769475401349425],[-43.333480469999976,-21.769446803349453],[-43.33341230499996,-21.769468501349408],[-43.333394273999943,-21.76944721434943],[-43.333372738999969,-21.769428986349439],[-43.333348287999961,-21.769414315349401],[-43.333321585999954,-21.769403600349449],[-43.333318132999977,-21.769402556349448],[-43.333295164999981,-21.769397409349423],[-43.333271665999973,-21.769395180349409],[-43.33324805899997,-21.769395908349441],[-43.333224767999987,-21.769399581349422],[-43.33316876199995,-21.769420172349427],[-43.332931040999938,-21.769503110349419],[-43.332927533999964,-21.769504334349428],[-43.332906529999953,-21.769511663349398],[-43.332817308999942,-21.769542791349441],[-43.332585341999959,-21.769594984349435],[-43.332447633999948,-21.769625968349406],[-43.332361729999946,-21.769614885349412],[-43.33229524199993,-21.76960630634942],[-43.33229258199998,-21.769605509349425],[-43.332289814999967,-21.769605152349385],[-43.332287023999989,-21.769605246349428],[-43.332208652999952,-21.769590338349392],[-43.332138044999965,-21.769572400349421],[-43.332068758999988,-21.769550425349429],[-43.332001055999967,-21.769524496349426],[-43.331837640999943,-21.76944525334941],[-43.331811281999933,-21.769432470349429],[-43.331783016999964,-21.769418764349417],[-43.331781726999971,-21.769418138349444],[-43.331733945999986,-21.769394678349425],[-43.331683543999929,-21.769376621349444],[-43.331631222999938,-21.769364219349409],[-43.33157770399999,-21.769357645349416],[-43.331523727999972,-21.769356988349426],[-43.331497740999971,-21.769358794349433],[-43.331465609999952,-21.769362962349401],[-43.331433873999977,-21.769369242349441],[-43.331428158999984,-21.76937060834943],[-43.331403869999974,-21.769377244349389],[-43.331401759999956,-21.769377889349403],[-43.331400405999943,-21.769378303349399],[-43.331398027999967,-21.7693790493494],[-43.33139684799994,-21.769379421349402],[-43.331394307999979,-21.769380238349395],[-43.331390596999938,-21.769381458349407],[-43.331389757999936,-21.769381736349413],[-43.331386897999955,-21.769382706349447],[-43.331386229999971,-21.769382934349412],[-43.331383200999937,-21.769383989349414],[-43.331377704999966,-21.769385960349418],[-43.331375873999946,-21.76938663234942],[-43.331372222999953,-21.76938799634944],[-43.331368553999937,-21.769389405349429],[-43.331354975999943,-21.769395137349402],[-43.331343248999985,-21.769400087349414],[-43.33130220299995,-21.769424148349437],[-43.33126240799993,-21.769449977349428],[-43.331204850999939,-21.769492227349406],[-43.331186014999957,-21.769507456349444],[-43.331136595999965,-21.769551193349436],[-43.33113383999995,-21.769553817349426],[-43.331132424999971,-21.76955516234942],[-43.331118013999976,-21.769569223349418],[-43.331107905999936,-21.769579430349424],[-43.331103907999932,-21.769583550349441],[-43.331095986999969,-21.769591857349418],[-43.331076635999985,-21.769612987349419],[-43.331073000999943,-21.76961878334939],[-43.331036815999937,-21.769641944349395],[-43.331025275999934,-21.769649331349434],[-43.330882861999953,-21.769740488349417],[-43.330519104999951,-21.769973321349394],[-43.330373805999955,-21.770066324349404],[-43.330320569999969,-21.770100398349388],[-43.330316499999988,-21.7700912173494],[-43.330310656999984,-21.770078037349396],[-43.330302536999966,-21.770059720349391],[-43.330296752999963,-21.770046672349423],[-43.330282753999946,-21.770015095349407],[-43.330245839999968,-21.769704726349431],[-43.330217146999985,-21.769560132349426],[-43.330161644999976,-21.769280468349439],[-43.330183093999949,-21.768827033349453],[-43.330058029999968,-21.768412585349445],[-43.32999551599994,-21.768195025349442],[-43.329941776999931,-21.768197398349464],[-43.329657306999941,-21.768209962349445],[-43.329515916999981,-21.768093382349452],[-43.329430278999958,-21.767980513349428],[-43.329402762999955,-21.767876178349432],[-43.329402674999983,-21.767875843349454],[-43.329411998999944,-21.767819294349486],[-43.329412219999938,-21.767667614349445],[-43.329408907999955,-21.767647509349473],[-43.329373342999922,-21.767508386349473],[-43.329279584999938,-21.767174349349471],[-43.329192020999983,-21.766790467349487],[-43.329163662999967,-21.766614233349515],[-43.329150478999964,-21.766538106349504],[-43.329153702999974,-21.766386735349496],[-43.329184263999942,-21.766226216349484],[-43.329220159999977,-21.766037674349487],[-43.329234907999933,-21.765951106349533],[-43.329239531999974,-21.765923964349515],[-43.329253363999946,-21.765861288349484],[-43.329289062999976,-21.76575553634952],[-43.32938271799997,-21.765616876349515],[-43.329423552999977,-21.765560241349498],[-43.329450081999937,-21.765523446349526],[-43.329572686999938,-21.765391668349498],[-43.329725891999935,-21.765264492349534],[-43.329829362999924,-21.765196884349528],[-43.330021663999958,-21.765095212349514],[-43.330162903999963,-21.765048117349547],[-43.330334094999962,-21.765004738349521],[-43.330335760999958,-21.76500429234952],[-43.330336914999975,-21.765003999349545],[-43.330545016999963,-21.764948162349505],[-43.330605829999968,-21.764935415349523],[-43.330948980999949,-21.764863492349519],[-43.331113982999966,-21.764828907349553],[-43.331241574999979,-21.764799545349522],[-43.331244476999977,-21.764799574349514]]]},"properties":{"OBJECTID":58,"nro":82,"nome":"Poço Rico","qtd_contrib_oficina_1_centro":3,"qtd_contrib_oficina_2_oeste":null,"qtd_contrib_oficina_3_leste":null,"qtd_contrib_oficina_4_nordeste":null,"qtd_contrib_oficina_5_vilas_nu":null,"qtd_contrib_oficina_6_n_co":null,"qtd_contrib_oficina_7_sudeste":5,"qtd_contrib_oficina_8_sul":null,"qtd_inscricoes_vaf":6,"observacao":"-","fonte":"PDDU","ano":"2000","vaf_2018":163717715,"vaf_2019":243898054,"vaf_2020":137685864,"vaf_2021":126244260,"vaf_2022":140163465,"bairro_dado_vinculado":"-","regiao_planejamento":"Centro","shape.STArea()":7.5311577495842025e-05,"shape.STLength()":0.042012868095599523}},{"type":"Feature","id":59,"geometry":{"type":"Polygon","coordinates":[[[-43.331244476999977,-21.764799574349514],[-43.331241574999979,-21.764799545349522],[-43.331113982999966,-21.764828907349553],[-43.330948980999949,-21.764863492349519],[-43.330605829999968,-21.764935415349523],[-43.330545016999963,-21.764948162349505],[-43.330336914999975,-21.765003999349545],[-43.330335760999958,-21.76500429234952],[-43.330334094999962,-21.765004738349521],[-43.330162903999963,-21.765048117349547],[-43.330021663999958,-21.765095212349514],[-43.329829362999924,-21.765196884349528],[-43.329725891999935,-21.765264492349534],[-43.329572686999938,-21.765391668349498],[-43.329450081999937,-21.765523446349526],[-43.329423552999977,-21.765560241349498],[-43.329108335999933,-21.765414763349519],[-43.326971367999924,-21.76615184834953],[-43.326608980999936,-21.765664968349505],[-43.325893300999944,-21.763855835349549],[-43.324478099999965,-21.763430547349589],[-43.324357849999949,-21.763221592349588],[-43.32416391199996,-21.763061566349588],[-43.32396923899995,-21.762964758349565],[-43.323651853999941,-21.762871221349574],[-43.32328552499996,-21.762777188349588],[-43.323016822999925,-21.762706723349563],[-43.322773207999944,-21.762609416349598],[-43.322407405999968,-21.762470226349571],[-43.322727334999975,-21.762292831349598],[-43.322998449999943,-21.76215558334961],[-43.32309764799993,-21.762043689349579],[-43.323221854999986,-21.761859792349568],[-43.323345482999969,-21.761725565349597],[-43.323470999999977,-21.76142878134959],[-43.323668869999949,-21.761250145349617],[-43.323817506999944,-21.761043916349603],[-43.32394192199996,-21.76084195634964],[-43.324043267999969,-21.760544927349624],[-43.324143222999965,-21.760315623349616],[-43.324230202999956,-21.76021489434962],[-43.324317181999952,-21.760114164349641],[-43.324439235999932,-21.760115401349633],[-43.324683685999965,-21.76014045734966],[-43.32509973699996,-21.760167250349618],[-43.325662353999974,-21.760218108349619],[-43.326005132999967,-21.760153836349655],[-43.32617309699998,-21.760521334349647],[-43.326586793999979,-21.760751320349605],[-43.327074858999929,-21.760873674349643],[-43.330581645999985,-21.760245251349634],[-43.331221439999979,-21.760993148349613],[-43.331613659999967,-21.761689944349598],[-43.331877160999966,-21.762319455349573],[-43.332109414999927,-21.762596734349572],[-43.33244482099996,-21.763116996349556],[-43.332770232999962,-21.763483192349572],[-43.333046402999969,-21.764035848349582],[-43.333207744999982,-21.764290998349562],[-43.333011216999978,-21.764406434349553],[-43.332814134999978,-21.764517348349546],[-43.332543595999944,-21.764604941349539],[-43.332249670999943,-21.764624558349553],[-43.332176295999943,-21.764646398349541],[-43.331955565999969,-21.764711911349522],[-43.331734180999945,-21.764781935349536],[-43.331465027999968,-21.764801800349552],[-43.331244476999977,-21.764799574349514]]]},"properties":{"OBJECTID":59,"nro":83,"nome":"Jk - Jardim da Lua","qtd_contrib_oficina_1_centro":null,"qtd_contrib_oficina_2_oeste":null,"qtd_contrib_oficina_3_leste":null,"qtd_contrib_oficina_4_nordeste":null,"qtd_contrib_oficina_5_vilas_nu":null,"qtd_contrib_oficina_6_n_co":null,"qtd_contrib_oficina_7_sudeste":4,"qtd_contrib_oficina_8_sul":null,"qtd_inscricoes_vaf":null,"observacao":"-","fonte":"PDDU","ano":"2000","vaf_2018":null,"vaf_2019":null,"vaf_2020":null,"vaf_2021":null,"vaf_2022":null,"bairro_dado_vinculado":"-","regiao_planejamento":"Sudeste","shape.STArea()":3.7296169634420013e-05,"shape.STLength()":0.027707637409058336}},{"type":"Feature","id":60,"geometry":{"type":"Polygon","coordinates":[[[-43.322066013999972,-21.760023603349659],[-43.32192231099998,-21.759701508349668],[-43.321899689999952,-21.759516122349673],[-43.321902051999984,-21.759312926349651],[-43.321953067999971,-21.759083127349641],[-43.321980123999943,-21.758835021349686],[-43.321983062999948,-21.758582154349668],[-43.321984952999969,-21.758419597349661],[-43.321961490999968,-21.75830646034969],[-43.321938555999964,-21.758148166349674],[-43.321892998999942,-21.757804488349713],[-43.32184647299993,-21.75759627934972],[-43.321751974999984,-21.757252103349728],[-43.321584629999961,-21.75688460934969],[-43.321464074999938,-21.756702746349728],[-43.321319141999929,-21.756538699349736],[-43.321125136999974,-21.756333509349719],[-43.320981254999936,-21.756079153349759],[-43.320934071999943,-21.755875454349763],[-43.321034370999939,-21.755668735349765],[-43.321135375999972,-21.755349123349763],[-43.321235882999986,-21.755124343349777],[-43.321286370999985,-21.754939699349777],[-43.321290099999942,-21.754619100349768],[-43.321366620999989,-21.754326336349784],[-43.32146612799994,-21.754187349349763],[-43.321589752999955,-21.75405312334977],[-43.321737858999938,-21.753892049349766],[-43.32724507599994,-21.753902663349798],[-43.327986264999936,-21.753246301349829],[-43.328893529999959,-21.753119987349848],[-43.33208448999995,-21.754592423349767],[-43.33196344299995,-21.75485306134976],[-43.331818252999938,-21.755192518349741],[-43.331612935999942,-21.755641342349776],[-43.331396990999963,-21.755991082349755],[-43.331333305999976,-21.75640834334974],[-43.331138993999957,-21.756923263349726],[-43.33102784099998,-21.757373037349716],[-43.33093023899994,-21.75766898234972],[-43.330924517999961,-21.758163810349714],[-43.330696794999938,-21.758513430349712],[-43.330772962999966,-21.759053073349655],[-43.330686495999949,-21.75940411934965],[-43.330575718999967,-21.759820903349684],[-43.330581645999985,-21.760245251349634],[-43.327074858999929,-21.760873674349643],[-43.326586793999979,-21.760751320349605],[-43.32617309699998,-21.760521334349647],[-43.326005132999967,-21.760153836349655],[-43.325662353999974,-21.760218108349619],[-43.32509973699996,-21.760167250349618],[-43.324683685999965,-21.76014045734966],[-43.324439235999932,-21.760115401349633],[-43.324317181999952,-21.760114164349641],[-43.324230202999956,-21.76021489434962],[-43.324143222999965,-21.760315623349616],[-43.324043267999969,-21.760544927349624],[-43.32394192199996,-21.76084195634964],[-43.323817506999944,-21.761043916349603],[-43.323668869999949,-21.761250145349617],[-43.323470999999977,-21.76142878134959],[-43.323345482999969,-21.761725565349597],[-43.323221854999986,-21.761859792349568],[-43.32309764799993,-21.762043689349579],[-43.322998449999943,-21.76215558334961],[-43.322727334999975,-21.762292831349598],[-43.322407405999968,-21.762470226349571],[-43.322261363999985,-21.762401005349584],[-43.322090548999938,-21.762331532349592],[-43.321896141999957,-21.762212143349576],[-43.321677170999976,-21.762074441349618],[-43.321433504999959,-21.761981648349593],[-43.321287463999965,-21.761912425349632],[-43.321191127999953,-21.761726292349639],[-43.321414036999954,-21.761525334349589],[-43.321561363999933,-21.761431993349621],[-43.321708979999983,-21.761365751349629],[-43.321857121999976,-21.76125435434961],[-43.322006363999947,-21.761048131349593],[-43.322081050999934,-21.760913409349619],[-43.322157102999938,-21.760661284349659],[-43.322160513999961,-21.760367778349657],[-43.322138154999948,-21.760159815349635],[-43.322066013999972,-21.760023603349659]]]},"properties":{"OBJECTID":60,"nro":85,"nome":"Jardim do Sol","qtd_contrib_oficina_1_centro":null,"qtd_contrib_oficina_2_oeste":null,"qtd_contrib_oficina_3_leste":null,"qtd_contrib_oficina_4_nordeste":null,"qtd_contrib_oficina_5_vilas_nu":null,"qtd_contrib_oficina_6_n_co":null,"qtd_contrib_oficina_7_sudeste":null,"qtd_contrib_oficina_8_sul":null,"qtd_inscricoes_vaf":null,"observacao":"-","fonte":"PDDU","ano":"2000","vaf_2018":null,"vaf_2019":null,"vaf_2020":null,"vaf_2021":null,"vaf_2022":null,"bairro_dado_vinculado":"-","regiao_planejamento":"Leste","shape.STArea()":6.7320123663883522e-05,"shape.STLength()":0.036959401035474578}},{"type":"Feature","id":61,"geometry":{"type":"Polygon","coordinates":[[[-43.343408907999951,-21.755686565349748],[-43.343587911999983,-21.755852015349742],[-43.343749736999939,-21.756001585349754],[-43.343600424999977,-21.75621686034971],[-43.343401186999984,-21.756517439349757],[-43.343292029999937,-21.756656344349722],[-43.343102871999974,-21.756920897349744],[-43.342913765999981,-21.757180933349719],[-43.342735190999974,-21.757418494349714],[-43.342654308999954,-21.757620906349679],[-43.34258347399998,-21.757895675349719],[-43.342542210999959,-21.758121064349695],[-43.341937057999985,-21.759826579349674],[-43.34172878499993,-21.760018680349653],[-43.34159017099995,-21.760143740349662],[-43.341412229999946,-21.760272921349632],[-43.341155790999956,-21.76039679834966],[-43.340948552999976,-21.760498589349616],[-43.340711343999942,-21.760631690349637],[-43.340474686999983,-21.76076931434962],[-43.340247456999975,-21.760875418349606],[-43.339813922999952,-21.761002032349616],[-43.339686116999978,-21.761027845349606],[-43.33944958099994,-21.76110224334964],[-43.339321880999933,-21.761119026349622],[-43.339154694999934,-21.761153475349605],[-43.338628632999992,-21.760235953349621],[-43.339045897999938,-21.760262724349655],[-43.338827053999978,-21.760007628349669],[-43.338633680999976,-21.759639887349675],[-43.338463813999965,-21.759434959349665],[-43.338340811999949,-21.75941114334967],[-43.338095493999951,-21.759408679349683],[-43.337948322999978,-21.759384620349682],[-43.337849831999961,-21.759383630349639],[-43.337836097999975,-21.75939226134966],[-43.337858756999928,-21.759356937349644],[-43.337826933999963,-21.759310232349659],[-43.338013022999974,-21.759172558349693],[-43.338017147999949,-21.759169506349686],[-43.338021607999956,-21.759166207349672],[-43.338020721999953,-21.759163394349692],[-43.338019040999939,-21.759158062349687],[-43.338018233999946,-21.759155503349689],[-43.338007775999984,-21.759122325349665],[-43.337989192999942,-21.759063376349676],[-43.337972492999938,-21.759010402349649],[-43.337964635999974,-21.758986610349666],[-43.33799977499995,-21.758975013349641],[-43.33803556099997,-21.758963202349666],[-43.338040314999944,-21.758952957349674],[-43.338046771999977,-21.758943562349664],[-43.338054763999942,-21.758935260349698],[-43.338064081999953,-21.758928268349678],[-43.338093689999937,-21.758913272349691],[-43.33812480399996,-21.758901228349668],[-43.338157088999935,-21.758892265349694],[-43.338192346999968,-21.758884404349669],[-43.338285852999945,-21.758835583349665],[-43.338313864999968,-21.758820958349649],[-43.338352820999944,-21.758899978349689],[-43.338376850999964,-21.758948727349676],[-43.338395795999929,-21.758987155349654],[-43.338418018999967,-21.759032234349664],[-43.338445090999983,-21.759027258349647],[-43.338451306999957,-21.759072588349689],[-43.338460179999963,-21.759137290349656],[-43.338467732999959,-21.759192382349681],[-43.338471398999964,-21.759219105349636],[-43.338482742999929,-21.759237807349681],[-43.338489324999955,-21.759248656349651],[-43.338515682999969,-21.759256870349645],[-43.33853923099997,-21.759264209349677],[-43.338588080999955,-21.759273542349664],[-43.338612066999985,-21.759278123349656],[-43.33875422899996,-21.759326515349642],[-43.338732634999978,-21.759401644349676],[-43.338699238999936,-21.759517826349668],[-43.33874085399998,-21.759529273349635],[-43.338901329999935,-21.759503062349662],[-43.338907562999964,-21.759674359349667],[-43.339043896999954,-21.75965273234964],[-43.339124272999982,-21.759638633349635],[-43.339195020999966,-21.759625459349639],[-43.339229065999973,-21.759620834349668],[-43.33932707699995,-21.759604374349678],[-43.339488857999982,-21.759577202349629],[-43.339607982999958,-21.759557830349642],[-43.339613707999945,-21.75955706634965],[-43.339722653999956,-21.759542526349644],[-43.339841698999976,-21.759530008349646],[-43.339953904999959,-21.759510806349667],[-43.340287270999966,-21.759453755349675],[-43.340287672999978,-21.759453686349666],[-43.34028754499996,-21.759453135349645],[-43.340409410999939,-21.759430258349649],[-43.340457594999975,-21.759421213349629],[-43.340523472999969,-21.759408847349668],[-43.34064100899996,-21.759386782349676],[-43.34076089499996,-21.759366584349653],[-43.340785522999965,-21.75946993634966],[-43.340919645999975,-21.759350040349659],[-43.341000753999936,-21.759420091349682],[-43.341070052999953,-21.759479942349678],[-43.341070823999992,-21.759480596349643],[-43.34109610899997,-21.759455218349654],[-43.341107085999965,-21.759444202349638],[-43.341130042999964,-21.75942099134965],[-43.341173535999985,-21.759377018349653],[-43.341182112999952,-21.759356957349667],[-43.34118825499997,-21.759342591349654],[-43.341207099999963,-21.759298512349687],[-43.341257884999955,-21.759222431349652],[-43.341259039999954,-21.75921875034965],[-43.34126846199996,-21.759188746349643],[-43.341292073999966,-21.759113545349699],[-43.34128663599995,-21.75903813634967],[-43.341281507999952,-21.758967042349639],[-43.341266841999989,-21.758792148349652],[-43.341258789999983,-21.758696125349687],[-43.341239863999938,-21.758470455349674],[-43.341135196999971,-21.758376811349663],[-43.341120118999982,-21.758365403349689],[-43.341061716999945,-21.758321211349671],[-43.340964840999966,-21.758245530349683],[-43.340894904999978,-21.758144172349692],[-43.340874012999961,-21.758111750349681],[-43.340832099999936,-21.758046702349674],[-43.340752889999976,-21.757961165349712],[-43.340953887999937,-21.757904347349694],[-43.340943471999928,-21.757598291349705],[-43.340973711999943,-21.757447161349699],[-43.340998338999952,-21.757324080349733],[-43.340936642999971,-21.757307297349698],[-43.340956349999942,-21.757240220349718],[-43.340972525999973,-21.757185164349707],[-43.34099423199995,-21.757111935349702],[-43.340994415999951,-21.757111309349735],[-43.340998517999935,-21.757091658349726],[-43.341003840999974,-21.757066160349719],[-43.341027546999953,-21.757042467349713],[-43.34106159199996,-21.757005478349697],[-43.341158921999984,-21.756899739349706],[-43.341169643999933,-21.756888091349708],[-43.341183616999956,-21.756872910349728],[-43.341209017999979,-21.756845313349743],[-43.341171126999939,-21.75680869334974],[-43.341297631999964,-21.756706511349709],[-43.341323136999961,-21.756685740349731],[-43.341374605999931,-21.756643672349703],[-43.341374913999971,-21.756643281349739],[-43.341402982999966,-21.756587497349706],[-43.341529693999973,-21.75647968334972],[-43.34158623299993,-21.756578606349706],[-43.341639430999976,-21.756550290349715],[-43.341683375999935,-21.756526622349735],[-43.341694264999944,-21.756520758349733],[-43.34173498399997,-21.756498026349746],[-43.341771454999957,-21.756557784349706],[-43.341818570999969,-21.756532208349725],[-43.341887516999968,-21.756494782349716],[-43.341904898999992,-21.756410645349721],[-43.342064254999961,-21.756325693349712],[-43.342018410999962,-21.756249140349734],[-43.342037037999951,-21.756240262349724],[-43.342074785999948,-21.756222272349721],[-43.342122657999937,-21.75619778934972],[-43.342166002999932,-21.756159661349734],[-43.342208770999946,-21.756119296349727],[-43.342250872999955,-21.756086176349719],[-43.342296105999935,-21.756063234349732],[-43.342345715999954,-21.756031736349726],[-43.342401522999978,-21.755988913349732],[-43.342458658999924,-21.755931598349729],[-43.342509757999949,-21.755894091349742],[-43.342584993999935,-21.755791079349734],[-43.342710886999953,-21.755697963349775],[-43.342955268999958,-21.755473187349743],[-43.343023865999953,-21.755428906349756],[-43.343208319999974,-21.755737949349765],[-43.343248844999941,-21.755720320349742],[-43.343288134999973,-21.755731449349721],[-43.343335881999963,-21.755725675349737],[-43.343359749999934,-21.75572278934974],[-43.343362745999961,-21.755711288349772],[-43.343408907999951,-21.755686565349748]]]},"properties":{"OBJECTID":61,"nro":88,"nome":"Bota n'Água","qtd_contrib_oficina_1_centro":null,"qtd_contrib_oficina_2_oeste":null,"qtd_contrib_oficina_3_leste":null,"qtd_contrib_oficina_4_nordeste":null,"qtd_contrib_oficina_5_vilas_nu":null,"qtd_contrib_oficina_6_n_co":null,"qtd_contrib_oficina_7_sudeste":null,"qtd_contrib_oficina_8_sul":null,"qtd_inscricoes_vaf":null,"observacao":"-","fonte":"PDDU","ano":"2000","vaf_2018":null,"vaf_2019":null,"vaf_2020":null,"vaf_2021":null,"vaf_2022":null,"bairro_dado_vinculado":"-","regiao_planejamento":"Centro","shape.STArea()":9.654776971092002e-06,"shape.STLength()":0.022118501083649936}},{"type":"Feature","id":62,"geometry":{"type":"Polygon","coordinates":[[[-43.343408907999951,-21.755686565349748],[-43.343362745999961,-21.755711288349772],[-43.343359749999934,-21.75572278934974],[-43.343335881999963,-21.755725675349737],[-43.343288134999973,-21.755731449349721],[-43.343248844999941,-21.755720320349742],[-43.343208319999974,-21.755737949349765],[-43.343023865999953,-21.755428906349756],[-43.342955268999958,-21.755473187349743],[-43.342710886999953,-21.755697963349775],[-43.342584993999935,-21.755791079349734],[-43.342509757999949,-21.755894091349742],[-43.342458658999924,-21.755931598349729],[-43.342401522999978,-21.755988913349732],[-43.342345715999954,-21.756031736349726],[-43.342296105999935,-21.756063234349732],[-43.342250872999955,-21.756086176349719],[-43.342208770999946,-21.756119296349727],[-43.342166002999932,-21.756159661349734],[-43.342122657999937,-21.75619778934972],[-43.342074785999948,-21.756222272349721],[-43.342037037999951,-21.756240262349724],[-43.341980347999936,-21.756110310349715],[-43.341860974999975,-21.755886051349727],[-43.34181117299994,-21.755792491349752],[-43.341714467999964,-21.755583783349756],[-43.34166774199997,-21.755285256349776],[-43.341549115999946,-21.754827946349774],[-43.341452152999977,-21.754641817349807],[-43.341429454999975,-21.754460948349784],[-43.341187572999957,-21.754002402349794],[-43.340968215999965,-21.753792465349768],[-43.340772800999957,-21.753655024349779],[-43.340504452999937,-21.753449110349802],[-43.340260325999964,-21.753238924349802],[-43.339991199999993,-21.753100741349826],[-43.341108658999985,-21.751666816349836],[-43.341903639999941,-21.750650931349853],[-43.342098724999971,-21.750800627349882],[-43.342269916999953,-21.750942340349834],[-43.342415786999936,-21.751079283349871],[-43.342537746999945,-21.751193405349881],[-43.342756065999936,-21.751493652349847],[-43.342925757999978,-21.75176631434983],[-43.343120687999942,-21.751998584349856],[-43.343339837999956,-21.752226581349824],[-43.343607360999954,-21.752504739349824],[-43.343827548999968,-21.752642424349837],[-43.34409745499994,-21.752712867349821],[-43.344390752999971,-21.752851283349838],[-43.344734111999969,-21.752945040349825],[-43.345064066999953,-21.75297451934982],[-43.345227624999957,-21.753083698349801],[-43.345309013999952,-21.753172494349808],[-43.345472672999968,-21.753273108349823],[-43.345671644999982,-21.753374075349797],[-43.345823657999972,-21.753463575349791],[-43.346081358999974,-21.753576126349824],[-43.346279591999981,-21.753690847349802],[-43.346327750999933,-21.753718718349798],[-43.346205743999974,-21.753822322349798],[-43.344691603999934,-21.755071674349768],[-43.344483029999928,-21.755290873349772],[-43.344265391999961,-21.755509980349732],[-43.344047149999945,-21.755729083349728],[-43.343749736999939,-21.756001585349754],[-43.343408907999951,-21.755686565349748]]]},"properties":{"OBJECTID":62,"nro":89,"nome":"Santos Anjos","qtd_contrib_oficina_1_centro":null,"qtd_contrib_oficina_2_oeste":null,"qtd_contrib_oficina_3_leste":null,"qtd_contrib_oficina_4_nordeste":null,"qtd_contrib_oficina_5_vilas_nu":null,"qtd_contrib_oficina_6_n_co":null,"qtd_contrib_oficina_7_sudeste":null,"qtd_contrib_oficina_8_sul":null,"qtd_inscricoes_vaf":null,"observacao":"-","fonte":"PDDU","ano":"2000","vaf_2018":null,"vaf_2019":null,"vaf_2020":null,"vaf_2021":null,"vaf_2022":null,"bairro_dado_vinculado":"-","regiao_planejamento":"Leste","shape.STArea()":1.6380015765124004e-05,"shape.STLength()":0.018368420367703982}},{"type":"Feature","id":63,"geometry":{"type":"Polygon","coordinates":[[[-43.335739090999937,-21.750030206349884],[-43.336187260999957,-21.749957729349887],[-43.336660616999943,-21.749742540349875],[-43.337320655999974,-21.749672191349873],[-43.337544549999961,-21.749652446349902],[-43.338098651999985,-21.749581030349873],[-43.338477474999934,-21.749111432349892],[-43.338575436999974,-21.749157576349898],[-43.338771538999936,-21.74918212634994],[-43.338881713999967,-21.749217102349927],[-43.338991891999967,-21.749252078349926],[-43.339188076999953,-21.749321787349924],[-43.339236798999934,-21.749367437349921],[-43.339285520999965,-21.749413087349929],[-43.339284741999961,-21.74948081934992],[-43.33944202899994,-21.749780456349871],[-43.339599316999966,-21.750080094349862],[-43.339846226999953,-21.749942574349909],[-43.340006277999976,-21.74989676234992],[-43.340166329999931,-21.749850948349884],[-43.340363209999957,-21.749807763349907],[-43.340560575999966,-21.749669745349877],[-43.34070825799995,-21.749648646349897],[-43.340831167999966,-21.749627298349878],[-43.340880191999929,-21.749672950349922],[-43.341050829999972,-21.749810142349869],[-43.341221241999961,-21.7500195893499],[-43.341416133999985,-21.750202185349892],[-43.341611284999935,-21.750362202349869],[-43.341830379999976,-21.750594716349873],[-43.341903639999941,-21.750650931349853],[-43.341108658999985,-21.751666816349836],[-43.339991199999993,-21.753100741349826],[-43.339695602999932,-21.753215193349806],[-43.339449516999935,-21.753280464349785],[-43.339300999999978,-21.7533738113498],[-43.339128886999958,-21.753417242349794],[-43.338858028999937,-21.753482264349799],[-43.338463424999937,-21.753640879349817],[-43.338291259999949,-21.753688826349808],[-43.338069339999947,-21.753754337349811],[-43.337872193999942,-21.753820097349791],[-43.337724280999964,-21.75391344934981],[-43.33739164299994,-21.753730973349796],[-43.337029783999981,-21.753463396349815],[-43.33664248499997,-21.75336052634978],[-43.336337836999974,-21.753236491349778],[-43.335787394999954,-21.752989010349808],[-43.335625517999972,-21.752734441349823],[-43.335416305999956,-21.752501388349842],[-43.335171527999933,-21.752289973349825],[-43.334892833999959,-21.751957245349843],[-43.334838544999968,-21.751560791349863],[-43.334652877999986,-21.751327975349863],[-43.334489735999966,-21.751183366349867],[-43.334573780999953,-21.751041245349846],[-43.334718832999954,-21.750712781349844],[-43.334874132999971,-21.750516390349887],[-43.335147138999957,-21.750321182349907],[-43.335384199999964,-21.750180600349882],[-43.335739090999937,-21.750030206349884]]]},"properties":{"OBJECTID":63,"nro":90,"nome":"Santa Cândida","qtd_contrib_oficina_1_centro":null,"qtd_contrib_oficina_2_oeste":null,"qtd_contrib_oficina_3_leste":10,"qtd_contrib_oficina_4_nordeste":null,"qtd_contrib_oficina_5_vilas_nu":null,"qtd_contrib_oficina_6_n_co":null,"qtd_contrib_oficina_7_sudeste":null,"qtd_contrib_oficina_8_sul":null,"qtd_inscricoes_vaf":null,"observacao":"-","fonte":"PDDU","ano":"2000","vaf_2018":null,"vaf_2019":null,"vaf_2020":null,"vaf_2021":null,"vaf_2022":null,"bairro_dado_vinculado":"-","regiao_planejamento":"Leste","shape.STArea()":2.1906287801399005e-05,"shape.STLength()":0.019218246008453874}},{"type":"Feature","id":64,"geometry":{"type":"Polygon","coordinates":[[[-43.326917310999931,-21.745422778350008],[-43.327185902999929,-21.745448072350019],[-43.327381472999946,-21.745517789349989],[-43.327675098999975,-21.745520757349979],[-43.328016876999982,-21.745591950349976],[-43.328081633999943,-21.745590898350013],[-43.328852649999938,-21.745600392349999],[-43.328846115999973,-21.74575556835001],[-43.32884054799996,-21.745837453349999],[-43.328820823999934,-21.745945069349975],[-43.328786831999935,-21.746104294349976],[-43.328752749999978,-21.74625489434997],[-43.328750553999953,-21.746444627349966],[-43.328748508999979,-21.746621425349957],[-43.328761714999985,-21.747076752349933],[-43.32877422599995,-21.747193320349947],[-43.328772380999958,-21.747352869349921],[-43.328766512999948,-21.747460625349948],[-43.328761293999939,-21.747512325349923],[-43.32871425299993,-21.74758516534996],[-43.328681205999949,-21.747637568349944],[-43.328648169999951,-21.747697612349945],[-43.328591938999978,-21.747766046349959],[-43.328544897999961,-21.747838885349942],[-43.32847475799997,-21.747911492349928],[-43.328423196999942,-21.747975661349912],[-43.328367165999964,-21.748026846349923],[-43.32827829799993,-21.748120828349933],[-43.328184462999957,-21.748244947349953],[-43.328160218999983,-21.748343892349951],[-43.328159418999967,-21.748412887349929],[-43.328223741999977,-21.748443725349919],[-43.328297352999982,-21.748470345349947],[-43.328343347999976,-21.748488060349889],[-43.32845426199998,-21.748484867349898],[-43.328528171999949,-21.748485614349903],[-43.328611520999971,-21.748469206349938],[-43.328682979999947,-21.748433464349912],[-43.328766827999978,-21.748373934349928],[-43.328827328999971,-21.748335730349904],[-43.328943911999943,-21.748242030349939],[-43.328986683999972,-21.748138957349948],[-43.329061341999939,-21.748075021349941],[-43.329117322999934,-21.748028148349917],[-43.329154926999941,-21.747972464349953],[-43.329174201999926,-21.747903655349933],[-43.329198595999976,-21.747791772349945],[-43.329379499999959,-21.747728910349956],[-43.329444072999934,-21.74773818634997],[-43.329596461999991,-21.747744037349936],[-43.329679510999938,-21.747753500349965],[-43.329794944999946,-21.74775897834996],[-43.329914998999982,-21.747764504349945],[-43.330039671999941,-21.747770074349933],[-43.330168814999986,-21.747788627349944],[-43.330283950999956,-21.747819979349959],[-43.330375990999983,-21.747851096349944],[-43.330463308999981,-21.74789079034996],[-43.330541439999926,-21.747926079349948],[-43.330633427999942,-21.747961509349963],[-43.330739526999942,-21.747975518349946],[-43.330817955999976,-21.747984934349955],[-43.330896633999942,-21.747972791349895],[-43.330975412999976,-21.74795202134991],[-43.33106362999996,-21.747914097349955],[-43.331151896999984,-21.747871861349935],[-43.331230775999984,-21.747842467349912],[-43.331309702999931,-21.747808762349944],[-43.331434824999967,-21.747775522349958],[-43.331544848999954,-21.747748806349922],[-43.331707017999975,-21.74770927234993],[-43.331869186999931,-21.747669737349948],[-43.332016498999955,-21.747643775349943],[-43.332251688999975,-21.747646145349947],[-43.332354426999984,-21.747660903349921],[-43.332486404999933,-21.747689680349936],[-43.332647304999966,-21.747759919349949],[-43.332823699999949,-21.747761697349961],[-43.333147244999964,-21.747751232349948],[-43.333353034999959,-21.747753305349917],[-43.333573686999955,-21.747741805349957],[-43.333881899999938,-21.747786078349961],[-43.334042642999975,-21.747870036349912],[-43.334306600999973,-21.747927586349906],[-43.334643897999968,-21.747999599349932],[-43.334966336999969,-21.748085184349964],[-43.335112380999931,-21.748168994349928],[-43.335567432999937,-21.748228465349928],[-43.335919272999952,-21.748314343349911],[-43.336271271999969,-21.748386501349934],[-43.336563048999949,-21.748581561349937],[-43.336900188999948,-21.748667290349911],[-43.337237806999951,-21.748711853349924],[-43.337634377999954,-21.748743285349946],[-43.338000288999979,-21.748884194349923],[-43.338190592999986,-21.748954722349893],[-43.338333939999984,-21.749033076349942],[-43.338477474999934,-21.749111432349892],[-43.338098651999985,-21.749581030349873],[-43.337544549999961,-21.749652446349902],[-43.337320655999974,-21.749672191349873],[-43.336660616999943,-21.749742540349875],[-43.336187260999957,-21.749957729349887],[-43.335739090999937,-21.750030206349884],[-43.335384199999964,-21.750180600349882],[-43.335147138999957,-21.750321182349907],[-43.334874132999971,-21.750516390349887],[-43.334718832999954,-21.750712781349844],[-43.334573780999953,-21.751041245349846],[-43.334489735999966,-21.751183366349867],[-43.334652877999986,-21.751327975349863],[-43.334838544999968,-21.751560791349863],[-43.334892833999959,-21.751957245349843],[-43.335171527999933,-21.752289973349825],[-43.335416305999956,-21.752501388349842],[-43.335625517999972,-21.752734441349823],[-43.335787394999954,-21.752989010349808],[-43.336337836999974,-21.753236491349778],[-43.33664248499997,-21.75336052634978],[-43.337029783999981,-21.753463396349815],[-43.33739164299994,-21.753730973349796],[-43.337724280999964,-21.75391344934981],[-43.33764987099994,-21.754025602349781],[-43.337524129999963,-21.754344977349774],[-43.337424376999927,-21.75450655234977],[-43.337201188999977,-21.754734626349773],[-43.337077006999941,-21.754918536349798],[-43.33697704399998,-21.755098173349772],[-43.336902217999977,-21.755246449349777],[-43.336744269999933,-21.756053232349718],[-43.336830679999935,-21.756237000349717],[-43.336917091999965,-21.756420769349749],[-43.336765432999982,-21.75641924334975],[-43.336206955999955,-21.75595750834972],[-43.335595407999961,-21.755906196349727],[-43.335375473999932,-21.755903983349725],[-43.335082086999932,-21.755878450349741],[-43.334837296999972,-21.75583082734974],[-43.334666825999925,-21.755783950349752],[-43.33208448999995,-21.754592423349767],[-43.328893529999959,-21.753119987349848],[-43.327986264999936,-21.753246301349829],[-43.32724507599994,-21.753902663349798],[-43.321737858999938,-21.753892049349766],[-43.321885991999977,-21.753780652349821],[-43.322010139999975,-21.753601271349815],[-43.322159372999977,-21.753395048349802],[-43.322284359999969,-21.753143419349811],[-43.322408768999935,-21.752941459349788],[-43.322508537999965,-21.752779895349793],[-43.322683458999954,-21.752442967349836],[-43.323004201999929,-21.75219332234985],[-43.323153433999948,-21.751987098349847],[-43.323350685999969,-21.751808456349874],[-43.32367168899998,-21.751536231349878],[-43.323918220999985,-21.751380668349853],[-43.324066925999944,-21.751219599349859],[-43.32428816099997,-21.751108938349859],[-43.32448444299996,-21.751065766349853],[-43.324778864999985,-21.751001007349853],[-43.324976951999986,-21.750750115349863],[-43.32505197099993,-21.750637975349871],[-43.325077499999963,-21.750520816349859],[-43.325177212999954,-21.750363765349881],[-43.325278465999929,-21.750021572349894],[-43.325330336999968,-21.749769200349881],[-43.325381027999974,-21.749566492349917],[-43.325482622999971,-21.749246884349876],[-43.325581205999974,-21.749134981349879],[-43.325754154999963,-21.749019315349894],[-43.325804320999964,-21.74886176134989],[-43.325829877999979,-21.748794280349919],[-43.325831500999982,-21.748654299349901],[-43.325809084999946,-21.748450851349936],[-43.325786197999946,-21.748288044349952],[-43.325740056999955,-21.747994035349954],[-43.325743432999957,-21.747650852349981],[-43.32589474699995,-21.747264004349972],[-43.326018936999958,-21.747080104349951],[-43.326167844999929,-21.746900970349959],[-43.326341231999955,-21.746694986349972],[-43.326490633999981,-21.74642101934997],[-43.326616338999933,-21.746106170349972],[-43.326814755999976,-21.745877858349989],[-43.326917310999931,-21.745422778350008]]]},"properties":{"OBJECTID":64,"nro":91,"nome":"São Benedito","qtd_contrib_oficina_1_centro":null,"qtd_contrib_oficina_2_oeste":null,"qtd_contrib_oficina_3_leste":19,"qtd_contrib_oficina_4_nordeste":null,"qtd_contrib_oficina_5_vilas_nu":null,"qtd_contrib_oficina_6_n_co":null,"qtd_contrib_oficina_7_sudeste":null,"qtd_contrib_oficina_8_sul":null,"qtd_inscricoes_vaf":null,"observacao":"-","fonte":"PDDU","ano":"2000","vaf_2018":null,"vaf_2019":null,"vaf_2020":null,"vaf_2021":null,"vaf_2022":null,"bairro_dado_vinculado":"-","regiao_planejamento":"Leste","shape.STArea()":8.4131611124012518e-05,"shape.STLength()":0.054873526293266035}},{"type":"Feature","id":65,"geometry":{"type":"Polygon","coordinates":[[[-43.347094373999937,-21.752116162349854],[-43.34710118299995,-21.752116576349859],[-43.347107997999956,-21.752116271349848],[-43.347081764999984,-21.751938502349844],[-43.347081360999937,-21.751935756349837],[-43.347055170999965,-21.75175828334984],[-43.347049673999948,-21.751721029349831],[-43.34703830899997,-21.751644005349828],[-43.347033998999962,-21.751614793349866],[-43.347122292999977,-21.751571487349867],[-43.347157759999952,-21.751554088349863],[-43.347171522999986,-21.751547165349862],[-43.347223481999947,-21.751521024349827],[-43.347311321999946,-21.751476833349848],[-43.347318553999976,-21.751474315349835],[-43.347432540999932,-21.751434662349833],[-43.347447218999946,-21.751429555349844],[-43.34752613499996,-21.751381455349833],[-43.347547662999951,-21.751368333349848],[-43.347560575999978,-21.751360463349858],[-43.347609990999956,-21.751379288349835],[-43.347679374999984,-21.751271937349841],[-43.347726218999988,-21.751172787349859],[-43.347697076999964,-21.751161642349846],[-43.347719706999953,-21.75111628434987],[-43.347746085999972,-21.751063408349893],[-43.347771056999932,-21.75107294234985],[-43.347790818999954,-21.751028935349861],[-43.347815934999971,-21.750973000349887],[-43.347860814999933,-21.750873059349857],[-43.347898206999965,-21.750789791349892],[-43.347905694999952,-21.750773119349891],[-43.34793560199995,-21.750706516349883],[-43.347950573999981,-21.750673178349846],[-43.347972998999978,-21.750623240349885],[-43.347995453999943,-21.750573236349886],[-43.348010396999939,-21.750539958349901],[-43.348037044999955,-21.750480618349901],[-43.348047797999982,-21.750456675349863],[-43.347976094999972,-21.750429300349861],[-43.34795828499994,-21.75042250034987],[-43.348000641999931,-21.75032818234989],[-43.348271008999973,-21.750437346349869],[-43.348316513999968,-21.750345231349893],[-43.348323672999982,-21.750330740349892],[-43.348357333999957,-21.750262589349902],[-43.348358494999957,-21.750260243349871],[-43.348358529999985,-21.750260171349886],[-43.348398252999964,-21.750179767349881],[-43.348130511999955,-21.750048435349857],[-43.348135550999984,-21.750038684349867],[-43.348137722999979,-21.750034499349898],[-43.348140619999981,-21.750028948349875],[-43.348142440999936,-21.750025465349886],[-43.348145715999976,-21.750019223349906],[-43.348147181999934,-21.750016441349878],[-43.348150843999974,-21.750009513349873],[-43.348151947999952,-21.750007429349917],[-43.348156001999939,-21.749999816349877],[-43.348156742999947,-21.749998429349873],[-43.348166404999972,-21.749980465349889],[-43.348169904999963,-21.749974020349896],[-43.348171784999984,-21.749970567349919],[-43.34817667599998,-21.749961636349898],[-43.348177822999958,-21.749959551349889],[-43.348181256999965,-21.749953327349875],[-43.348183319999976,-21.749949594349907],[-43.348185856999976,-21.749945028349874],[-43.348190009999939,-21.749937573349872],[-43.348190476999946,-21.749936737349902],[-43.348196042999973,-21.749926828349867],[-43.348199790999956,-21.749920192349908],[-43.348202109999939,-21.749916098349892],[-43.348206242999943,-21.749908841349907],[-43.348206813999973,-21.749907844349874],[-43.34821153799993,-21.749899600349917],[-43.348218376999966,-21.749887754349906],[-43.348222507999935,-21.749880658349859],[-43.34822526399995,-21.749875930349898],[-43.348228032999941,-21.74987120834987],[-43.348232193999941,-21.749864129349874],[-43.348233586999982,-21.749861772349892],[-43.348239168999953,-21.749852351349887],[-43.348243242999956,-21.74984410034989],[-43.348245987999974,-21.749838611349901],[-43.34825152999997,-21.749827656349897],[-43.348252929999944,-21.74982492434987],[-43.348259994999978,-21.749811293349918],[-43.348260101999983,-21.749811088349876],[-43.34826082699994,-21.749809708349911],[-43.348305522999965,-21.749729923349893],[-43.348353545999942,-21.749653877349886],[-43.348353689999954,-21.749653662349889],[-43.348357805999967,-21.749647535349883],[-43.348411408999937,-21.749572441349869],[-43.348436650999979,-21.749540128349906],[-43.348447956999962,-21.749525654349899],[-43.348486136999952,-21.74948001934991],[-43.348493594999979,-21.749471457349909],[-43.348523992999958,-21.749437659349898],[-43.348542344999942,-21.749418065349911],[-43.348547035999957,-21.749413148349912],[-43.348565291999932,-21.749391500349873],[-43.348608973999944,-21.749339400349875],[-43.348636972999941,-21.749305769349927],[-43.348666451999975,-21.74927017134992],[-43.348708085999931,-21.749219548349934],[-43.348731149999935,-21.749191331349902],[-43.348784400999932,-21.749125688349938],[-43.348785754999938,-21.749124008349913],[-43.348805088999946,-21.749099997349912],[-43.348818315999956,-21.749083523349906],[-43.348848843999981,-21.749045328349911],[-43.348865739999951,-21.749024091349913],[-43.348868687999982,-21.749020377349918],[-43.348897899999947,-21.74898345934993],[-43.348912082999959,-21.748965455349904],[-43.348928870999934,-21.748944095349902],[-43.348940696999932,-21.748929014349887],[-43.348946388999934,-21.748922120349924],[-43.348975096999936,-21.74888735734989],[-43.348976556999958,-21.748885588349911],[-43.349029464999951,-21.748821520349921],[-43.349034967999955,-21.748814856349917],[-43.349088562999953,-21.748749958349922],[-43.349091834999967,-21.748745996349914],[-43.349129450999953,-21.748700443349914],[-43.349150853999959,-21.748674526349902],[-43.349153567999963,-21.748671238349935],[-43.349212662999953,-21.748599678349901],[-43.349223934999941,-21.74858602834993],[-43.349275879999936,-21.748523125349919],[-43.349318416999957,-21.748471613349952],[-43.34933353699995,-21.748453303349915],[-43.349394181999969,-21.748379866349953],[-43.349409444999935,-21.748361383349927],[-43.349457153999943,-21.748303610349947],[-43.349462958999936,-21.748296581349933],[-43.34952235399993,-21.748224654349919],[-43.349609974999957,-21.748301632349957],[-43.349634908999974,-21.74832353734994],[-43.349731810999977,-21.748408668349924],[-43.349751106999975,-21.748388151349928],[-43.349939387999939,-21.748374383349898],[-43.350021701999935,-21.748368364349947],[-43.350021860999959,-21.748368411349912],[-43.350114909999952,-21.748396070349919],[-43.350187147999975,-21.748410883349926],[-43.35022582299996,-21.748443188349906],[-43.350531386999926,-21.74852735834995],[-43.350782528999957,-21.748596537349918],[-43.351251935999976,-21.74872584034992],[-43.351790759999979,-21.748874260349929],[-43.351573348999977,-21.749075317349885],[-43.351393883999947,-21.749339977349912],[-43.351313998999956,-21.749456599349919],[-43.351175028999933,-21.749667469349905],[-43.35097643499995,-21.749913873349893],[-43.350768341999981,-21.750092442349914],[-43.35045204599993,-21.750274447349899],[-43.350175109999952,-21.750502006349887],[-43.349848099999974,-21.750828417349886],[-43.349492115999965,-21.751046153349844],[-43.349433095999984,-21.751081693349846],[-43.346327750999933,-21.753718718349798],[-43.346081358999974,-21.753576126349824],[-43.345823657999972,-21.753463575349791],[-43.345671644999982,-21.753374075349797],[-43.345472672999968,-21.753273108349823],[-43.345309013999952,-21.753172494349808],[-43.345227624999957,-21.753083698349801],[-43.345064066999953,-21.75297451934982],[-43.344734111999969,-21.752945040349825],[-43.344390752999971,-21.752851283349838],[-43.34409745499994,-21.752712867349821],[-43.343827548999968,-21.752642424349837],[-43.343607360999954,-21.752504739349824],[-43.343339837999956,-21.752226581349824],[-43.343120687999942,-21.751998584349856],[-43.342925757999978,-21.75176631434983],[-43.342756065999936,-21.751493652349847],[-43.342537746999945,-21.751193405349881],[-43.342415786999936,-21.751079283349871],[-43.342269916999953,-21.750942340349834],[-43.342098724999971,-21.750800627349882],[-43.341830379999976,-21.750594716349873],[-43.341611284999935,-21.750362202349869],[-43.341416133999985,-21.750202185349892],[-43.341221241999961,-21.7500195893499],[-43.341050829999972,-21.749810142349869],[-43.340880191999929,-21.749672950349922],[-43.340831167999966,-21.749627298349878],[-43.34070825799995,-21.749648646349897],[-43.340560575999966,-21.749669745349877],[-43.340363209999957,-21.749807763349907],[-43.340166329999931,-21.749850948349884],[-43.340006277999976,-21.74989676234992],[-43.339846226999953,-21.749942574349909],[-43.339599316999966,-21.750080094349862],[-43.339284741999961,-21.74948081934992],[-43.339285520999965,-21.749413087349929],[-43.339188076999953,-21.749321787349924],[-43.338991891999967,-21.749252078349926],[-43.338881713999967,-21.749217102349927],[-43.338771538999936,-21.74918212634994],[-43.338575436999974,-21.749157576349898],[-43.338477474999934,-21.749111432349892],[-43.338477960999967,-21.749016601349943],[-43.338479259999993,-21.748903712349911],[-43.338456272999963,-21.748695744349931],[-43.338413142999975,-21.74850563734995],[-43.338264213999935,-21.748215114349904],[-43.338118526999949,-21.748010430349925],[-43.337776188999953,-21.747776673349943],[-43.337604777999957,-21.747707210349954],[-43.337237546999972,-21.747536427349921],[-43.337004821999983,-21.74743925234997],[-43.337123983999959,-21.747327751349935],[-43.33749000399996,-21.747232453349969],[-43.338255077999975,-21.747240136349955],[-43.338864354999941,-21.747488198349959],[-43.339448843999946,-21.747558631349918],[-43.339570280999965,-21.747717912349966],[-43.339667929999962,-21.74779114934994],[-43.339886810999992,-21.74804172734995],[-43.340106903999981,-21.748134255349935],[-43.340327774999935,-21.748159052349912],[-43.340450507999947,-21.748205443349928],[-43.340597928999955,-21.748206921349919],[-43.340794288999973,-21.74820889134995],[-43.34104019199998,-21.748211355349937],[-43.341334305999965,-21.74827752934991],[-43.341456437999966,-21.748323914349928],[-43.341603339999949,-21.748370546349957],[-43.341873236999952,-21.748440991349892],[-43.342216325999964,-21.748557330349929],[-43.342387740999975,-21.74862678834992],[-43.342557376999935,-21.748903966349886],[-43.342726667999955,-21.749158560349901],[-43.342799427999978,-21.749294771349881],[-43.342994061999953,-21.749499942349882],[-43.343237669999951,-21.749755280349909],[-43.343335116999981,-21.749846576349903],[-43.343408137999972,-21.749960209349862],[-43.34436107099998,-21.750538769349856],[-43.344800613999951,-21.75088638634988],[-43.345163078999974,-21.751141309349887],[-43.345432816999967,-21.751345416349888],[-43.345510741999924,-21.751395683349827],[-43.345510779999984,-21.751395709349843],[-43.345559751999986,-21.751427300349874],[-43.345559790999978,-21.751427326349827],[-43.345617030999968,-21.751464251349844],[-43.345617068999957,-21.751464276349864],[-43.345667148999951,-21.751496583349834],[-43.345667187999936,-21.751496608349857],[-43.34571885899993,-21.751529940349837],[-43.345739721999962,-21.751501393349852],[-43.345739758999969,-21.751501422349879],[-43.345741637999929,-21.751502638349873],[-43.345845525999948,-21.75156965134984],[-43.345845563999944,-21.751569677349842],[-43.345925078999976,-21.751620971349851],[-43.345925117999961,-21.751620997349857],[-43.34613987299997,-21.751759534349844],[-43.346139911999956,-21.751759559349864],[-43.346224143999962,-21.751813896349859],[-43.346224181999958,-21.751813921349829],[-43.346309790999953,-21.751869146349865],[-43.346309828999956,-21.751869171349828],[-43.346396298999927,-21.75192495134986],[-43.346396336999931,-21.751924976349809],[-43.346478006999973,-21.75197766034983],[-43.346478045999959,-21.751977686349846],[-43.346586664999961,-21.752047753349814],[-43.346586703999947,-21.752047779349823],[-43.346688817999961,-21.752113654349849],[-43.346650297999922,-21.75216879534986],[-43.346650333999946,-21.752168823349848],[-43.346731960999939,-21.752224035349858],[-43.346731997999946,-21.752224062349853],[-43.346653699999933,-21.752325769349852],[-43.346710876999964,-21.752365006349851],[-43.346731730999977,-21.752379317349831],[-43.34673176999997,-21.752379341349805],[-43.346786540999972,-21.752409976349824],[-43.346786580999947,-21.752410001349848],[-43.346868395999934,-21.752365055349848],[-43.346946154999955,-21.752317771349851],[-43.346953898999971,-21.752313063349835],[-43.346968782999966,-21.752304012349839],[-43.346970006999982,-21.752303219349805],[-43.347034428999962,-21.752206324349856],[-43.347094373999937,-21.752116162349854]]]},"properties":{"OBJECTID":65,"nro":92,"nome":"Vitorino Braga","qtd_contrib_oficina_1_centro":null,"qtd_contrib_oficina_2_oeste":null,"qtd_contrib_oficina_3_leste":13,"qtd_contrib_oficina_4_nordeste":null,"qtd_contrib_oficina_5_vilas_nu":null,"qtd_contrib_oficina_6_n_co":null,"qtd_contrib_oficina_7_sudeste":null,"qtd_contrib_oficina_8_sul":null,"qtd_inscricoes_vaf":109,"observacao":"-","fonte":"PDDU","ano":"2000","vaf_2018":13742139,"vaf_2019":15045373,"vaf_2020":14472301,"vaf_2021":28449296,"vaf_2022":27292402,"bairro_dado_vinculado":"-","regiao_planejamento":"Leste","shape.STArea()":2.6046983707213507e-05,"shape.STLength()":0.040174931183040261}},{"type":"Feature","id":66,"geometry":{"type":"Polygon","coordinates":[[[-43.35624084899996,-21.746827585349955],[-43.356314558999941,-21.746828318349976],[-43.356658132999932,-21.746849793349963],[-43.356903521999982,-21.746897391349936],[-43.357099110999968,-21.746967074349932],[-43.35729504699998,-21.74705934034996],[-43.357563268999975,-21.747224582349936],[-43.357807373999954,-21.747385067349963],[-43.357954372999984,-21.747476847349958],[-43.358124934999978,-21.747568860349912],[-43.358295843999933,-21.74768345834995],[-43.358565492999951,-21.747776454349946],[-43.358760826999962,-21.747868713349913],[-43.35895697199993,-21.747942915349913],[-43.359177077999959,-21.748035419349922],[-43.359397698999949,-21.748082769349914],[-43.357551539999982,-21.748574771349894],[-43.356370234999993,-21.748838522349914],[-43.356073372999951,-21.749065892349911],[-43.355154575999961,-21.750208359349855],[-43.355300456999942,-21.750345292349884],[-43.353705339999976,-21.752293917349835],[-43.35310965899999,-21.753024107349837],[-43.35244313499993,-21.753925199349808],[-43.352133996999953,-21.754432435349774],[-43.351873747999946,-21.754944674349751],[-43.351642909999953,-21.755421077349734],[-43.351402735999955,-21.755974159349734],[-43.351060894999932,-21.755799141349733],[-43.351123217999941,-21.755474606349733],[-43.351286715999947,-21.754703989349768],[-43.351978737999964,-21.752046408349827],[-43.352717909999967,-21.750762176349877],[-43.353419108999958,-21.749256273349896],[-43.353592500999973,-21.749099936349936],[-43.353766883999981,-21.748803610349924],[-43.353891644999976,-21.748619693349923],[-43.354065254999966,-21.748391100349949],[-43.354264149999949,-21.748117598349928],[-43.354413848999968,-21.747866187349914],[-43.354636434999968,-21.747687758349961],[-43.354809874999944,-21.747526904349961],[-43.354908780999949,-21.747437565349959],[-43.355058309999954,-21.747253894349967],[-43.355305111999947,-21.747071188349938],[-43.355404365999959,-21.747004433349968],[-43.355625664999934,-21.746938890349963],[-43.355896555999948,-21.746869325349977],[-43.355970265999986,-21.746870058349959],[-43.35624084899996,-21.746827585349955]]]},"properties":{"OBJECTID":66,"nro":102,"nome":"Morro da Glória","qtd_contrib_oficina_1_centro":4,"qtd_contrib_oficina_2_oeste":null,"qtd_contrib_oficina_3_leste":null,"qtd_contrib_oficina_4_nordeste":null,"qtd_contrib_oficina_5_vilas_nu":null,"qtd_contrib_oficina_6_n_co":null,"qtd_contrib_oficina_7_sudeste":null,"qtd_contrib_oficina_8_sul":null,"qtd_inscricoes_vaf":null,"observacao":"-","fonte":"PDDU","ano":"2000","vaf_2018":null,"vaf_2019":null,"vaf_2020":null,"vaf_2021":null,"vaf_2022":null,"bairro_dado_vinculado":"-","regiao_planejamento":"Centro","shape.STArea()":1.7989469242982503e-05,"shape.STLength()":0.02677643404858453}},{"type":"Feature","id":67,"geometry":{"type":"Polygon","coordinates":[[[-43.359147143999962,-21.756891143349726],[-43.359391733999985,-21.756274970349761],[-43.359573905999987,-21.755816035349731],[-43.358790124999985,-21.755605037349738],[-43.358742376999942,-21.755446502349777],[-43.358670161999953,-21.755260626349735],[-43.358573984999971,-21.755056449349741],[-43.358403066999976,-21.754941851349752],[-43.358236724999983,-21.754849879349752],[-43.358109800999955,-21.754798942349787],[-43.35793736699997,-21.754711426349779],[-43.357791711999937,-21.754660303349798],[-43.357571595999957,-21.754567797349807],[-43.357318506999945,-21.754452382349768],[-43.357204219999971,-21.754406087349764],[-43.357018891999992,-21.754336505349787],[-43.356797106999977,-21.75428462534979],[-43.356672638999946,-21.75428339034978],[-43.356587444999946,-21.754282544349799],[-43.356419421999931,-21.754285390349768],[-43.356347314999937,-21.754090483349803],[-43.356473272999949,-21.753960768349778],[-43.356613645999971,-21.753909206349775],[-43.356767292999969,-21.753877884349791],[-43.356573107999957,-21.753577895349814],[-43.356476420999968,-21.75341887134979],[-43.355244538999955,-21.753822107349787],[-43.354975999999965,-21.753683956349803],[-43.353599128999974,-21.753182524349796],[-43.35310965899999,-21.753024107349837],[-43.355300456999942,-21.750345292349884],[-43.355154575999961,-21.750208359349855],[-43.356073372999951,-21.749065892349911],[-43.356145581999954,-21.749251769349886],[-43.356169234999989,-21.749297164349933],[-43.356266523999977,-21.749456194349882],[-43.356290215999934,-21.74955126634989],[-43.356387157999961,-21.74968771134991],[-43.356459327999964,-21.749823910349903],[-43.35658073299993,-21.74998769434989],[-43.356727219999982,-21.750124631349873],[-43.356848329999934,-21.750261316349892],[-43.35692161999998,-21.75035236534989],[-43.357067706999942,-21.750471234349892],[-43.357189421999976,-21.750607924349858],[-43.357359820999932,-21.750767679349888],[-43.357457791999927,-21.750813812349886],[-43.357628704999968,-21.750928411349854],[-43.357799564999944,-21.75104752434984],[-43.357946221999953,-21.751116721349856],[-43.358117646999972,-21.751186163349836],[-43.358239530999981,-21.751255113349842],[-43.358459897999971,-21.751325041349855],[-43.358606552999959,-21.751394237349828],[-43.358778237999964,-21.751441101349837],[-43.358949151999987,-21.751555698349833],[-43.359095294999975,-21.751670050349848],[-43.359217473999934,-21.75176609934983],[-43.359265901999947,-21.751811740349869],[-43.35943707399997,-21.751903758349847],[-43.359632504999972,-21.752041178349828],[-43.359851848999938,-21.752201415349809],[-43.359973517999954,-21.752342619349854],[-43.360143920999974,-21.752502372349834],[-43.360240138999984,-21.752756225349842],[-43.360410799999954,-21.752893399349805],[-43.360532006999954,-21.753075242349816],[-43.360653984999942,-21.753189354349821],[-43.360800078999944,-21.753308219349805],[-43.361059481999973,-21.753612080349825],[-43.361091693999981,-21.753649813349817],[-43.361090584999943,-21.753781140349769],[-43.36108818699995,-21.754065258349797],[-43.361432231999963,-21.754167741349761],[-43.361403813999971,-21.754177622349804],[-43.361429815999941,-21.754206124349768],[-43.361457938999941,-21.7542369523498],[-43.361465860999942,-21.754245638349804],[-43.361479359999983,-21.754260434349767],[-43.362088087999958,-21.754927716349748],[-43.362600341999951,-21.755237443349746],[-43.363100495999959,-21.755539853349749],[-43.363020675999962,-21.75559226734973],[-43.36291366699993,-21.755662536349771],[-43.362486825999952,-21.755942824349773],[-43.361095692999982,-21.756856305349746],[-43.36029533499994,-21.757381844349691],[-43.360245138999979,-21.757414804349697],[-43.360255005999932,-21.757420039349704],[-43.360254464999969,-21.75742039534968],[-43.360463406999941,-21.757531257349726],[-43.360245642999985,-21.757871599349674],[-43.36023938999994,-21.757869083349675],[-43.359885694999946,-21.757726792349704],[-43.359399641999971,-21.757532079349733],[-43.358908174999954,-21.75733519434969],[-43.358971733999965,-21.757277786349722],[-43.359022177999982,-21.757093127349716],[-43.359071888999949,-21.757025879349726],[-43.359147143999962,-21.756891143349726]]]},"properties":{"OBJECTID":67,"nro":103,"nome":"Jardim Glória","qtd_contrib_oficina_1_centro":1,"qtd_contrib_oficina_2_oeste":null,"qtd_contrib_oficina_3_leste":null,"qtd_contrib_oficina_4_nordeste":null,"qtd_contrib_oficina_5_vilas_nu":null,"qtd_contrib_oficina_6_n_co":null,"qtd_contrib_oficina_7_sudeste":null,"qtd_contrib_oficina_8_sul":null,"qtd_inscricoes_vaf":1,"observacao":"-","fonte":"PDDU","ano":"2000","vaf_2018":18450775,"vaf_2019":17156598,"vaf_2020":14724840,"vaf_2021":18130465,"vaf_2022":19135958,"bairro_dado_vinculado":"-","regiao_planejamento":"Centro","shape.STArea()":3.0833337292522506e-05,"shape.STLength()":0.030851421655097404}},{"type":"Feature","id":68,"geometry":{"type":"Polygon","coordinates":[[[-43.346786580999947,-21.752410001349848],[-43.346786540999972,-21.752409976349824],[-43.34673176999997,-21.752379341349805],[-43.346731730999977,-21.752379317349831],[-43.346710876999964,-21.752365006349851],[-43.346653699999933,-21.752325769349852],[-43.346731997999946,-21.752224062349853],[-43.346731960999939,-21.752224035349858],[-43.346650333999946,-21.752168823349848],[-43.346650297999922,-21.75216879534986],[-43.346688817999961,-21.752113654349849],[-43.346586703999947,-21.752047779349823],[-43.346586664999961,-21.752047753349814],[-43.346478045999959,-21.751977686349846],[-43.346478006999973,-21.75197766034983],[-43.346396336999931,-21.751924976349809],[-43.346396298999927,-21.75192495134986],[-43.346309828999956,-21.751869171349828],[-43.346309790999953,-21.751869146349865],[-43.346224181999958,-21.751813921349829],[-43.346224143999962,-21.751813896349859],[-43.346139911999956,-21.751759559349864],[-43.34613987299997,-21.751759534349844],[-43.345925117999961,-21.751620997349857],[-43.345925078999976,-21.751620971349851],[-43.345845563999944,-21.751569677349842],[-43.345845525999948,-21.75156965134984],[-43.345741637999929,-21.751502638349873],[-43.345739758999969,-21.751501422349879],[-43.345739721999962,-21.751501393349852],[-43.34571885899993,-21.751529940349837],[-43.345667187999936,-21.751496608349857],[-43.345667148999951,-21.751496583349834],[-43.345617068999957,-21.751464276349864],[-43.345617030999968,-21.751464251349844],[-43.345559790999978,-21.751427326349827],[-43.345559751999986,-21.751427300349874],[-43.345510779999984,-21.751395709349843],[-43.345510741999924,-21.751395683349827],[-43.345432816999967,-21.751345416349888],[-43.345163078999974,-21.751141309349887],[-43.344800613999951,-21.75088638634988],[-43.34436107099998,-21.750538769349856],[-43.344079024999978,-21.750367530349866],[-43.343408137999972,-21.749960209349862],[-43.343335116999981,-21.749846576349903],[-43.343237669999951,-21.749755280349909],[-43.342994061999953,-21.749499942349882],[-43.342799427999978,-21.749294771349881],[-43.342726667999955,-21.749158560349901],[-43.342557376999935,-21.748903966349886],[-43.342387740999975,-21.74862678834992],[-43.342216325999964,-21.748557330349929],[-43.341873236999952,-21.748440991349892],[-43.341603339999949,-21.748370546349957],[-43.341456437999966,-21.748323914349928],[-43.341334305999965,-21.74827752934991],[-43.34104019199998,-21.748211355349937],[-43.340794288999973,-21.74820889134995],[-43.340597928999955,-21.748206921349919],[-43.340450507999947,-21.748205443349928],[-43.340327774999935,-21.748159052349912],[-43.340106903999981,-21.748134255349935],[-43.339886810999992,-21.74804172734995],[-43.339667929999962,-21.74779114934994],[-43.339570280999965,-21.747717912349966],[-43.339448843999946,-21.747558631349918],[-43.339352094999981,-21.747354440349969],[-43.339255657999949,-21.747123152349957],[-43.338686620999958,-21.744692326349995],[-43.339545396999938,-21.744836426350002],[-43.340110346999943,-21.744837577349983],[-43.340184314999931,-21.744815738349988],[-43.340307220999932,-21.744794392349995],[-43.340406132999924,-21.744705062350032],[-43.340578806999986,-21.744611956350031],[-43.340702230999973,-21.744545453349989],[-43.34082648499998,-21.744406702350048],[-43.340826743999969,-21.744384124350013],[-43.340852639999987,-21.744181162350021],[-43.34085450799995,-21.744018602350046],[-43.340856548999973,-21.743788305350023],[-43.340931381999951,-21.743585832350028],[-43.341031642999951,-21.743379099350054],[-43.341155324999932,-21.743290018350059],[-43.341327735999982,-21.743219490350029],[-43.341474891999958,-21.743243545350062],[-43.341548600999943,-21.743244283350048],[-43.34167132999994,-21.743290672350025],[-43.341793975999956,-21.743291902350038],[-43.342039351999972,-21.743339521350023],[-43.342210933999979,-21.743341239350038],[-43.342382861999965,-21.743365542350073],[-43.34255509999997,-21.743362750350034],[-43.342702169999939,-21.743341643350025],[-43.342849844999932,-21.743320541350027],[-43.343046716999936,-21.743277353350027],[-43.343194700999959,-21.743229157350047],[-43.343391312999984,-21.74320854535004],[-43.343489791999957,-21.743209530350029],[-43.343637207999961,-21.743211007350041],[-43.344742014999952,-21.743240123350052],[-43.344764060999978,-21.743583564350022],[-43.344786710999983,-21.743768949350024],[-43.344859730999978,-21.743882580350054],[-43.344956139999965,-21.744064186350002],[-43.34507787299998,-21.74425056235005],[-43.345221961999982,-21.744595223350032],[-43.345294465999984,-21.744754009350014],[-43.345390875999954,-21.744935616350002],[-43.345511575999986,-21.745212302350009],[-43.345632447999947,-21.745421248349977],[-43.345754493999955,-21.745580531350004],[-43.345924872999944,-21.745740296349982],[-43.346071033999976,-21.745904334350001],[-43.346216729999981,-21.746109013349983],[-43.34624089699998,-21.746109255349982],[-43.346363889999971,-21.746133063349966],[-43.346486279999965,-21.746156866349995],[-43.346682378999958,-21.746181407349944],[-43.346903248999986,-21.746206193349984],[-43.347099693999951,-21.746253315349996],[-43.347246595999934,-21.746299944349992],[-43.347467037999934,-21.746415047349974],[-43.347638193999956,-21.746507077349989],[-43.347809352999953,-21.746599107349951],[-43.347955996999978,-21.746668312349946],[-43.348176180999985,-21.74680599134998],[-43.348123095999938,-21.747220939349972],[-43.348122407999938,-21.747333833349956],[-43.348121204999984,-21.747491884349923],[-43.348119604999965,-21.747631865349941],[-43.348118659999955,-21.747767337349941],[-43.348166859999935,-21.747885236349919],[-43.348239278999984,-21.747998860349909],[-43.348325973999977,-21.748103075349928],[-43.348409751999952,-21.748203784349908],[-43.348556434999978,-21.748322666349935],[-43.348727852999957,-21.748392117349933],[-43.348973204999943,-21.748390050349908],[-43.349120883999944,-21.748368942349916],[-43.349268304999953,-21.748370414349928],[-43.349415896999972,-21.74830414534992],[-43.349457153999943,-21.748303610349947],[-43.349409444999935,-21.748361383349927],[-43.349394181999969,-21.748379866349953],[-43.34933353699995,-21.748453303349915],[-43.349318416999957,-21.748471613349952],[-43.349275879999936,-21.748523125349919],[-43.349223934999941,-21.74858602834993],[-43.349212662999953,-21.748599678349901],[-43.349153567999963,-21.748671238349935],[-43.349150853999959,-21.748674526349902],[-43.349129450999953,-21.748700443349914],[-43.349091834999967,-21.748745996349914],[-43.349088562999953,-21.748749958349922],[-43.349034967999955,-21.748814856349917],[-43.349029464999951,-21.748821520349921],[-43.348976556999958,-21.748885588349911],[-43.348975096999936,-21.74888735734989],[-43.348946388999934,-21.748922120349924],[-43.348940696999932,-21.748929014349887],[-43.348928870999934,-21.748944095349902],[-43.348912082999959,-21.748965455349904],[-43.348897899999947,-21.74898345934993],[-43.348868687999982,-21.749020377349918],[-43.348865739999951,-21.749024091349913],[-43.348848843999981,-21.749045328349911],[-43.348818315999956,-21.749083523349906],[-43.348805088999946,-21.749099997349912],[-43.348785754999938,-21.749124008349913],[-43.348784400999932,-21.749125688349938],[-43.348731149999935,-21.749191331349902],[-43.348708085999931,-21.749219548349934],[-43.348666451999975,-21.74927017134992],[-43.348636972999941,-21.749305769349927],[-43.348608973999944,-21.749339400349875],[-43.348565291999932,-21.749391500349873],[-43.348547035999957,-21.749413148349912],[-43.348542344999942,-21.749418065349911],[-43.348523992999958,-21.749437659349898],[-43.348493594999979,-21.749471457349909],[-43.348486136999952,-21.74948001934991],[-43.348447956999962,-21.749525654349899],[-43.348436650999979,-21.749540128349906],[-43.348411408999937,-21.749572441349869],[-43.348357805999967,-21.749647535349883],[-43.348353689999954,-21.749653662349889],[-43.348353545999942,-21.749653877349886],[-43.348305522999965,-21.749729923349893],[-43.34826082699994,-21.749809708349911],[-43.348260101999983,-21.749811088349876],[-43.348259994999978,-21.749811293349918],[-43.348252929999944,-21.74982492434987],[-43.34825152999997,-21.749827656349897],[-43.348245987999974,-21.749838611349901],[-43.348243242999956,-21.74984410034989],[-43.348239168999953,-21.749852351349887],[-43.348233586999982,-21.749861772349892],[-43.348232193999941,-21.749864129349874],[-43.348228032999941,-21.74987120834987],[-43.34822526399995,-21.749875930349898],[-43.348222507999935,-21.749880658349859],[-43.348218376999966,-21.749887754349906],[-43.34821153799993,-21.749899600349917],[-43.348206813999973,-21.749907844349874],[-43.348206242999943,-21.749908841349907],[-43.348202109999939,-21.749916098349892],[-43.348199790999956,-21.749920192349908],[-43.348196042999973,-21.749926828349867],[-43.348190476999946,-21.749936737349902],[-43.348190009999939,-21.749937573349872],[-43.348185856999976,-21.749945028349874],[-43.348183319999976,-21.749949594349907],[-43.348181256999965,-21.749953327349875],[-43.348177822999958,-21.749959551349889],[-43.34817667599998,-21.749961636349898],[-43.348171784999984,-21.749970567349919],[-43.348169904999963,-21.749974020349896],[-43.348166404999972,-21.749980465349889],[-43.348156742999947,-21.749998429349873],[-43.348156001999939,-21.749999816349877],[-43.348151947999952,-21.750007429349917],[-43.348150843999974,-21.750009513349873],[-43.348147181999934,-21.750016441349878],[-43.348145715999976,-21.750019223349906],[-43.348142440999936,-21.750025465349886],[-43.348140619999981,-21.750028948349875],[-43.348137722999979,-21.750034499349898],[-43.348135550999984,-21.750038684349867],[-43.348130511999955,-21.750048435349857],[-43.348398252999964,-21.750179767349881],[-43.348358529999985,-21.750260171349886],[-43.348358494999957,-21.750260243349871],[-43.348357333999957,-21.750262589349902],[-43.348323672999982,-21.750330740349892],[-43.348316513999968,-21.750345231349893],[-43.348271008999973,-21.750437346349869],[-43.348000641999931,-21.75032818234989],[-43.34795828499994,-21.75042250034987],[-43.347976094999972,-21.750429300349861],[-43.348047797999982,-21.750456675349863],[-43.348037044999955,-21.750480618349901],[-43.348010396999939,-21.750539958349901],[-43.347995453999943,-21.750573236349886],[-43.347972998999978,-21.750623240349885],[-43.347950573999981,-21.750673178349846],[-43.34793560199995,-21.750706516349883],[-43.347905694999952,-21.750773119349891],[-43.347898206999965,-21.750789791349892],[-43.347860814999933,-21.750873059349857],[-43.347815934999971,-21.750973000349887],[-43.347790818999954,-21.751028935349861],[-43.347771056999932,-21.75107294234985],[-43.347746085999972,-21.751063408349893],[-43.347719706999953,-21.75111628434987],[-43.347697076999964,-21.751161642349846],[-43.347726218999988,-21.751172787349859],[-43.347679374999984,-21.751271937349841],[-43.347609990999956,-21.751379288349835],[-43.347560575999978,-21.751360463349858],[-43.347547662999951,-21.751368333349848],[-43.34752613499996,-21.751381455349833],[-43.347447218999946,-21.751429555349844],[-43.347432540999932,-21.751434662349833],[-43.347318553999976,-21.751474315349835],[-43.347311321999946,-21.751476833349848],[-43.347223481999947,-21.751521024349827],[-43.347171522999986,-21.751547165349862],[-43.347157759999952,-21.751554088349863],[-43.347122292999977,-21.751571487349867],[-43.347033998999962,-21.751614793349866],[-43.34703830899997,-21.751644005349828],[-43.347049673999948,-21.751721029349831],[-43.347055170999965,-21.75175828334984],[-43.347081360999937,-21.751935756349837],[-43.347081764999984,-21.751938502349844],[-43.347107997999956,-21.752116271349848],[-43.34710118299995,-21.752116576349859],[-43.347094373999937,-21.752116162349854],[-43.347034428999962,-21.752206324349856],[-43.346970006999982,-21.752303219349805],[-43.346968782999966,-21.752304012349839],[-43.346953898999971,-21.752313063349835],[-43.346946154999955,-21.752317771349851],[-43.346868395999934,-21.752365055349848],[-43.346786580999947,-21.752410001349848]]]},"properties":{"OBJECTID":68,"nro":93,"nome":"Grajau","qtd_contrib_oficina_1_centro":null,"qtd_contrib_oficina_2_oeste":null,"qtd_contrib_oficina_3_leste":9,"qtd_contrib_oficina_4_nordeste":null,"qtd_contrib_oficina_5_vilas_nu":null,"qtd_contrib_oficina_6_n_co":null,"qtd_contrib_oficina_7_sudeste":null,"qtd_contrib_oficina_8_sul":null,"qtd_inscricoes_vaf":null,"observacao":"-","fonte":"PDDU","ano":"2000","vaf_2018":null,"vaf_2019":null,"vaf_2020":null,"vaf_2021":null,"vaf_2022":null,"bairro_dado_vinculado":"-","regiao_planejamento":"Leste","shape.STArea()":4.9820761406163515e-05,"shape.STLength()":0.033440662944396952}},{"type":"Feature","id":69,"geometry":{"type":"Polygon","coordinates":[[[-43.350713145999975,-21.748112160349919],[-43.350662285999924,-21.748232950349944],[-43.350591888999922,-21.748400140349911],[-43.350524847999964,-21.748407179349936],[-43.350468551999946,-21.748413089349899],[-43.350375349999979,-21.748422873349949],[-43.350374130999967,-21.748423001349948],[-43.350371372999973,-21.748423372349951],[-43.350370664999957,-21.748423365349915],[-43.35036845999997,-21.748423215349899],[-43.350279806999943,-21.748417185349957],[-43.350187147999975,-21.748410883349926],[-43.350114909999952,-21.748396070349919],[-43.350021860999959,-21.748368411349912],[-43.350021701999935,-21.748368364349947],[-43.349939387999939,-21.748374383349898],[-43.349751106999975,-21.748388151349928],[-43.349731810999977,-21.748408668349924],[-43.349634908999974,-21.74832353734994],[-43.349609974999957,-21.748301632349957],[-43.34952235399993,-21.748224654349919],[-43.349462958999936,-21.748296581349933],[-43.349457153999943,-21.748303610349947],[-43.349415896999972,-21.74830414534992],[-43.349268304999953,-21.748370414349928],[-43.349120883999944,-21.748368942349916],[-43.348973204999943,-21.748390050349908],[-43.348727852999957,-21.748392117349933],[-43.348556434999978,-21.748322666349935],[-43.348409751999952,-21.748203784349908],[-43.348239278999984,-21.747998860349909],[-43.348166859999935,-21.747885236349919],[-43.348118659999955,-21.747767337349941],[-43.348119604999965,-21.747631865349941],[-43.348121204999984,-21.747491884349923],[-43.348122407999938,-21.747333833349956],[-43.348123095999938,-21.747220939349972],[-43.348176180999985,-21.74680599134998],[-43.347955996999978,-21.746668312349946],[-43.347809352999953,-21.746599107349951],[-43.347638193999956,-21.746507077349989],[-43.347467037999934,-21.746415047349974],[-43.347246595999934,-21.746299944349992],[-43.347099693999951,-21.746253315349996],[-43.346903248999986,-21.746206193349984],[-43.346682378999958,-21.746181407349944],[-43.346486279999965,-21.746156866349995],[-43.346363889999971,-21.746133063349966],[-43.34624089699998,-21.746109255349982],[-43.346216729999981,-21.746109013349983],[-43.346071033999976,-21.745904334350001],[-43.345924872999944,-21.745740296349982],[-43.345754493999955,-21.745580531350004],[-43.345632447999947,-21.745421248349977],[-43.345511575999986,-21.745212302350009],[-43.345390875999954,-21.744935616350002],[-43.345294465999984,-21.744754009350014],[-43.345221961999982,-21.744595223350032],[-43.34507787299998,-21.74425056235005],[-43.344956139999965,-21.744064186350002],[-43.344859730999978,-21.743882580350054],[-43.344786710999983,-21.743768949350024],[-43.344764060999978,-21.743583564350022],[-43.344742014999952,-21.743240123350052],[-43.343637207999961,-21.743211007350041],[-43.343489791999957,-21.743209530350029],[-43.343391312999984,-21.74320854535004],[-43.343194700999959,-21.743229157350047],[-43.343046716999936,-21.743277353350027],[-43.342849844999932,-21.743320541350027],[-43.342702169999939,-21.743341643350025],[-43.34255509999997,-21.743362750350034],[-43.342382861999965,-21.743365542350073],[-43.342210933999979,-21.743341239350038],[-43.342039351999972,-21.743339521350023],[-43.341793975999956,-21.743291902350038],[-43.34167132999994,-21.743290672350025],[-43.341548600999943,-21.743244283350048],[-43.341474891999958,-21.743243545350062],[-43.341327735999982,-21.743219490350029],[-43.341181270999982,-21.743082540350084],[-43.341035929999975,-21.742900441350045],[-43.341062395999984,-21.74264780735006],[-43.341112940999949,-21.742508316350051],[-43.341212543999973,-21.742306093350066],[-43.341287772999976,-21.742121689350096],[-43.341412282999954,-21.741960358350084],[-43.341560388999937,-21.741848941350053],[-43.341783549999946,-21.741620859350096],[-43.341905932999964,-21.741644665350091],[-43.342028144999972,-21.741736211350108],[-43.342224063999936,-21.741828494350067],[-43.342419377999931,-21.741920771350081],[-43.342517596999983,-21.74194433535008],[-43.342763488999928,-21.741946798350067],[-43.34308300199995,-21.741904835350073],[-43.343230726999934,-21.741879218350057],[-43.34332859999995,-21.741880198350106],[-43.343898593999938,-21.741334943350097],[-43.344517260999972,-21.740812754350124],[-43.344760822999952,-21.741018413350091],[-43.345079386999942,-21.741111918350075],[-43.345251570999942,-21.741113640350125],[-43.345520851999929,-21.741184073350073],[-43.345742489999957,-21.741141128350122],[-43.346013631999938,-21.74104900035011],[-43.346210929999984,-21.740915490350091],[-43.346408364999938,-21.740822625350113],[-43.346654943999965,-21.740712186350088],[-43.346950338999925,-21.740665460350094],[-43.347243873999957,-21.740781293350086],[-43.347390512999944,-21.740850498350124],[-43.347561663999954,-21.740942528350086],[-43.347756071999981,-21.741219948350107],[-43.347829440999931,-21.741339900350091],[-43.347836561999948,-21.741358550350089],[-43.347860730999969,-21.741393245350107],[-43.347890088999975,-21.741449950350066],[-43.347908021999956,-21.741505868350107],[-43.347931722999931,-21.741622262350084],[-43.347934915999986,-21.741708049350073],[-43.347930703999964,-21.741784405350089],[-43.347918538999977,-21.741899663350072],[-43.347872793999954,-21.742032515350061],[-43.347812067999939,-21.742162099350093],[-43.347767695999949,-21.742210118350052],[-43.34775637599995,-21.742235682350049],[-43.347690677999935,-21.742384058350073],[-43.34768631999998,-21.742393902350045],[-43.347683641999936,-21.742399949350045],[-43.347675974999959,-21.74241726635006],[-43.347667048999945,-21.742437423350054],[-43.347659419999957,-21.742452568350078],[-43.347648373999959,-21.742474497350088],[-43.347645236999931,-21.742479101350064],[-43.347641415999931,-21.742484712350073],[-43.347637569999961,-21.74249035735005],[-43.347631011999965,-21.742499986350087],[-43.347624107999934,-21.742512523350047],[-43.347616161999952,-21.742526398350044],[-43.347591514999969,-21.742569437350085],[-43.34754577199994,-21.742644652350062],[-43.347480767999969,-21.742639321350058],[-43.347460875999957,-21.742736850350063],[-43.347461752999948,-21.742894728350056],[-43.347468279999923,-21.743027603350054],[-43.347475034999945,-21.743140435350067],[-43.347487785999931,-21.743198195350072],[-43.347515041999948,-21.74322868035004],[-43.347580475999962,-21.743301861350034],[-43.34792987099997,-21.743550034350033],[-43.347998497999981,-21.743594473350043],[-43.34811747699996,-21.743650571350052],[-43.348266062999983,-21.743685202350015],[-43.348287669999934,-21.743689780350024],[-43.348407890999958,-21.743715249350053],[-43.348539641999935,-21.743743163350043],[-43.348528932999955,-21.743785255350044],[-43.348561749999931,-21.743791602350058],[-43.348627087999944,-21.743804239350048],[-43.348670781999935,-21.743812689350051],[-43.348670881999958,-21.74381270935001],[-43.348720703999952,-21.743822345350036],[-43.348824567999941,-21.743842433350011],[-43.348928438999963,-21.743862521350053],[-43.349044034999963,-21.743906417350008],[-43.349142517999951,-21.743925453350037],[-43.349236223999981,-21.743943565349994],[-43.349243890999958,-21.743945191350033],[-43.349260900999987,-21.743876628350016],[-43.349357834999978,-21.743895830350052],[-43.349366396999983,-21.743863034350024],[-43.349366587999945,-21.743862302350035],[-43.349369229999979,-21.743852181350029],[-43.349464952999938,-21.743871280350014],[-43.349461453999929,-21.743885141350027],[-43.349461445999964,-21.743885175350012],[-43.349436010999966,-21.743985936350004],[-43.349531770999931,-21.74400624535005],[-43.349541358999943,-21.743966711350048],[-43.34954356999998,-21.743957598350022],[-43.349555867999982,-21.743906897350048],[-43.349563087999968,-21.743877127350018],[-43.349575566999924,-21.743880018350044],[-43.349588328999971,-21.743882974350036],[-43.349600279999947,-21.743885742350038],[-43.349697707999944,-21.743908312350044],[-43.34971906199997,-21.743913259350023],[-43.34972441899999,-21.74391450035003],[-43.349727445999967,-21.743915201350056],[-43.349729052999969,-21.743915573350041],[-43.34973034799998,-21.743935819350007],[-43.349731173999942,-21.743948719350016],[-43.349731903999952,-21.743960129350029],[-43.34973268899995,-21.743972389350031],[-43.349735561999978,-21.744017251350012],[-43.349856570999975,-21.744050438350055],[-43.349951196999939,-21.744076390350045],[-43.350046927999983,-21.744102644350011],[-43.350036622999937,-21.744140749349992],[-43.35009591599993,-21.744156718350002],[-43.35014158499996,-21.744169017350053],[-43.350170833999975,-21.744093785350028],[-43.35028867099993,-21.744144524350052],[-43.350419865999982,-21.744201013350008],[-43.350520429999953,-21.744247853350046],[-43.350687536999942,-21.744587049350013],[-43.350728368999967,-21.744656907350016],[-43.350927500999951,-21.745056151350006],[-43.351083354999957,-21.745223742349978],[-43.351151804999979,-21.745382103349975],[-43.35123084099996,-21.745491567350012],[-43.351255269999967,-21.74552539934999],[-43.351287773999957,-21.745598789350012],[-43.351318006999975,-21.745667050349972],[-43.351358875999956,-21.745759325349958],[-43.351368054999966,-21.745780051349968],[-43.351372673999947,-21.745790483349968],[-43.351423100999966,-21.745903727349997],[-43.351450954999962,-21.745966279349968],[-43.351455847999944,-21.745982702350009],[-43.351479592999965,-21.746062406349978],[-43.351479377999965,-21.746070826350003],[-43.351477216999967,-21.746155310349955],[-43.351475056999959,-21.74623981634997],[-43.351472763999936,-21.746329487349975],[-43.351540391999947,-21.746347474349953],[-43.351520155999935,-21.746435726349961],[-43.351574657999954,-21.746450174349977],[-43.351544918999927,-21.74654358434994],[-43.351490827999953,-21.746644576349944],[-43.351430361999974,-21.746763354349934],[-43.351369075999969,-21.746834685349956],[-43.351346611999929,-21.746908420349946],[-43.35131526899994,-21.747005962349927],[-43.351285188999952,-21.74710086834995],[-43.351243041999965,-21.747187988349928],[-43.351213795999968,-21.747299378349961],[-43.351179062999961,-21.747393269349974],[-43.351138437999964,-21.747514981349923],[-43.351118160999931,-21.747610918349949],[-43.351083610999979,-21.747679841349953],[-43.351070364999941,-21.747706264349961],[-43.351041524999971,-21.74772322534993],[-43.350990573999979,-21.747753190349947],[-43.35093207299996,-21.747807598349922],[-43.350883707999969,-21.747970918349928],[-43.350729217999969,-21.748036343349938],[-43.350713145999975,-21.748112160349919]]]},"properties":{"OBJECTID":69,"nro":96,"nome":"Nossa Senhora Aparecida","qtd_contrib_oficina_1_centro":null,"qtd_contrib_oficina_2_oeste":null,"qtd_contrib_oficina_3_leste":3,"qtd_contrib_oficina_4_nordeste":null,"qtd_contrib_oficina_5_vilas_nu":null,"qtd_contrib_oficina_6_n_co":null,"qtd_contrib_oficina_7_sudeste":null,"qtd_contrib_oficina_8_sul":null,"qtd_inscricoes_vaf":1,"observacao":"-","fonte":"PDDU","ano":"2000","vaf_2018":11378239,"vaf_2019":9249758,"vaf_2020":7323366,"vaf_2021":7160846,"vaf_2022":5825844,"bairro_dado_vinculado":"-","regiao_planejamento":"Leste","shape.STArea()":3.404081179156401e-05,"shape.STLength()":0.032428517967281731}},{"type":"Feature","id":70,"geometry":{"type":"Polygon","coordinates":[[[-43.337247129999987,-21.731057479350319],[-43.337500458999948,-21.731041959350357],[-43.337697139999932,-21.731066514350342],[-43.337942668999972,-21.731046398350362],[-43.338065301999968,-21.73104762935036],[-43.338408088999984,-21.731186551350326],[-43.338530288999948,-21.731278098350334],[-43.338725931999932,-21.731392962350334],[-43.338946517999943,-21.731440335350303],[-43.33916788199997,-21.731419976350345],[-43.339413670999932,-21.731377281350362],[-43.33958615399996,-21.731351915350313],[-43.339806913999958,-21.731331548350322],[-43.340028103999941,-21.731378926350359],[-43.340223663999957,-21.731448627350332],[-43.340469278999933,-21.731473669350329],[-43.34064219399994,-21.731357985350357],[-43.340839567999971,-21.731269641350341],[-43.341232810999941,-21.731223904350362],[-43.341551781999954,-21.731227100350313],[-43.341796618999979,-21.731319874350312],[-43.342065707999943,-21.731458050350316],[-43.342334312999981,-21.731691058350322],[-43.342577598999981,-21.731919296350299],[-43.342748822999965,-21.732056491350338],[-43.342918613999991,-21.732265930350326],[-43.343113745999965,-21.732425944350275],[-43.343258941999977,-21.732725457350291],[-43.343281640999976,-21.732906327350292],[-43.343206160999955,-21.733113310350287],[-43.343131026999963,-21.733342877350303],[-43.343029828999931,-21.733685084350249],[-43.343051957999933,-21.733915625350253],[-43.343149997999944,-21.73400692735024],[-43.343270082999936,-21.734283608350236],[-43.343440533999967,-21.734488537350241],[-43.343537452999946,-21.734624987350255],[-43.343609120999986,-21.734856024350233],[-43.343632682999946,-21.735014321350214],[-43.34363064799993,-21.735244620350223],[-43.343578383999954,-21.735587317350223],[-43.343503938999959,-21.735703990350256],[-43.343429198999956,-21.735793562350217],[-43.343206567999971,-21.735976493350197],[-43.342836788999939,-21.736135370350187],[-43.342639667999947,-21.736201137350214],[-43.342516597999975,-21.736290227350228],[-43.342392610999987,-21.736406403350237],[-43.342268676999943,-21.736518063350189],[-43.342193452999943,-21.736702468350213],[-43.342143481999983,-21.736792289350234],[-43.342239400999972,-21.737068728350167],[-43.342360346999946,-21.737322839350174],[-43.34250628999996,-21.737504942350203],[-43.342676137999945,-21.737709865350165],[-43.34274936099996,-21.737805435350197],[-43.342871051999964,-21.737942136350174],[-43.342992742999961,-21.738078834350162],[-43.343014439999934,-21.738399692350171],[-43.34303743199996,-21.738607660350151],[-43.342985941999984,-21.738882624350172],[-43.342983438999966,-21.739153563350119],[-43.342981660999953,-21.739361283350163],[-43.342981229999964,-21.739451600350115],[-43.342930687999967,-21.739591092350132],[-43.342979191999973,-21.739681899350117],[-43.343125051999955,-21.739818840350104],[-43.343271772999969,-21.739933209350113],[-43.34339367299998,-21.74005184735012],[-43.343417838999983,-21.740052089350126],[-43.343490855999953,-21.740165721350142],[-43.34373545099993,-21.740281070350132],[-43.343906597999926,-21.740373104350109],[-43.344102774999953,-21.74044280735011],[-43.344175187999952,-21.740556433350083],[-43.34432185999998,-21.740675318350078],[-43.344468237999934,-21.74076710335008],[-43.344517260999972,-21.740812754350124],[-43.343898593999938,-21.741334943350097],[-43.34332859999995,-21.741880198350106],[-43.343230726999934,-21.741879218350057],[-43.34308300199995,-21.741904835350073],[-43.342763488999928,-21.741946798350067],[-43.342517596999983,-21.74194433535008],[-43.342419377999931,-21.741920771350081],[-43.342224063999936,-21.741828494350067],[-43.342028144999972,-21.741736211350108],[-43.341905932999964,-21.741644665350091],[-43.341783549999946,-21.741620859350096],[-43.341316830999972,-21.741643279350079],[-43.341072200999974,-21.741478249350081],[-43.340852809999951,-21.741272829350105],[-43.340633159999982,-21.741089984350115],[-43.340462583999965,-21.7409482773501],[-43.340291438999948,-21.740856240350109],[-43.339900384999972,-21.740603936350105],[-43.339778520999971,-21.740534973350119],[-43.339557920999937,-21.740487600350082],[-43.339263787999982,-21.740371747350132],[-43.338944971999979,-21.740300808350121],[-43.338700120999931,-21.740208030350118],[-43.338504726999929,-21.740070587350154],[-43.338260188999982,-21.739950715350123],[-43.338016638999932,-21.739745048350137],[-43.337845151999943,-21.739630425350146],[-43.337674008999954,-21.739538386350169],[-43.337478960999931,-21.739423526350105],[-43.337381315999956,-21.739350287350156],[-43.33735732599996,-21.739282306350123],[-43.337358019999954,-21.739169411350154],[-43.33743403099993,-21.738917277350172],[-43.337533687999951,-21.738710540350127],[-43.33755949699998,-21.738620478350178],[-43.337608866999972,-21.738530653350132],[-43.337634727999955,-21.738436075350183],[-43.337635682999966,-21.738300604350158],[-43.337514255999963,-21.738141323350177],[-43.33749101199993,-21.737955932350182],[-43.337566762999984,-21.737726374350189],[-43.337813340999958,-21.737615949350197],[-43.337813599999954,-21.737593371350165],[-43.337912561999993,-21.73749952835016],[-43.338060924999972,-21.737365536350193],[-43.33816213799998,-21.737023333350194],[-43.338115766999984,-21.73674738835021],[-43.338093475999983,-21.736426525350193],[-43.337998604999932,-21.736059774350206],[-43.337951369999978,-21.735806400350199],[-43.337953361999958,-21.735580618350234],[-43.337882222999951,-21.735304426350247],[-43.337860276999947,-21.735006146350269],[-43.337886311999966,-21.734843830350275],[-43.337985912999955,-21.734641607350241],[-43.338111632999983,-21.73432222935028],[-43.338260823999967,-21.734115990350261],[-43.338384983999966,-21.733932077350268],[-43.338631815999968,-21.733799073350248],[-43.33695848299994,-21.731149417350355],[-43.337247129999987,-21.731057479350319]]]},"properties":{"OBJECTID":70,"nro":97,"nome":"Santa Rita","qtd_contrib_oficina_1_centro":null,"qtd_contrib_oficina_2_oeste":null,"qtd_contrib_oficina_3_leste":4,"qtd_contrib_oficina_4_nordeste":null,"qtd_contrib_oficina_5_vilas_nu":null,"qtd_contrib_oficina_6_n_co":null,"qtd_contrib_oficina_7_sudeste":null,"qtd_contrib_oficina_8_sul":null,"qtd_inscricoes_vaf":null,"observacao":"-","fonte":"PDDU","ano":"2000","vaf_2018":null,"vaf_2019":null,"vaf_2020":null,"vaf_2021":null,"vaf_2022":null,"bairro_dado_vinculado":"-","regiao_planejamento":"Leste","shape.STArea()":5.1216934496259515e-05,"shape.STLength()":0.034980821688369489}},{"type":"Feature","id":71,"geometry":{"type":"Polygon","coordinates":[[[-43.330851822999925,-21.727086761350407],[-43.330999137999981,-21.727043086350452],[-43.331097178999983,-21.726976333350443],[-43.331176804999984,-21.726882298350439],[-43.331257286999978,-21.72666182435044],[-43.331291605999979,-21.726567333350477],[-43.331343026999939,-21.72650914135043],[-43.331393082999959,-21.726464486350419],[-43.331491466999978,-21.726420317350442],[-43.331639385999949,-21.726376647350431],[-43.331787044999935,-21.72635555535043],[-43.331861003999961,-21.726333719350457],[-43.331983632999936,-21.72633495435046],[-43.332086067999967,-21.726358566350473],[-43.332208229999935,-21.726400441350442],[-43.332319517999963,-21.726442206350427],[-43.332385341999959,-21.726497060350464],[-43.332439854999961,-21.726642123350448],[-43.332469654999947,-21.726782421350414],[-43.332514242999935,-21.726949963350457],[-43.332760148999967,-21.727105984350459],[-43.332955874999982,-21.727107954350426],[-43.333079547999944,-21.727018879350421],[-43.333177325999934,-21.726974702350407],[-43.33332573499996,-21.726836199350466],[-43.333532498999944,-21.726666670350447],[-43.333450198999969,-21.727045190350438],[-43.333370012999978,-21.727292765350423],[-43.333120648999966,-21.727750891350432],[-43.333021223999936,-21.7278853723504],[-43.332871595999961,-21.728181925350381],[-43.33286815799994,-21.728479949350398],[-43.332890322999958,-21.728705975350397],[-43.333702202999973,-21.730656045350365],[-43.333847731999981,-21.730820085350327],[-43.334164795999975,-21.730936177350369],[-43.334383212999967,-21.731119016350352],[-43.335545083999925,-21.732322936350286],[-43.336310367999943,-21.731711928350343],[-43.33695848299994,-21.731149417350355],[-43.338631815999968,-21.733799073350248],[-43.338384983999966,-21.733932077350268],[-43.338260823999967,-21.734115990350261],[-43.338111632999983,-21.73432222935028],[-43.337985912999955,-21.734641607350241],[-43.337886311999966,-21.734843830350275],[-43.337860276999947,-21.735006146350269],[-43.337882222999951,-21.735304426350247],[-43.337953361999958,-21.735580618350234],[-43.337951369999978,-21.735806400350199],[-43.337998604999932,-21.736059774350206],[-43.338093475999983,-21.736426525350193],[-43.338115766999984,-21.73674738835021],[-43.33816213799998,-21.737023333350194],[-43.338060924999972,-21.737365536350193],[-43.337912561999993,-21.73749952835016],[-43.337813599999954,-21.737593371350165],[-43.337813340999958,-21.737615949350197],[-43.337566762999984,-21.737726374350189],[-43.33749101199993,-21.737955932350182],[-43.337514255999963,-21.738141323350177],[-43.337635682999966,-21.738300604350158],[-43.337634727999955,-21.738436075350183],[-43.337608866999972,-21.738530653350132],[-43.33755949699998,-21.738620478350178],[-43.337533687999951,-21.738710540350127],[-43.33743403099993,-21.738917277350172],[-43.337358019999954,-21.739169411350154],[-43.33651956299996,-21.739502468350125],[-43.335477492999985,-21.740041866350115],[-43.334164836999953,-21.740567537350096],[-43.332886591999966,-21.741170527350093],[-43.332836593999957,-21.741422965350097],[-43.332319699999978,-21.742352541350048],[-43.332150731999938,-21.742713755350046],[-43.332123636999938,-21.74302141235005],[-43.331449276999933,-21.744334310350006],[-43.330979581999941,-21.745199912350007],[-43.330859748999956,-21.745232269350023],[-43.330295128999978,-21.745411731350028],[-43.330294867999953,-21.745434309349985],[-43.329951260999962,-21.745521161349977],[-43.329485789999971,-21.745539044349972],[-43.329265088999932,-21.745604557350006],[-43.328995629999952,-21.745601836350023],[-43.328579961999935,-21.745597638350024],[-43.328236793999963,-21.745594172350007],[-43.328016876999982,-21.745591950349976],[-43.327675098999975,-21.745520757349979],[-43.327381472999946,-21.745517789349989],[-43.327185902999929,-21.745448072350019],[-43.326917310999931,-21.745422778350008],[-43.326918670999923,-21.745305374349975],[-43.326895467999975,-21.745169659349973],[-43.326824114999965,-21.744965717350002],[-43.326751503999958,-21.744870145350042],[-43.326679626999976,-21.744711358350013],[-43.32668203299994,-21.744503646349997],[-43.326707508999959,-21.744391002350035],[-43.326806688999959,-21.744279105350035],[-43.326857247999953,-21.744139619350015],[-43.326858473999948,-21.74398157135002],[-43.326810844999954,-21.743868188350035],[-43.326715638999985,-21.743636908350059],[-43.326595346999966,-21.743432471350026],[-43.326500060999926,-21.743156031350036],[-43.326380084999975,-21.74292450035005],[-43.326285402999986,-21.742648065350057],[-43.326044615999933,-21.742257252350051],[-43.325923018999951,-21.742165702350075],[-43.325605415999974,-21.742094749350091],[-43.32538673199997,-21.741934476350092],[-43.32516818199997,-21.741814847350064],[-43.324655620999984,-21.741674179350092],[-43.324265096999973,-21.741534745350084],[-43.32420762199996,-21.741518667350107],[-43.32469326699993,-21.741219768350085],[-43.325027792999947,-21.740794255350114],[-43.325361678999961,-21.740423720350119],[-43.325731637999979,-21.73998756535013],[-43.32637408099999,-21.739400200350151],[-43.32689907699995,-21.738789651350171],[-43.327375716999939,-21.738288585350169],[-43.327769203999935,-21.737852662350182],[-43.32823394199994,-21.737362470350213],[-43.328580089999946,-21.736948063350173],[-43.328438915999982,-21.735923874350235],[-43.328548586999943,-21.734583291350273],[-43.328272738999935,-21.7340086373503],[-43.328065088999956,-21.733643624350279],[-43.327989319999972,-21.733070991350303],[-43.328161847999979,-21.732401888350307],[-43.328276671999959,-21.731633225350297],[-43.328677891999973,-21.730526532350325],[-43.32904341699998,-21.729452470350367],[-43.329536486999977,-21.728544654350394],[-43.329731648999939,-21.727952758350401],[-43.329866311999979,-21.72750322135041],[-43.330068837999939,-21.727033707350447],[-43.33019068599998,-21.727102676350427],[-43.33031279599993,-21.727149068350421],[-43.330385628999977,-21.727172382350449],[-43.330532423999955,-21.727173863350419],[-43.33075343899997,-21.727130931350455],[-43.330851822999925,-21.727086761350407]]]},"properties":{"OBJECTID":71,"nro":98,"nome":"Bom Jardim","qtd_contrib_oficina_1_centro":null,"qtd_contrib_oficina_2_oeste":null,"qtd_contrib_oficina_3_leste":33,"qtd_contrib_oficina_4_nordeste":null,"qtd_contrib_oficina_5_vilas_nu":null,"qtd_contrib_oficina_6_n_co":null,"qtd_contrib_oficina_7_sudeste":null,"qtd_contrib_oficina_8_sul":null,"qtd_inscricoes_vaf":null,"observacao":"-","fonte":"PDDU","ano":"2000","vaf_2018":null,"vaf_2019":null,"vaf_2020":null,"vaf_2021":null,"vaf_2022":null,"bairro_dado_vinculado":"-","regiao_planejamento":"Leste","shape.STArea()":0.00013772841456846804,"shape.STLength()":0.058104909955150101}},{"type":"Feature","id":72,"geometry":{"type":"Polygon","coordinates":[[[-43.368145280999954,-21.750350535349849],[-43.36839170099995,-21.750307804349905],[-43.368612489999968,-21.750287400349904],[-43.368883382999968,-21.750217814349863],[-43.369142010999951,-21.750078058349917],[-43.369720565999948,-21.749765423349913],[-43.370324978999975,-21.749395496349919],[-43.370336563999956,-21.749484056349914],[-43.370341734999954,-21.749592329349863],[-43.370336340999984,-21.749709634349866],[-43.370320507999963,-21.749818833349874],[-43.370319369999955,-21.749826683349902],[-43.370322355999974,-21.749827629349909],[-43.370308266999992,-21.749858934349898],[-43.370550670999933,-21.749936309349891],[-43.370589526999929,-21.749913161349866],[-43.370638180999947,-21.749927694349875],[-43.370638271999951,-21.749927734349907],[-43.370679053999943,-21.749945580349902],[-43.370996064999979,-21.750084357349905],[-43.371005239999931,-21.750088374349886],[-43.371231173999938,-21.750187280349902],[-43.371231911999985,-21.750185150349918],[-43.371235795999951,-21.750186834349893],[-43.371204256999931,-21.750223564349866],[-43.371153819999961,-21.750286866349864],[-43.37110049599994,-21.750348069349897],[-43.371077129999939,-21.750373260349868],[-43.371070739999936,-21.750379053349871],[-43.371043540999949,-21.75041072834987],[-43.370987187999958,-21.750464816349893],[-43.370928484999979,-21.750516674349889],[-43.370864612999974,-21.750568484349891],[-43.370800594999942,-21.750601093349847],[-43.370806176999963,-21.750852760349883],[-43.370819609999955,-21.751458447349837],[-43.370843466999929,-21.752534133349851],[-43.370858072999965,-21.753192661349811],[-43.370374896999969,-21.753279312349804],[-43.37005804599994,-21.753295913349824],[-43.36976978499996,-21.753273350349815],[-43.36943952699994,-21.753286733349832],[-43.369439539999973,-21.753286786349825],[-43.369361055999946,-21.75333751734982],[-43.369321309999982,-21.753363208349775],[-43.369296030999976,-21.753541207349798],[-43.369286565999971,-21.753554013349827],[-43.369282704999932,-21.753576424349806],[-43.369357494999967,-21.753581021349785],[-43.369404545999942,-21.753583913349779],[-43.369348536999951,-21.753713663349817],[-43.369273815999975,-21.753802184349766],[-43.369163320999974,-21.753758821349781],[-43.369112549999961,-21.753864568349819],[-43.369044031999969,-21.753927954349781],[-43.369044365999969,-21.753928259349792],[-43.369043340999951,-21.753928594349777],[-43.368928565999965,-21.754028144349775],[-43.368922476999956,-21.754021499349797],[-43.368641861999947,-21.75423696934979],[-43.368525854999973,-21.754223339349775],[-43.368368181999983,-21.754342825349799],[-43.368293264999977,-21.754428550349754],[-43.368250199999977,-21.754477828349764],[-43.368232171999971,-21.754498021349768],[-43.368156036999949,-21.754583296349768],[-43.368069408999929,-21.75468310634977],[-43.368079337999966,-21.754693942349764],[-43.367996923999954,-21.754784468349772],[-43.367815963999924,-21.754946728349797],[-43.367827213999931,-21.754958385349752],[-43.367728278999948,-21.755032689349758],[-43.367660364999949,-21.755053009349798],[-43.36759849699996,-21.755071520349748],[-43.367603522999957,-21.755077178349776],[-43.367077789999939,-21.755517048349741],[-43.366917265999973,-21.755298207349743],[-43.366746196999934,-21.75522222734978],[-43.366598016999944,-21.754923044349763],[-43.366229818999955,-21.75487939434975],[-43.36591221499998,-21.754695987349802],[-43.36586810099994,-21.754670513349769],[-43.36583061299995,-21.754696195349759],[-43.365823043999967,-21.754701380349779],[-43.365733560999949,-21.754787506349775],[-43.365652405999981,-21.754865615349775],[-43.365597673999957,-21.754918295349785],[-43.365208906999946,-21.755292472349748],[-43.364952842999969,-21.755538920349782],[-43.36484891799995,-21.755638943349748],[-43.364799879999964,-21.755686139349759],[-43.364782310999942,-21.755703047349719],[-43.364779071999976,-21.755706167349754],[-43.364755630999987,-21.755728733349745],[-43.364685185999974,-21.755776027349754],[-43.364672346999953,-21.755766455349743],[-43.364652860999968,-21.755751927349735],[-43.364569357999983,-21.755677983349727],[-43.364522695999938,-21.755628669349768],[-43.364478112999961,-21.755567599349749],[-43.364415830999974,-21.755457367349745],[-43.364355842999942,-21.755351194349746],[-43.36424301999994,-21.755201070349734],[-43.364153060999961,-21.755096226349785],[-43.363948658999966,-21.75484499834976],[-43.363844591999964,-21.754699096349778],[-43.36381771899994,-21.7546448273498],[-43.363793729999941,-21.754571254349795],[-43.363739324999983,-21.754404392349784],[-43.363717019999974,-21.7543299193498],[-43.363691668999934,-21.754268915349776],[-43.363677478999925,-21.75424447434979],[-43.363644619999953,-21.754207698349777],[-43.363613130999958,-21.754177685349767],[-43.363582951999945,-21.754159836349803],[-43.363575992999976,-21.754157731349782],[-43.36343101999995,-21.754113883349767],[-43.363400923999961,-21.75410478034981],[-43.363292764999983,-21.75407400934979],[-43.363229691999948,-21.754053399349804],[-43.362843509999948,-21.753953288349805],[-43.362674443999936,-21.753909461349796],[-43.362495309999979,-21.753900410349797],[-43.362338255999937,-21.753911474349771],[-43.362021728999935,-21.753997259349784],[-43.361941650999945,-21.754022101349793],[-43.361694817999933,-21.7540764493498],[-43.361685197999975,-21.754079793349785],[-43.361555358999965,-21.754124934349768],[-43.361519774999977,-21.754137305349786],[-43.361432231999963,-21.754167741349761],[-43.36108818699995,-21.754065258349797],[-43.361090584999943,-21.753781140349769],[-43.361091693999981,-21.753649813349817],[-43.360800078999944,-21.753308219349805],[-43.360828615999935,-21.752870442349813],[-43.360902072999977,-21.752893750349795],[-43.361110908999933,-21.75147777134983],[-43.365546582999968,-21.752623572349815],[-43.36586939699999,-21.75223837834983],[-43.365771583999958,-21.752124510349848],[-43.36572340999993,-21.752056292349828],[-43.365650932999991,-21.751892998349827],[-43.365603014999984,-21.75180220234984],[-43.365482107999981,-21.751593268349847],[-43.365409066999973,-21.751479645349843],[-43.365336121999974,-21.751411183349848],[-43.365140173999983,-21.751318924349867],[-43.364944830999939,-21.751226672349858],[-43.36482268799994,-21.751180305349884],[-43.364675425999962,-21.751111108349868],[-43.364504344999943,-21.751064257349842],[-43.364307885999949,-21.751017154349864],[-43.364136292999952,-21.75101545734983],[-43.364014058999942,-21.750923927349866],[-43.364066026999986,-21.750603799349886],[-43.36421319599998,-21.750627835349896],[-43.364458849999949,-21.750652843349872],[-43.364606017999968,-21.750676879349879],[-43.364801923999948,-21.75071946034987],[-43.365047577999974,-21.750744467349847],[-43.365292882999931,-21.750746891349852],[-43.365514020999967,-21.750749075349887],[-43.365808778999963,-21.750706826349845],[-43.366079162999938,-21.750682400349866],[-43.366374267999966,-21.750662733349856],[-43.366521947999956,-21.750641611349891],[-43.366694102999929,-21.750593633349844],[-43.366767815999935,-21.750594361349876],[-43.366989718999939,-21.750528810349913],[-43.367308992999938,-21.750509380349893],[-43.367554857999949,-21.750462129349881],[-43.367998154999952,-21.750376180349896],[-43.368145280999954,-21.750350535349849]]]},"properties":{"OBJECTID":72,"nro":100,"nome":"Vale do Ipê","qtd_contrib_oficina_1_centro":null,"qtd_contrib_oficina_2_oeste":null,"qtd_contrib_oficina_3_leste":null,"qtd_contrib_oficina_4_nordeste":null,"qtd_contrib_oficina_5_vilas_nu":null,"qtd_contrib_oficina_6_n_co":null,"qtd_contrib_oficina_7_sudeste":null,"qtd_contrib_oficina_8_sul":null,"qtd_inscricoes_vaf":null,"observacao":"-","fonte":"PDDU","ano":"2000","vaf_2018":null,"vaf_2019":null,"vaf_2020":null,"vaf_2021":null,"vaf_2022":null,"bairro_dado_vinculado":"-","regiao_planejamento":"Centro","shape.STArea()":3.358291040862201e-05,"shape.STLength()":0.034751224518373966}},{"type":"Feature","id":73,"geometry":{"type":"Polygon","coordinates":[[[-43.358778237999964,-21.751441101349837],[-43.358606552999959,-21.751394237349828],[-43.358459897999971,-21.751325041349855],[-43.358239530999981,-21.751255113349842],[-43.358117646999972,-21.751186163349836],[-43.357946221999953,-21.751116721349856],[-43.357799564999944,-21.75104752434984],[-43.357628704999968,-21.750928411349854],[-43.357457791999927,-21.750813812349886],[-43.357359820999932,-21.750767679349888],[-43.357189421999976,-21.750607924349858],[-43.357067706999942,-21.750471234349892],[-43.35692161999998,-21.75035236534989],[-43.356848329999934,-21.750261316349892],[-43.356727219999982,-21.750124631349873],[-43.35658073299993,-21.74998769434989],[-43.356459327999964,-21.749823910349903],[-43.356387157999961,-21.74968771134991],[-43.356290215999934,-21.74955126634989],[-43.356266523999977,-21.749456194349882],[-43.356169234999989,-21.749297164349933],[-43.356145581999954,-21.749251769349886],[-43.356073372999951,-21.749065892349911],[-43.356370234999993,-21.748838522349914],[-43.357551539999982,-21.748574771349894],[-43.359397698999949,-21.748082769349914],[-43.359766047999983,-21.748104484349923],[-43.35976352299997,-21.748379940349906],[-43.359910945999957,-21.748381400349931],[-43.36003359599993,-21.748382617349908],[-43.360107050999943,-21.748405925349939],[-43.360180505999949,-21.748429233349931],[-43.36027796299993,-21.748520520349906],[-43.360400192999975,-21.748612053349948],[-43.360448362999932,-21.748680271349908],[-43.360545769999931,-21.74877607434993],[-43.360716170999979,-21.748935825349939],[-43.360813628999949,-21.749027112349911],[-43.360935858999937,-21.749118645349892],[-43.361082257999954,-21.749210416349921],[-43.361278199999958,-21.749302678349935],[-43.361571713999979,-21.749423003349875],[-43.361742791999973,-21.74946985734989],[-43.361865279999968,-21.749538811349908],[-43.361938223999971,-21.749607274349902],[-43.362058918999935,-21.749834273349908],[-43.36213113499997,-21.750020148349897],[-43.362228081999945,-21.750156589349892],[-43.362398742999972,-21.75029376134988],[-43.362520411999981,-21.750434964349871],[-43.362666812999976,-21.750526734349851],[-43.362789045999939,-21.750618265349864],[-43.362935190999963,-21.750732613349875],[-43.363081847999972,-21.750801805349877],[-43.363327501999947,-21.750826816349868],[-43.363597322999958,-21.750852065349843],[-43.363769519999941,-21.750853768349852],[-43.364014058999942,-21.750923927349866],[-43.364136292999952,-21.75101545734983],[-43.364307885999949,-21.751017154349864],[-43.364504344999943,-21.751064257349842],[-43.364675425999962,-21.751111108349868],[-43.36482268799994,-21.751180305349884],[-43.364944830999939,-21.751226672349858],[-43.365140173999983,-21.751318924349867],[-43.365336121999974,-21.751411183349848],[-43.365409066999973,-21.751479645349843],[-43.365482107999981,-21.751593268349847],[-43.365603014999984,-21.75180220234984],[-43.365650932999991,-21.751892998349827],[-43.36572340999993,-21.752056292349828],[-43.365771583999958,-21.752124510349848],[-43.36586939699999,-21.75223837834983],[-43.365546582999968,-21.752623572349815],[-43.361110908999933,-21.75147777134983],[-43.360902072999977,-21.752893750349795],[-43.360828615999935,-21.752870442349813],[-43.360800078999944,-21.753308219349805],[-43.360653984999942,-21.753189354349821],[-43.360532006999954,-21.753075242349816],[-43.360410799999954,-21.752893399349805],[-43.360240138999984,-21.752756225349842],[-43.360143920999974,-21.752502372349834],[-43.359973517999954,-21.752342619349854],[-43.359851848999938,-21.752201415349809],[-43.359632504999972,-21.752041178349828],[-43.35943707399997,-21.751903758349847],[-43.359265901999947,-21.751811740349869],[-43.359217473999934,-21.75176609934983],[-43.359095294999975,-21.751670050349848],[-43.358949151999987,-21.751555698349833],[-43.358778237999964,-21.751441101349837]]]},"properties":{"OBJECTID":73,"nro":101,"nome":"Santa Catarina","qtd_contrib_oficina_1_centro":1,"qtd_contrib_oficina_2_oeste":null,"qtd_contrib_oficina_3_leste":null,"qtd_contrib_oficina_4_nordeste":null,"qtd_contrib_oficina_5_vilas_nu":null,"qtd_contrib_oficina_6_n_co":null,"qtd_contrib_oficina_7_sudeste":null,"qtd_contrib_oficina_8_sul":null,"qtd_inscricoes_vaf":null,"observacao":"-","fonte":"PDDU","ano":"2000","vaf_2018":null,"vaf_2019":null,"vaf_2020":null,"vaf_2021":null,"vaf_2022":null,"bairro_dado_vinculado":"-","regiao_planejamento":"Centro","shape.STArea()":2.1121798111533005e-05,"shape.STLength()":0.025362044512140088}},{"type":"Feature","id":74,"geometry":{"type":"Polygon","coordinates":[[[-43.356897334999985,-21.759559899349654],[-43.356879588999959,-21.759565479349646],[-43.356826004999959,-21.759582327349666],[-43.356815554999969,-21.759580600349683],[-43.356374026999958,-21.759847903349659],[-43.356065199999939,-21.759773048349636],[-43.355994757999952,-21.760044153349643],[-43.355942398999957,-21.760057981349668],[-43.355891528999955,-21.760076020349668],[-43.355876740999975,-21.760082180349674],[-43.355833678999943,-21.760103233349621],[-43.354933684999935,-21.759942801349649],[-43.354247260999948,-21.759777909349669],[-43.352080913999941,-21.759241511349678],[-43.352400126999953,-21.75779955234967],[-43.35269362899993,-21.756650878349713],[-43.353141865999923,-21.754862465349774],[-43.353599128999974,-21.753182524349796],[-43.354975999999965,-21.753683956349803],[-43.355244538999955,-21.753822107349787],[-43.356476420999968,-21.75341887134979],[-43.356573107999957,-21.753577895349814],[-43.356767292999969,-21.753877884349791],[-43.356598306999949,-21.753912334349785],[-43.35660495299993,-21.753912400349819],[-43.356473272999949,-21.753960768349778],[-43.356347314999937,-21.754090483349803],[-43.356419421999931,-21.754285390349768],[-43.356587444999946,-21.754282544349799],[-43.356672638999946,-21.75428339034978],[-43.356797106999977,-21.75428462534979],[-43.357018891999992,-21.754336505349787],[-43.357204219999971,-21.754406087349764],[-43.357318506999945,-21.754452382349768],[-43.357571595999957,-21.754567797349807],[-43.357791711999937,-21.754660303349798],[-43.35793736699997,-21.754711426349779],[-43.358109800999955,-21.754798942349787],[-43.358236724999983,-21.754849879349752],[-43.358403066999976,-21.754941851349752],[-43.358573984999971,-21.755056449349741],[-43.358670161999953,-21.755260626349735],[-43.358742376999942,-21.755446502349777],[-43.358790124999985,-21.755605037349738],[-43.359573905999987,-21.755816035349731],[-43.359391733999985,-21.756274970349761],[-43.359147143999962,-21.756891143349726],[-43.359071888999949,-21.757025879349726],[-43.359022177999982,-21.757093127349716],[-43.358971733999965,-21.757277786349722],[-43.358908174999954,-21.75733519434969],[-43.358801450999984,-21.757292439349708],[-43.358752698999979,-21.757396473349715],[-43.358705856999961,-21.757495627349716],[-43.35868313199996,-21.757543731349678],[-43.358659014999944,-21.757594781349702],[-43.358612172999983,-21.757693934349714],[-43.358565329999976,-21.757793087349715],[-43.358517248999931,-21.757883606349687],[-43.358483602999961,-21.757988425349687],[-43.358454813999977,-21.758116240349718],[-43.358395083999945,-21.758261664349696],[-43.358271919999936,-21.758342650349697],[-43.358157317999947,-21.758421107349665],[-43.358058617999973,-21.758509769349665],[-43.357978216999989,-21.758649578349672],[-43.35792085199995,-21.758750087349661],[-43.35790147199998,-21.758771993349693],[-43.357884462999955,-21.758791219349696],[-43.357883026999957,-21.758792843349699],[-43.357805504999931,-21.758847281349698],[-43.357733724999946,-21.758905206349663],[-43.357643732999975,-21.75903497734965],[-43.357618852999963,-21.75907887834968],[-43.357649914999968,-21.759090873349695],[-43.35759780199993,-21.759141071349685],[-43.357597609999971,-21.759141259349683],[-43.357363057999976,-21.759307619349677],[-43.357344096999952,-21.759321030349675],[-43.357326869999959,-21.759333787349647],[-43.35731544499999,-21.759342717349682],[-43.357075072999983,-21.759530599349649],[-43.356960128999958,-21.759540156349658],[-43.356897334999985,-21.759559899349654]]]},"properties":{"OBJECTID":74,"nro":104,"nome":"Santa Helena","qtd_contrib_oficina_1_centro":null,"qtd_contrib_oficina_2_oeste":null,"qtd_contrib_oficina_3_leste":null,"qtd_contrib_oficina_4_nordeste":null,"qtd_contrib_oficina_5_vilas_nu":null,"qtd_contrib_oficina_6_n_co":null,"qtd_contrib_oficina_7_sudeste":null,"qtd_contrib_oficina_8_sul":null,"qtd_inscricoes_vaf":43,"observacao":"-","fonte":"PDDU","ano":"2000","vaf_2018":110030,"vaf_2019":3755687,"vaf_2020":2145598,"vaf_2021":2163342,"vaf_2022":1876037,"bairro_dado_vinculado":"-","regiao_planejamento":"Centro","shape.STArea()":3.3995480993103009e-05,"shape.STLength()":0.024440361781189874}},{"type":"Feature","id":75,"geometry":{"type":"Polygon","coordinates":[[[-43.358548649999932,-21.770248249349397],[-43.358615804999943,-21.77029396834941],[-43.358817916999946,-21.770431565349394],[-43.358865287999954,-21.770463323349379],[-43.358988853999961,-21.770546163349383],[-43.359453411999937,-21.770934638349392],[-43.359011463999934,-21.771002510349376],[-43.358544904999974,-21.771002395349406],[-43.357858387999954,-21.771000093349357],[-43.354745181999931,-21.770327864349404],[-43.354421965999961,-21.771218827349404],[-43.352730031999954,-21.770985207349387],[-43.352954796999938,-21.770142944349431],[-43.353543593999973,-21.770234614349384],[-43.35361796199993,-21.770072776349391],[-43.353727111999945,-21.769193232349426],[-43.353600728999936,-21.768564243349431],[-43.353480414999979,-21.76803918234943],[-43.353598233999946,-21.767511975349493],[-43.353628062999974,-21.767440016349468],[-43.353727073999949,-21.767395841349437],[-43.353845214999978,-21.767369921349466],[-43.353923975999976,-21.767352641349461],[-43.354022073999943,-21.767335553349454],[-43.354023257999984,-21.767231695349473],[-43.354014530999962,-21.767096127349454],[-43.353956548999975,-21.766987164349459],[-43.353869627999984,-21.766819206349503],[-43.353762494999955,-21.766727817349473],[-43.353596350999965,-21.766617778349477],[-43.353478945999939,-21.766526288349489],[-43.353381466999963,-21.766489189349507],[-43.353293361999931,-21.766425087349489],[-43.353234556999958,-21.766388373349514],[-43.353147466999985,-21.766288152349485],[-43.353099619999959,-21.766138645349493],[-43.353081533999955,-21.765975887349505],[-43.35308237199996,-21.765849446349492],[-43.353122215999981,-21.765800167349489],[-43.353162214999934,-21.765737340349531],[-43.353251157999985,-21.765675000349539],[-43.353349665999986,-21.765621789349513],[-43.353428529999974,-21.765595478349518],[-43.353477835999975,-21.765564356349515],[-43.353792276999968,-21.764488149349571],[-43.354044873999953,-21.76342938934955],[-43.354173217999971,-21.763462279349554],[-43.354409210999961,-21.762534319349566],[-43.354262237999933,-21.762492212349599],[-43.354832142999953,-21.760262431349631],[-43.354933684999935,-21.759942801349649],[-43.355198837999978,-21.759990067349666],[-43.355833678999936,-21.760103234349668],[-43.35582177699996,-21.76010905334963],[-43.355769942999991,-21.760140897349665],[-43.355721753999937,-21.760177394349657],[-43.355677685999979,-21.760218184349611],[-43.355641434999932,-21.760371232349634],[-43.35558851299993,-21.760594659349653],[-43.355588483999952,-21.760594787349611],[-43.355523638999955,-21.760868551349642],[-43.355522681999958,-21.760987854349604],[-43.355526245999954,-21.760988559349599],[-43.35552247399994,-21.761013797349637],[-43.355491051999934,-21.761224056349601],[-43.355463245999943,-21.761410113349598],[-43.355414224999947,-21.761738137349599],[-43.355401172999969,-21.761825465349595],[-43.355385391999953,-21.76193107034959],[-43.355369442999972,-21.762037785349595],[-43.355354630999955,-21.762136893349631],[-43.355350624999971,-21.762163703349582],[-43.35542187599998,-21.76217372134958],[-43.35542411299997,-21.76217403534962],[-43.355478134999942,-21.762181631349602],[-43.355472234999972,-21.762226894349602],[-43.355427539999937,-21.762569788349584],[-43.355562835999933,-21.762749417349564],[-43.355494951999958,-21.763022336349557],[-43.355481734999948,-21.76302368934957],[-43.355462339999967,-21.763153479349597],[-43.355347644999938,-21.763614686349577],[-43.355385360999954,-21.763668606349551],[-43.355560118999961,-21.763918450349536],[-43.355556766999946,-21.764013383349543],[-43.35555298799995,-21.76412040834952],[-43.355550981999947,-21.764177182349542],[-43.35555065799997,-21.76418636634958],[-43.355550232999974,-21.764198390349573],[-43.355549795999941,-21.764210749349555],[-43.355546451999935,-21.764305458349558],[-43.355562550999935,-21.764310088349518],[-43.355701987999964,-21.764350186349528],[-43.355790970999969,-21.764368286349562],[-43.355804367999951,-21.764372891349584],[-43.355809961999967,-21.76437402934954],[-43.355899511999951,-21.764404810349554],[-43.355982816999983,-21.764439565349551],[-43.356067379999956,-21.764473249349557],[-43.356159824999963,-21.764510791349544],[-43.356236777999982,-21.764536526349545],[-43.356300090999973,-21.764557855349544],[-43.35648359399994,-21.764619675349522],[-43.35657777299997,-21.764651170349552],[-43.356572850999953,-21.764690744349526],[-43.356551915999944,-21.764859140349504],[-43.356545289999985,-21.764912441349541],[-43.35652436699997,-21.765012669349545],[-43.356522736999977,-21.765020478349495],[-43.356517408999942,-21.765046002349525],[-43.356515650999931,-21.765045517349542],[-43.355910613999981,-21.764878742349516],[-43.355826092999962,-21.764855444349546],[-43.355809158999925,-21.764850777349551],[-43.355809072999932,-21.764851260349502],[-43.355808641999936,-21.764853675349542],[-43.355806863999938,-21.764853185349551],[-43.355804304999936,-21.764852480349514],[-43.35579744599994,-21.764890747349543],[-43.355742203999966,-21.765199014349527],[-43.355843138999944,-21.765218729349527],[-43.355864879999956,-21.765222977349509],[-43.356461502999935,-21.765339513349517],[-43.356703066999955,-21.76600900834951],[-43.356722988999934,-21.766064220349513],[-43.35672838499994,-21.7660791753495],[-43.356730081999956,-21.766104879349491],[-43.356740957999932,-21.766269538349498],[-43.356764409999982,-21.766403157349487],[-43.356767197999943,-21.766419047349476],[-43.356768045999956,-21.766423882349503],[-43.356778881999958,-21.766450591349493],[-43.356808589999957,-21.766619855349511],[-43.356792531999986,-21.766809370349492],[-43.356765017999969,-21.766890386349459],[-43.356698391999949,-21.767015634349463],[-43.356694585999946,-21.767013943349447],[-43.35669398199996,-21.767015078349498],[-43.35664930299999,-21.767099069349488],[-43.356581354999946,-21.767175166349471],[-43.356526148999933,-21.767215528349464],[-43.356524781999958,-21.767215932349448],[-43.356521961999931,-21.76721858934949],[-43.356404626999961,-21.767304375349493],[-43.356484724999973,-21.767381945349459],[-43.356657517999963,-21.767577510349465],[-43.356664117999969,-21.767577585349461],[-43.356672234999962,-21.767587715349496],[-43.357113572999928,-21.767592100349447],[-43.357091288999975,-21.767754848349472],[-43.357111356999951,-21.767770465349454],[-43.357112647999948,-21.767771481349453],[-43.357113099999935,-21.767771849349487],[-43.357179846999948,-21.767826212349483],[-43.35726320699996,-21.767899567349467],[-43.357330590999936,-21.767963787349476],[-43.357395430999929,-21.768030256349459],[-43.357131828999968,-21.768269560349456],[-43.35709811199996,-21.768300168349423],[-43.357076003999964,-21.768335328349465],[-43.357045221999954,-21.768384284349462],[-43.357012532999931,-21.768493162349447],[-43.357012157999975,-21.768495849349453],[-43.357222352999941,-21.768548297349419],[-43.357437183999934,-21.768599436349461],[-43.357860693999946,-21.768700248349429],[-43.358229480999967,-21.768806251349424],[-43.358233994999978,-21.76881283934943],[-43.35824902599996,-21.768834777349415],[-43.358281886999976,-21.768882745349455],[-43.358678302999976,-21.769461393349431],[-43.358672193999951,-21.769467917349449],[-43.358279877999962,-21.769886890349401],[-43.358349007999948,-21.77015243134942],[-43.358440858999984,-21.770197454349404],[-43.358548649999932,-21.770248249349397]]]},"properties":{"OBJECTID":75,"nro":106,"nome":"Paineiras","qtd_contrib_oficina_1_centro":null,"qtd_contrib_oficina_2_oeste":null,"qtd_contrib_oficina_3_leste":null,"qtd_contrib_oficina_4_nordeste":null,"qtd_contrib_oficina_5_vilas_nu":null,"qtd_contrib_oficina_6_n_co":null,"qtd_contrib_oficina_7_sudeste":null,"qtd_contrib_oficina_8_sul":null,"qtd_inscricoes_vaf":null,"observacao":"-","fonte":"PDDU","ano":"2000","vaf_2018":null,"vaf_2019":null,"vaf_2020":null,"vaf_2021":null,"vaf_2022":null,"bairro_dado_vinculado":"-","regiao_planejamento":"Centro","shape.STArea()":2.9557673005218508e-05,"shape.STLength()":0.037948126688220341}},{"type":"Feature","id":76,"geometry":{"type":"Polygon","coordinates":[[[-43.359011463999934,-21.771002510349376],[-43.359458939999968,-21.770928697349401],[-43.359463208999962,-21.770932164349418],[-43.35971726899993,-21.771075885349376],[-43.360174756999974,-21.771435631349384],[-43.360543283999959,-21.771844286349374],[-43.360559896999966,-21.771868861349386],[-43.360952229999953,-21.772449205349371],[-43.361296950999986,-21.773076722349366],[-43.361297147999949,-21.773077972349327],[-43.361391812999955,-21.773676947349312],[-43.361398631999975,-21.773720091349333],[-43.361371950999967,-21.774046216349337],[-43.361366732999961,-21.774110006349289],[-43.361355038999925,-21.774252938349303],[-43.361327680999977,-21.774587324349312],[-43.361322738999945,-21.774647735349316],[-43.361328543999946,-21.774652103349268],[-43.361329888999933,-21.774653044349325],[-43.361331388999986,-21.774654019349295],[-43.361333308999974,-21.774655164349298],[-43.361335696999951,-21.774656438349286],[-43.361337744999958,-21.774657407349277],[-43.361339760999954,-21.774658258349319],[-43.361341117999984,-21.774658801349318],[-43.361342863999944,-21.774659443349297],[-43.361345129999968,-21.774660139349329],[-43.361347206999937,-21.77466069634929],[-43.361349030999975,-21.774661113349314],[-43.361350886999958,-21.77466147034929],[-43.361352761999967,-21.774661763349318],[-43.361354026999955,-21.774661923349271],[-43.361355517999975,-21.774662074349322],[-43.361357860999931,-21.774662226349314],[-43.361362743999962,-21.77466224434929],[-43.361466094999969,-21.774667261349318],[-43.361639842999978,-21.774671781349266],[-43.361672699999986,-21.774670628349305],[-43.361712677999947,-21.774665572349285],[-43.361231368999938,-21.775034794349288],[-43.360781864999979,-21.7752877533493],[-43.360513738999941,-21.774896713349307],[-43.359678523999946,-21.775213584349288],[-43.359824139999937,-21.775535669349281],[-43.35866876799998,-21.775944196349258],[-43.361060812999938,-21.778555634349232],[-43.361744278999929,-21.779361752349164],[-43.36159598099993,-21.77954092534921],[-43.361398937999972,-21.779701550349181],[-43.361299298999938,-21.780066364349192],[-43.361372256999971,-21.780134828349176],[-43.36159266899994,-21.78020475434916],[-43.361764386999937,-21.780251617349172],[-43.361911420999945,-21.780343395349181],[-43.362179940999965,-21.780594440349155],[-43.36232641099997,-21.780735889349167],[-43.362692081999974,-21.781213699349152],[-43.362151728999947,-21.781375440349155],[-43.360776796999964,-21.781528903349152],[-43.359696939999935,-21.781617543349142],[-43.358807313999932,-21.782940948349115],[-43.358709011999963,-21.782921907349078],[-43.358635282999956,-21.782921175349092],[-43.358438964999948,-21.782964387349129],[-43.358266768999954,-21.783012353349076],[-43.357972200999932,-21.783032005349071],[-43.357775793999963,-21.783030055349116],[-43.35757933299994,-21.783032618349122],[-43.357407959999939,-21.783008334349116],[-43.357236921999977,-21.782848573349099],[-43.357065971999923,-21.782733973349092],[-43.356968624999979,-21.782525266349133],[-43.356969306999986,-21.782412371349114],[-43.356945854999935,-21.782136658349113],[-43.355964965999931,-21.781973358349127],[-43.355892435999976,-21.781814576349152],[-43.355819558999947,-21.78163320834912],[-43.355722639999954,-21.78133418434911],[-43.355650072999943,-21.781125724349174],[-43.355577453999956,-21.780921779349168],[-43.355407579999962,-21.780554288349158],[-43.355262226999969,-21.780209621349183],[-43.355067268999953,-21.77986897934916],[-43.354970866999956,-21.779524799349154],[-43.354922730999931,-21.779294000349221],[-43.354875148999952,-21.779067724349179],[-43.354754228999987,-21.778700720349203],[-43.354632624999965,-21.778446611349231],[-43.35446150599995,-21.778241685349201],[-43.354241526999942,-21.778081434349197],[-43.354094757999967,-21.777967070349245],[-43.353972935999934,-21.77778521634924],[-43.353851254999938,-21.777644006349206],[-43.353704486999959,-21.777529644349233],[-43.353116346999968,-21.777325079349243],[-43.352553720999936,-21.777003348349268],[-43.352608261999933,-21.775879395349261],[-43.352338859999968,-21.775813486349261],[-43.351236254999947,-21.775463789349267],[-43.350501021999939,-21.775280328349275],[-43.350748098999937,-21.774867316349315],[-43.349988351999968,-21.774661030349279],[-43.349744211999962,-21.774500531349283],[-43.349598101999959,-21.774223593349333],[-43.349378993999949,-21.773882703349322],[-43.349306438999974,-21.77367424134933],[-43.349233313999946,-21.773515448349322],[-43.349137016999975,-21.773216427349329],[-43.349088582999975,-21.773012721349371],[-43.348942563999969,-21.772780945349346],[-43.34884578599997,-21.772576756349366],[-43.348699938999971,-21.772277241349379],[-43.348504405999961,-21.772094646349363],[-43.348585861999943,-21.770469683349422],[-43.348641062999953,-21.769237353349411],[-43.347748235999973,-21.768939406349432],[-43.347856461999989,-21.768565656349445],[-43.34803008199998,-21.76791707934947],[-43.350141787999981,-21.76832654434947],[-43.351303826999981,-21.76860006634945],[-43.353727111999945,-21.769193232349426],[-43.35361796199993,-21.770072776349391],[-43.353543593999973,-21.770234614349384],[-43.352954796999938,-21.770142944349431],[-43.352730031999954,-21.770985207349387],[-43.354421965999961,-21.771218827349404],[-43.354745181999931,-21.770327864349404],[-43.357858387999954,-21.771000093349357],[-43.358544904999974,-21.771002395349406],[-43.359011463999934,-21.771002510349376]]]},"properties":{"OBJECTID":76,"nro":107,"nome":"São Mateus","qtd_contrib_oficina_1_centro":11,"qtd_contrib_oficina_2_oeste":null,"qtd_contrib_oficina_3_leste":null,"qtd_contrib_oficina_4_nordeste":null,"qtd_contrib_oficina_5_vilas_nu":null,"qtd_contrib_oficina_6_n_co":null,"qtd_contrib_oficina_7_sudeste":null,"qtd_contrib_oficina_8_sul":null,"qtd_inscricoes_vaf":4,"observacao":"-","fonte":"PDDU","ano":"2000","vaf_2018":64754287,"vaf_2019":47508971,"vaf_2020":47030572,"vaf_2021":44461842,"vaf_2022":42828984,"bairro_dado_vinculado":"-","regiao_planejamento":"Centro","shape.STArea()":0.00010910793991204453,"shape.STLength()":0.059004149086954304}},{"type":"Feature","id":77,"geometry":{"type":"Polygon","coordinates":[[[-43.340172510999935,-21.769965446349403],[-43.340051549999949,-21.769553272349398],[-43.339979911999933,-21.769213851349434],[-43.339883954999948,-21.768729672349419],[-43.339811797999971,-21.768435405349475],[-43.339788029999966,-21.768295169349422],[-43.340375043999977,-21.767384308349488],[-43.340503478999942,-21.767304308349466],[-43.340573195999973,-21.767232750349457],[-43.340672487999939,-21.767111814349484],[-43.340810797999936,-21.767013850349478],[-43.341018512999938,-21.766871420349485],[-43.341117493999946,-21.766777576349494],[-43.341315746999953,-21.766616987349483],[-43.341473650999951,-21.766496638349508],[-43.341720641999984,-21.766354602349505],[-43.341986811999952,-21.766226306349502],[-43.342184130999954,-21.766146995349526],[-43.342156873999954,-21.76588930834949],[-43.342168772999962,-21.76569523734954],[-43.34218966599996,-21.765559967349496],[-43.342190928999962,-21.765397401349524],[-43.34227108999994,-21.765258208349525],[-43.342429459999941,-21.76509721734951],[-43.342489161999943,-21.765002980349525],[-43.342963552999947,-21.763634856349551],[-43.344071569999983,-21.763871757349541],[-43.344836291999968,-21.764060054349553],[-43.346110468999946,-21.764352796349545],[-43.346268126999973,-21.764358889349577],[-43.345924873999941,-21.766414773349474],[-43.345850346999953,-21.767064338349467],[-43.348138306999935,-21.767543329349476],[-43.34803008199998,-21.76791707934947],[-43.347856461999989,-21.768565656349445],[-43.347748235999973,-21.768939406349432],[-43.347250581999951,-21.770704723349365],[-43.345519235999966,-21.770326125349378],[-43.344170958999932,-21.770113922349395],[-43.343974516999936,-21.770116470349389],[-43.343606029999933,-21.770207616349438],[-43.343286312999965,-21.770366990349395],[-43.342719649999935,-21.770821947349368],[-43.342300684999941,-21.771255803349394],[-43.342076205999938,-21.771962569349373],[-43.341880506999985,-21.771847706349366],[-43.341636121999954,-21.771709774349389],[-43.341440164999938,-21.771617488349364],[-43.341244465999978,-21.771502624349399],[-43.341049203999944,-21.7712974423494],[-43.340706237999932,-21.771113360349378],[-43.340560753999966,-21.770836421349387],[-43.34041435499995,-21.770586570349405],[-43.340293387999964,-21.770332458349426],[-43.340172510999935,-21.769965446349403]]]},"properties":{"OBJECTID":77,"nro":108,"nome":"Granbery","qtd_contrib_oficina_1_centro":14,"qtd_contrib_oficina_2_oeste":null,"qtd_contrib_oficina_3_leste":null,"qtd_contrib_oficina_4_nordeste":null,"qtd_contrib_oficina_5_vilas_nu":null,"qtd_contrib_oficina_6_n_co":null,"qtd_contrib_oficina_7_sudeste":null,"qtd_contrib_oficina_8_sul":null,"qtd_inscricoes_vaf":31,"observacao":"-","fonte":"PDDU","ano":"2000","vaf_2018":2387343,"vaf_2019":3310713,"vaf_2020":3564438,"vaf_2021":3510840,"vaf_2022":2330636,"bairro_dado_vinculado":"-","regiao_planejamento":"Centro","shape.STArea()":3.9428669475934511e-05,"shape.STLength()":0.02849096842541788}},{"type":"Feature","id":78,"geometry":{"type":"Polygon","coordinates":[[[-43.347128273999942,-21.782587316349129],[-43.346936699999958,-21.78261106934913],[-43.346869161999962,-21.782623675349122],[-43.346881466999939,-21.782751542349114],[-43.346861464999954,-21.782818662349094],[-43.346789532999935,-21.782818779349114],[-43.346747080999933,-21.782816903349108],[-43.346498800999939,-21.782805935349078],[-43.346259183999962,-21.782795350349094],[-43.346074389999963,-21.7827871853491],[-43.345965323999962,-21.782797788349114],[-43.345953463999926,-21.782775039349076],[-43.345909148999965,-21.78276328034913],[-43.345807968999964,-21.782777355349094],[-43.345322004999957,-21.782870552349099],[-43.345203365999964,-21.782891210349074],[-43.34497380199997,-21.782931183349096],[-43.344909162999954,-21.782937841349113],[-43.344899544999976,-21.782938832349089],[-43.345014822999978,-21.782256744349091],[-43.345272320999982,-21.78073312334913],[-43.345764859999967,-21.780367739349177],[-43.345350264999979,-21.779839728349167],[-43.344957059999949,-21.779975789349201],[-43.345108732999961,-21.779083132349207],[-43.345683365999953,-21.776934734349233],[-43.346108447999939,-21.775335794349264],[-43.346333311999956,-21.774489027349293],[-43.347250581999951,-21.770704723349365],[-43.347748235999973,-21.768939406349432],[-43.348641062999953,-21.769237353349411],[-43.348585861999943,-21.770469683349422],[-43.348504405999961,-21.772094646349363],[-43.348699938999971,-21.772277241349379],[-43.34884578599997,-21.772576756349366],[-43.348942563999969,-21.772780945349346],[-43.349088582999975,-21.773012721349371],[-43.349137016999975,-21.773216427349329],[-43.349233313999946,-21.773515448349322],[-43.349306438999974,-21.77367424134933],[-43.349378993999949,-21.773882703349322],[-43.349598101999959,-21.774223593349333],[-43.349744211999962,-21.774500531349283],[-43.349988351999968,-21.774661030349279],[-43.350748098999937,-21.774867316349315],[-43.350501021999939,-21.775280328349275],[-43.351236254999947,-21.775463789349267],[-43.350127393999976,-21.776401096349261],[-43.349413619999957,-21.77687718634926],[-43.349117414999967,-21.777199384349249],[-43.350116361999937,-21.778686105349195],[-43.349893620999978,-21.779031617349222],[-43.349671618999935,-21.779259718349216],[-43.349303590999966,-21.779256044349182],[-43.34908305099998,-21.779303518349167],[-43.348886130999965,-21.779346710349191],[-43.348614918999942,-21.779596900349155],[-43.348442898999963,-21.779735179349149],[-43.348295015999952,-21.77982402234916],[-43.348049697999954,-21.779871246349188],[-43.347877294999932,-21.779937264349165],[-43.347704927999985,-21.780052957349149],[-43.347606028999962,-21.780191966349161],[-43.347556044999976,-21.78043984934915],[-43.347530355999943,-21.780624749349172],[-43.347554270999979,-21.780805631349153],[-43.347651775999964,-21.780946603349154],[-43.347748814999925,-21.781128215349138],[-43.347797592999939,-21.781196442349128],[-43.347108908999978,-21.78153729234911],[-43.347112763999974,-21.781724676349121],[-43.347128703999942,-21.782499406349086],[-43.347128273999942,-21.782587316349129]]]},"properties":{"OBJECTID":78,"nro":109,"nome":"Alto dos Passos","qtd_contrib_oficina_1_centro":4,"qtd_contrib_oficina_2_oeste":null,"qtd_contrib_oficina_3_leste":null,"qtd_contrib_oficina_4_nordeste":null,"qtd_contrib_oficina_5_vilas_nu":null,"qtd_contrib_oficina_6_n_co":null,"qtd_contrib_oficina_7_sudeste":null,"qtd_contrib_oficina_8_sul":null,"qtd_inscricoes_vaf":1,"observacao":"-","fonte":"PDDU","ano":"2000","vaf_2018":13618256,"vaf_2019":11108730,"vaf_2020":11283205,"vaf_2021":12035554,"vaf_2022":12090243,"bairro_dado_vinculado":"Passos","regiao_planejamento":"Centro","shape.STArea()":3.9166360331633513e-05,"shape.STLength()":0.037178120442444534}},{"type":"Feature","id":79,"geometry":{"type":"Polygon","coordinates":[[[-43.338768641999934,-21.774704924349319],[-43.338777543999981,-21.774696864349291],[-43.338892844999975,-21.774592459349297],[-43.338888250999958,-21.774579994349295],[-43.338885519999963,-21.77456705934933],[-43.338884705999931,-21.774553896349325],[-43.339020990999984,-21.774605394349337],[-43.339070197999952,-21.774583308349321],[-43.339192785999956,-21.774539379349307],[-43.339364664999948,-21.774518526349286],[-43.339537115999974,-21.774448002349317],[-43.339684477999974,-21.774404321349301],[-43.340003511999953,-21.774357848349304],[-43.340348626999969,-21.774040675349326],[-43.340397799999948,-21.773968913349321],[-43.340496214999973,-21.773924740349329],[-43.340718047999985,-21.773764389349303],[-43.341086719999964,-21.773605512349324],[-43.341234516999975,-21.773471514349353],[-43.341432004999952,-21.773220597349344],[-43.341580370999957,-21.77303692934931],[-43.341753343999983,-21.772763186349334],[-43.341901708999956,-21.772579517349321],[-43.341976698999986,-21.772259629349346],[-43.342076205999938,-21.771962569349373],[-43.342300684999941,-21.771255803349394],[-43.342719649999935,-21.770821947349368],[-43.343286312999965,-21.770366990349395],[-43.343606029999933,-21.770207616349438],[-43.343974516999936,-21.770116470349389],[-43.344170958999932,-21.770113922349395],[-43.345519235999966,-21.770326125349378],[-43.347250581999951,-21.770704723349365],[-43.346333311999956,-21.774489027349293],[-43.346108447999939,-21.775335794349264],[-43.345683365999953,-21.776934734349233],[-43.345108732999961,-21.779083132349207],[-43.343612610999969,-21.778896537349212],[-43.342726693999964,-21.779465709349189],[-43.340337734999935,-21.781288794349152],[-43.340214537999941,-21.781332718349159],[-43.339993647999968,-21.781357595349149],[-43.339674566999975,-21.781354390349168],[-43.339428983999937,-21.781424179349116],[-43.33923257999993,-21.781422205349127],[-43.338938222999957,-21.781423764349125],[-43.338619837999943,-21.781307663349125],[-43.338448647999932,-21.781215622349166],[-43.338228338999954,-21.781032765349138],[-43.337984118999941,-21.780827089349145],[-43.337813156999971,-21.780662793349176],[-43.337618064999965,-21.780389870349165],[-43.337496262999935,-21.78020800334917],[-43.337666926999937,-21.779907689349169],[-43.337692754999978,-21.779709995349172],[-43.337754788999973,-21.779435683349195],[-43.337840875999973,-21.779117622349169],[-43.337847466999968,-21.77854582334918],[-43.337849494999944,-21.778369883349221],[-43.337769746999982,-21.778138135349202],[-43.337712149999966,-21.778027581349193],[-43.337773928999979,-21.777775261349248],[-43.337706007999941,-21.777532109349249],[-43.337552719999962,-21.777198635349261],[-43.337563934999935,-21.777053820349266],[-43.337573002999939,-21.776936716349255],[-43.337574330999992,-21.776919582349226],[-43.337576813999931,-21.776887510349223],[-43.337579629999937,-21.776851140349244],[-43.337582723999958,-21.776811186349256],[-43.337586605999952,-21.776761060349234],[-43.337590745999933,-21.77670759534923],[-43.337598767999971,-21.776604002349242],[-43.337604126999963,-21.77646531034928],[-43.337604276999969,-21.776461417349239],[-43.337604277999958,-21.776461390349247],[-43.337607397999932,-21.77635496834926],[-43.337609589999943,-21.776280206349263],[-43.337609904999965,-21.776269439349271],[-43.337619834999941,-21.776175022349264],[-43.337629556999957,-21.776082569349292],[-43.337633804999932,-21.776042179349243],[-43.337637915999949,-21.776003086349245],[-43.337639770999942,-21.77593989034926],[-43.337641979999951,-21.775864660349274],[-43.33764361599998,-21.775808952349283],[-43.33764426699998,-21.775786769349288],[-43.337650541999949,-21.775573025349292],[-43.337654040999958,-21.775573928349285],[-43.33792148099996,-21.775642868349287],[-43.337964924999937,-21.775466855349308],[-43.337986530999956,-21.775409927349259],[-43.33801391999998,-21.775355213349272],[-43.338046836999979,-21.77530322534928],[-43.338073509999958,-21.775265272349277],[-43.338103832999934,-21.775229788349304],[-43.338137543999942,-21.775197080349258],[-43.338174356999957,-21.77516743134926],[-43.338322927999961,-21.7750518053493],[-43.338431121999982,-21.774967603349307],[-43.338471499999969,-21.774936179349272],[-43.33862007099998,-21.774820553349308],[-43.338761964999946,-21.77471012034928],[-43.338768641999934,-21.774704924349319]]]},"properties":{"OBJECTID":79,"nro":110,"nome":"Bom Pastor","qtd_contrib_oficina_1_centro":4,"qtd_contrib_oficina_2_oeste":null,"qtd_contrib_oficina_3_leste":null,"qtd_contrib_oficina_4_nordeste":null,"qtd_contrib_oficina_5_vilas_nu":null,"qtd_contrib_oficina_6_n_co":null,"qtd_contrib_oficina_7_sudeste":null,"qtd_contrib_oficina_8_sul":null,"qtd_inscricoes_vaf":42,"observacao":"-","fonte":"PDDU","ano":"2000","vaf_2018":37473487,"vaf_2019":35526945,"vaf_2020":35122910,"vaf_2021":39405761,"vaf_2022":40062791,"bairro_dado_vinculado":"-","regiao_planejamento":"Centro","shape.STArea()":6.5988964328948013e-05,"shape.STLength()":0.034739333341703212}},{"type":"Feature","id":80,"geometry":{"type":"Polygon","coordinates":[[[-43.345014822999978,-21.782256744349091],[-43.344899544999976,-21.782938832349089],[-43.344840299999923,-21.782944934349079],[-43.344710341999985,-21.782936888349067],[-43.344541591999985,-21.782930328349096],[-43.344524803999946,-21.78296862334912],[-43.344523616999936,-21.782971334349103],[-43.344521922999945,-21.782971345349093],[-43.344520929999923,-21.782972535349078],[-43.344519901999945,-21.78297376834912],[-43.344461554999945,-21.783043778349118],[-43.344402448999972,-21.783114699349088],[-43.344402180999964,-21.783115020349097],[-43.344233454999937,-21.783317466349096],[-43.344235705999949,-21.783319184349118],[-43.344231079999922,-21.783360808349066],[-43.344204157999968,-21.783382370349099],[-43.344056872999943,-21.783471215349081],[-43.34378607699994,-21.783631078349092],[-43.343540492999978,-21.783700873349101],[-43.34334356599993,-21.783744060349058],[-43.343122758999982,-21.783814103349062],[-43.343049030999971,-21.783813364349083],[-43.342901573999939,-21.783811885349085],[-43.342656421999948,-21.783791363349088],[-43.342460532999951,-21.783744238349055],[-43.342264559999933,-21.783651952349071],[-43.342166486999986,-21.783560647349059],[-43.34206910499995,-21.783514509349111],[-43.342019809999954,-21.783491435349095],[-43.341726368999957,-21.783307851349079],[-43.341604383999936,-21.783193725349118],[-43.34155540099993,-21.783143557349096],[-43.341360121999969,-21.782938376349083],[-43.341286829999937,-21.782847320349113],[-43.34116484499998,-21.782733196349117],[-43.341042517999931,-21.782596486349128],[-43.340945276999946,-21.782432933349089],[-43.340799471999958,-21.782183087349111],[-43.340677579999976,-21.78195606234911],[-43.340531650999935,-21.781769440349112],[-43.340458793999971,-21.781588068349134],[-43.340337734999935,-21.781288794349152],[-43.342726693999964,-21.779465709349189],[-43.343612610999969,-21.778896537349212],[-43.345108732999961,-21.779083132349207],[-43.344957059999949,-21.779975789349201],[-43.345350264999979,-21.779839728349167],[-43.345764859999967,-21.780367739349177],[-43.345272320999982,-21.78073312334913],[-43.345068773999969,-21.781937517349121],[-43.345014822999978,-21.782256744349091]]]},"properties":{"OBJECTID":80,"nro":111,"nome":"Boa Vista","qtd_contrib_oficina_1_centro":null,"qtd_contrib_oficina_2_oeste":null,"qtd_contrib_oficina_3_leste":null,"qtd_contrib_oficina_4_nordeste":null,"qtd_contrib_oficina_5_vilas_nu":null,"qtd_contrib_oficina_6_n_co":null,"qtd_contrib_oficina_7_sudeste":1,"qtd_contrib_oficina_8_sul":null,"qtd_inscricoes_vaf":6,"observacao":"-","fonte":"PDDU","ano":"2000","vaf_2018":639186,"vaf_2019":597414,"vaf_2020":704514,"vaf_2021":790339,"vaf_2022":770109,"bairro_dado_vinculado":"-","regiao_planejamento":"Centro","shape.STArea()":1.6794699803626003e-05,"shape.STLength()":0.016526720232613878}},{"type":"Feature","id":81,"geometry":{"type":"Polygon","coordinates":[[[-43.365672052999969,-21.743244900350057],[-43.365548384999954,-21.743334000350025],[-43.365502485999968,-21.743599327350044],[-43.36546914499997,-21.743792057350017],[-43.365305982999992,-21.743896792350053],[-43.365127628999971,-21.744011278350019],[-43.364870900999968,-21.744118354350036],[-43.364500455999966,-21.744190154350022],[-43.364116570999954,-21.744244052350005],[-43.36375686599996,-21.744271296350036],[-43.36353208799995,-21.74428638134999],[-43.363371991999941,-21.744303878350042],[-43.363353331999974,-21.744144663350053],[-43.363333046999969,-21.743971594350029],[-43.363332161999949,-21.743971583350024],[-43.363198134999948,-21.74396981735006],[-43.362646580999971,-21.743962550350055],[-43.362569970999964,-21.743961540350053],[-43.362332875999982,-21.743958869350049],[-43.362271439999979,-21.743958177350031],[-43.361367534999935,-21.743947989350051],[-43.361262659999966,-21.74394680635001],[-43.36107691199993,-21.743944712350036],[-43.360972580999942,-21.74394353735001],[-43.360917929999978,-21.743944570349996],[-43.360593293999948,-21.743950709350056],[-43.36045390299995,-21.743954749350017],[-43.360427132999973,-21.743955525350056],[-43.360385083999979,-21.743956743350029],[-43.360380508999981,-21.743956876350044],[-43.360365817999934,-21.743957302350022],[-43.360361595999962,-21.743957425350025],[-43.360359679999938,-21.743957480350012],[-43.359974206999937,-21.743968651350052],[-43.359736595999955,-21.743978136350012],[-43.359727243999941,-21.743978509350043],[-43.358988586999949,-21.744007992350046],[-43.358984351999929,-21.743937428350048],[-43.358739872999934,-21.742718544350055],[-43.358630379999965,-21.742172647350074],[-43.357770180999971,-21.742258952350099],[-43.358201554999937,-21.740614863350107],[-43.357734542999943,-21.740610230350107],[-43.357761440999973,-21.740316952350103],[-43.357572067999968,-21.739488631350138],[-43.357203483999967,-21.739489490350149],[-43.357131534999951,-21.739281037350139],[-43.356994999999984,-21.739285014350138],[-43.356985877999932,-21.739241953350149],[-43.356975292999941,-21.739191991350157],[-43.356972523999957,-21.739178929350178],[-43.35693355199993,-21.739028896350167],[-43.356916439999964,-21.738963021350141],[-43.35689815999995,-21.738892648350173],[-43.356895939999966,-21.738887031350178],[-43.356853570999938,-21.738779821350171],[-43.356796203999977,-21.738634661350186],[-43.356795954999939,-21.738635911350158],[-43.356743458999965,-21.738504041350133],[-43.356717280999931,-21.738246338350152],[-43.356514477999951,-21.738171225350186],[-43.35651293199993,-21.738170653350146],[-43.356431372999964,-21.738140462350195],[-43.35634066199998,-21.738106870350176],[-43.356247998999947,-21.738072555350172],[-43.356183501999965,-21.738048670350164],[-43.356062045999977,-21.738003692350155],[-43.356062067999964,-21.738003617350156],[-43.356179403999924,-21.737539869350208],[-43.356209742999958,-21.737419957350202],[-43.356149939999973,-21.737382915350175],[-43.355941772999984,-21.737253978350182],[-43.355587347999972,-21.737043160350204],[-43.355525196999963,-21.737006191350208],[-43.354647336999953,-21.736484018350179],[-43.354647949999958,-21.736482523350187],[-43.354642103999936,-21.736478271350201],[-43.35464170399996,-21.736477980350205],[-43.354640606999958,-21.736478568350186],[-43.354414318999943,-21.736313986350208],[-43.354284118999942,-21.736127628350207],[-43.354247135999969,-21.736098001350214],[-43.354112878999956,-21.735990444350232],[-43.353917730999967,-21.735830441350227],[-43.353722068999957,-21.735715594350197],[-43.353479748999973,-21.735347382350259],[-43.353358614999934,-21.735161018350269],[-43.353090189999932,-21.734909965350262],[-43.35291955699995,-21.734772784350248],[-43.352724463999948,-21.73460826635025],[-43.352603021999983,-21.734448994350277],[-43.352457892999951,-21.734194650350254],[-43.35233661999996,-21.733967639350261],[-43.352120840999923,-21.733391951350306],[-43.351975404999955,-21.733164700350297],[-43.35166226399997,-21.732384819350287],[-43.351541907999952,-21.732130720350327],[-43.351469880999957,-21.731877103350335],[-43.351349951999971,-21.731532687350327],[-43.351303723999933,-21.731189005350345],[-43.351111122999953,-21.73075354535035],[-43.350990370999966,-21.730481379350351],[-43.350700294999967,-21.729904948350356],[-43.350654068999972,-21.729561267350352],[-43.350632612999952,-21.729217832350372],[-43.350685281999972,-21.728784813350376],[-43.350736495999968,-21.728532423350426],[-43.35083750299998,-21.72825794935039],[-43.350962068999934,-21.727983708350397],[-43.351135744999965,-21.727800280350397],[-43.351356111999962,-21.727919892350442],[-43.351527161999968,-21.727966754350405],[-43.351748056999952,-21.727987017350419],[-43.352067111999929,-21.728035354350428],[-43.352362684999946,-21.727970554350414],[-43.352633541999978,-21.727900991350399],[-43.352854810999929,-21.727835451350426],[-43.353100899999959,-21.727765642350398],[-43.353323029999956,-21.727677528350412],[-43.35347068699997,-21.727656417350449],[-43.353765282999973,-21.72767740935042],[-43.354059312999937,-21.727748074350423],[-43.354353600999957,-21.727796159350422],[-43.354598955999961,-21.727843758350385],[-43.35496617299998,-21.727960308350426],[-43.355259946999979,-21.728053548350434],[-43.355651254999948,-21.728283238350393],[-43.355945069999962,-21.728426153350426],[-43.356189144999973,-21.728586639350397],[-43.356384542999926,-21.728724062350402],[-43.356603374999963,-21.728979134350414],[-43.356823707999972,-21.729049061350384],[-43.356794540999942,-21.729595218350397],[-43.356813409999972,-21.730327010350337],[-43.356930826999985,-21.73094687835032],[-43.357097010999958,-21.731634971350307],[-43.355769129999942,-21.731930512350321],[-43.355681116999968,-21.732424529350308],[-43.355679614999985,-21.732556485350315],[-43.355677487999969,-21.732743422350278],[-43.355780034999952,-21.733041376350279],[-43.355894850999967,-21.733295460350288],[-43.355892349999976,-21.733515387350277],[-43.35593767599994,-21.733669803350249],[-43.356065137999956,-21.733847030350297],[-43.356087300999945,-21.733968222350288],[-43.356164933999935,-21.734386901350288],[-43.356326328999948,-21.734685438350269],[-43.356429753999976,-21.734906416350221],[-43.356614813999954,-21.735194190350231],[-43.356707093999951,-21.735360070350229],[-43.356916443999978,-21.735582099350204],[-43.357078842999954,-21.735792664350235],[-43.357182394999938,-21.736002645350244],[-43.357393120999973,-21.736103715350215],[-43.357436699999937,-21.736412079350242],[-43.357620889999964,-21.736776827350209],[-43.357724816999962,-21.736953819350177],[-43.358041098999934,-21.737088929350207],[-43.358356130999937,-21.737333998350163],[-43.358554466999976,-21.737489931350193],[-43.358658145999982,-21.737688917350177],[-43.359022756999934,-21.73771452635021],[-43.359231866999949,-21.737958546350164],[-43.359512591999923,-21.738115294350159],[-43.35967537199997,-21.738292867350186],[-43.359818606999958,-21.738118327350133],[-43.359902490999957,-21.737987186350153],[-43.360270348999961,-21.737726888350156],[-43.36040231099998,-21.737508243350192],[-43.360545293999962,-21.73735569335021],[-43.360746752999944,-21.737236715350164],[-43.360878214999957,-21.737062054350215],[-43.361058414999945,-21.736718698350181],[-43.361131187999938,-21.736854901350192],[-43.361228383999958,-21.736968765350209],[-43.362107023999954,-21.737704551350188],[-43.362544735999961,-21.738214683350169],[-43.362962764999963,-21.738169139350177],[-43.362918931999957,-21.737504841350198],[-43.362897189999948,-21.737183985350164],[-43.36294731199996,-21.737026417350215],[-43.363568624999971,-21.7361564393502],[-43.363667866999947,-21.73608967835025],[-43.363741826999963,-21.73606782935023],[-43.366344655999967,-21.736129662350191],[-43.366391014999984,-21.736518504350183],[-43.367181211999927,-21.735993401350228],[-43.368801659999974,-21.736050020350252],[-43.368899879999951,-21.736073567350196],[-43.369022520999977,-21.736074777350197],[-43.369120230999954,-21.73614348135019],[-43.369217781999964,-21.736279924350224],[-43.369600699999978,-21.73747143035019],[-43.370622560999948,-21.73869180635015],[-43.367831714999966,-21.740506878350114],[-43.367485440999985,-21.740778945350129],[-43.367138441999941,-21.741168423350111],[-43.366840845999945,-21.741463549350069],[-43.36669177899995,-21.741714979350064],[-43.366541852999937,-21.741988980350083],[-43.366492149999949,-21.742056231350098],[-43.366342988999975,-21.742262500350087],[-43.366120467999963,-21.742490623350076],[-43.366019732999973,-21.742742531350064],[-43.365870664999932,-21.742993959350081],[-43.365771000999985,-21.743151038350039],[-43.365672052999969,-21.743244900350057]]]},"properties":{"OBJECTID":81,"nro":1,"nome":"Santa Terezinha","qtd_contrib_oficina_1_centro":null,"qtd_contrib_oficina_2_oeste":null,"qtd_contrib_oficina_3_leste":null,"qtd_contrib_oficina_4_nordeste":7,"qtd_contrib_oficina_5_vilas_nu":1,"qtd_contrib_oficina_6_n_co":null,"qtd_contrib_oficina_7_sudeste":null,"qtd_contrib_oficina_8_sul":null,"qtd_inscricoes_vaf":2,"observacao":"-","fonte":"PDDU","ano":"2000","vaf_2018":54274140,"vaf_2019":67497694,"vaf_2020":24233617,"vaf_2021":28416739,"vaf_2022":26240256,"bairro_dado_vinculado":"-","regiao_planejamento":"Nordeste","shape.STArea()":0.00011562468519111153,"shape.STLength()":0.069686993819312426}},{"type":"Feature","id":82,"geometry":{"type":"Polygon","coordinates":[[[-43.358024395999962,-21.744070350350022],[-43.358018442999935,-21.743993883350036],[-43.358018146999939,-21.743990082350045],[-43.35801620999996,-21.743844468350037],[-43.357920954999933,-21.743836685350029],[-43.357819792999976,-21.74382842035001],[-43.357719102999965,-21.743820193350047],[-43.357721290999962,-21.743789473350056],[-43.357618732999981,-21.743779485350018],[-43.357620449999956,-21.743757943350069],[-43.357526034999978,-21.74373417335002],[-43.357469189999954,-21.743719862350044],[-43.357401617999983,-21.74370285235003],[-43.357300155999951,-21.743677308350051],[-43.357304362999969,-21.743658107350061],[-43.357214708999948,-21.743640442350038],[-43.357219403999977,-21.743620631350019],[-43.357119337999961,-21.743597962350041],[-43.356956901999979,-21.743561162350058],[-43.356938557999968,-21.74355700735007],[-43.356834190999955,-21.743474196350039],[-43.356666573999973,-21.743437349350053],[-43.356657826999943,-21.743469835350066],[-43.356560053999949,-21.743447454350054],[-43.35646810399993,-21.74342640535005],[-43.35647596699993,-21.743396425350038],[-43.356368823999965,-21.743371899350041],[-43.356294740999942,-21.743354942350017],[-43.356185593999953,-21.743371073350069],[-43.356101654999968,-21.743351859350053],[-43.356156588999966,-21.743142398350049],[-43.356164200999949,-21.743113374350049],[-43.356207652999956,-21.74302683835008],[-43.356206101999938,-21.743028945350083],[-43.356204199999979,-21.743030783350033],[-43.35620199899995,-21.743032302350041],[-43.356199559999936,-21.743033460350077],[-43.356196949999962,-21.743034226350051],[-43.356194239999979,-21.743034579350066],[-43.35619150399998,-21.743034509350071],[-43.356188818999946,-21.743034017350045],[-43.356186256999933,-21.743033118350048],[-43.356173491999982,-21.743027307350069],[-43.356129789999962,-21.743005217350049],[-43.356123677999967,-21.743001842350047],[-43.356111557999952,-21.742994933350062],[-43.356100669999933,-21.742988462350052],[-43.356093193999982,-21.742982879350048],[-43.356086294999955,-21.742976681350051],[-43.356084439999961,-21.742974803350062],[-43.35607755999996,-21.742966860350055],[-43.356071606999933,-21.742958287350046],[-43.356065759999971,-21.742947258350053],[-43.35599751999996,-21.742818540350068],[-43.355981074999931,-21.74279806435004],[-43.355968946999951,-21.742785298350036],[-43.355962551999937,-21.74277920235005],[-43.355952563999942,-21.742770435350049],[-43.355949132999967,-21.742767616350076],[-43.355927549999933,-21.742751846350068],[-43.355923794999967,-21.742749415350083],[-43.355916159999929,-21.74274472635004],[-43.355888224999944,-21.74273021935004],[-43.355858687999955,-21.742718808350048],[-43.355844996999963,-21.742713641350054],[-43.355857329999935,-21.742664608350076],[-43.355910299999948,-21.742454014350077],[-43.35580707999997,-21.742431352350096],[-43.355835992999964,-21.742316404350046],[-43.355858381999951,-21.742227392350078],[-43.355885179999973,-21.742120849350055],[-43.355787318999944,-21.742035109350088],[-43.355697979999945,-21.741959393350054],[-43.355739958999955,-21.741787210350104],[-43.355681140999934,-21.741774263350088],[-43.355663094999954,-21.741770292350068],[-43.355587588999981,-21.741753673350065],[-43.355496794999972,-21.74173368935006],[-43.355594675999946,-21.741345530350127],[-43.35561604399993,-21.741350233350122],[-43.355630712999982,-21.741175679350107],[-43.355720357999985,-21.741212897350103],[-43.355733793999953,-21.741155818350116],[-43.355778036999936,-21.74111882235011],[-43.355792977999961,-21.741106329350124],[-43.35583390499994,-21.741072107350114],[-43.355847321999931,-21.741060888350127],[-43.35580216999994,-21.740991341350124],[-43.355801791999966,-21.740984188350108],[-43.355795469999975,-21.740864692350083],[-43.355789835999985,-21.740855691350124],[-43.355688481999948,-21.740693765350084],[-43.355700998999957,-21.740653382350086],[-43.35571800699995,-21.740598518350101],[-43.355730240999939,-21.740559050350086],[-43.355738925999951,-21.740531033350116],[-43.355765501999933,-21.740536870350113],[-43.355773094999961,-21.740538538350098],[-43.355793013999971,-21.740459373350102],[-43.355890604999964,-21.740480807350128],[-43.355971471999965,-21.740498568350109],[-43.355983888999965,-21.740449218350125],[-43.355988064999963,-21.740432624350142],[-43.356029630999956,-21.740440996350106],[-43.356303606999965,-21.740496180350135],[-43.356411325999943,-21.740434918350083],[-43.356522492999943,-21.740434366350144],[-43.356621737999937,-21.740447936350101],[-43.356633951999974,-21.740384901350115],[-43.356642774999955,-21.740339374350121],[-43.356745581999974,-21.740358647350142],[-43.356761802999984,-21.740277800350093],[-43.356804942999929,-21.740286456350127],[-43.356862169999943,-21.740297940350104],[-43.356880828999969,-21.740204940350115],[-43.357050620999978,-21.740241874350136],[-43.356984314999977,-21.740131581350116],[-43.356971502999954,-21.740110270350108],[-43.356947979999973,-21.740071142350139],[-43.356928717999942,-21.740039101350138],[-43.356916708999954,-21.740019123350123],[-43.35688503199998,-21.739966432350123],[-43.356856827999934,-21.739919516350142],[-43.35683411399998,-21.739881735350149],[-43.35679903799997,-21.739823390350129],[-43.356778363999979,-21.739789000350132],[-43.356775548999963,-21.739784318350139],[-43.356740036999952,-21.739725247350133],[-43.356828724999957,-21.739602689350153],[-43.356847861999938,-21.739576243350157],[-43.356840544999955,-21.739558956350116],[-43.356795523999949,-21.739452582350133],[-43.356849542999953,-21.739251678350143],[-43.356994999999984,-21.739285014350138],[-43.357131534999951,-21.739281037350139],[-43.357203483999967,-21.739489490350149],[-43.357572067999968,-21.739488631350138],[-43.357761440999973,-21.740316952350103],[-43.357734542999943,-21.740610230350107],[-43.358201554999937,-21.740614863350107],[-43.357770180999971,-21.742258952350099],[-43.358630379999965,-21.742172647350074],[-43.358984351999929,-21.743937428350048],[-43.358988586999949,-21.744007992350046],[-43.358024395999962,-21.744070350350022]]]},"properties":{"OBJECTID":82,"nro":2,"nome":"Centenário","qtd_contrib_oficina_1_centro":null,"qtd_contrib_oficina_2_oeste":null,"qtd_contrib_oficina_3_leste":null,"qtd_contrib_oficina_4_nordeste":null,"qtd_contrib_oficina_5_vilas_nu":null,"qtd_contrib_oficina_6_n_co":null,"qtd_contrib_oficina_7_sudeste":null,"qtd_contrib_oficina_8_sul":null,"qtd_inscricoes_vaf":null,"observacao":"-","fonte":"PDDU","ano":"2000","vaf_2018":null,"vaf_2019":null,"vaf_2020":null,"vaf_2021":null,"vaf_2022":null,"bairro_dado_vinculado":"-","regiao_planejamento":"Nordeste","shape.STArea()":9.1083112790935027e-06,"shape.STLength()":0.016787967746450142}},{"type":"Feature","id":83,"geometry":{"type":"Polygon","coordinates":[[[-43.35801620999996,-21.743844468350037],[-43.358018146999939,-21.743990082350045],[-43.358018442999935,-21.743993883350036],[-43.357927439999969,-21.743999202350007],[-43.357583641999952,-21.744066682350049],[-43.357256904999986,-21.744130814350026],[-43.353941429999963,-21.744781531349986],[-43.353670077999944,-21.744891732350034],[-43.353448383999933,-21.744939204350029],[-43.353324964999949,-21.745005717350022],[-43.353177378999931,-21.745071989349974],[-43.352855838999972,-21.745344269350014],[-43.352682398999946,-21.745505121349975],[-43.352534207999952,-21.745571388349997],[-43.352385538999954,-21.745732487349965],[-43.352285807999984,-21.745894072349959],[-43.35218673299994,-21.746051147349956],[-43.352110999999979,-21.746280713349993],[-43.352085713999941,-21.746325621349992],[-43.35205952299998,-21.746555679349981],[-43.352033809999966,-21.746690906349968],[-43.35200701499997,-21.746920959349957],[-43.351979623999966,-21.747309067349939],[-43.351978285999969,-21.747426471349964],[-43.35192763099996,-21.747629189349926],[-43.351900924999939,-21.747904404349907],[-43.351874645999935,-21.748089300349903],[-43.35184742399997,-21.748409670349901],[-43.351821966999978,-21.748522318349934],[-43.351771996999965,-21.748612142349906],[-43.351770915999964,-21.748706968349914],[-43.351790759999979,-21.748874260349929],[-43.350657652999985,-21.74856214034995],[-43.35022582299996,-21.748443188349906],[-43.350279806999943,-21.748417185349957],[-43.35036845999997,-21.748423215349899],[-43.350370664999957,-21.748423365349915],[-43.350371372999973,-21.748423372349951],[-43.350374130999967,-21.748423001349948],[-43.350375349999979,-21.748422873349949],[-43.350468551999946,-21.748413089349899],[-43.350524847999964,-21.748407179349936],[-43.350591888999922,-21.748400140349911],[-43.350662285999924,-21.748232950349944],[-43.350713145999975,-21.748112160349919],[-43.350729217999969,-21.748036343349938],[-43.350883707999969,-21.747970918349928],[-43.35093207299996,-21.747807598349922],[-43.350990573999979,-21.747753190349947],[-43.351041524999971,-21.74772322534993],[-43.351070364999941,-21.747706264349961],[-43.351118160999931,-21.747610918349949],[-43.351138437999964,-21.747514981349923],[-43.351179062999961,-21.747393269349974],[-43.351213795999968,-21.747299378349961],[-43.351243041999965,-21.747187988349928],[-43.351285188999952,-21.74710086834995],[-43.35131526899994,-21.747005962349927],[-43.351346611999929,-21.746908420349946],[-43.351369075999969,-21.746834685349956],[-43.351430361999974,-21.746763354349934],[-43.351490827999953,-21.746644576349944],[-43.351544918999927,-21.74654358434994],[-43.351574657999954,-21.746450174349977],[-43.351520155999935,-21.746435726349961],[-43.351540391999947,-21.746347474349953],[-43.351472763999936,-21.746329487349975],[-43.351475056999959,-21.74623981634997],[-43.351477216999967,-21.746155310349955],[-43.351479377999965,-21.746070826350003],[-43.351479592999965,-21.746062406349978],[-43.351455847999944,-21.745982702350009],[-43.351450954999962,-21.745966279349968],[-43.351423100999966,-21.745903727349997],[-43.351372673999947,-21.745790483349968],[-43.351368054999966,-21.745780051349968],[-43.351358875999956,-21.745759325349958],[-43.351318006999975,-21.745667050349972],[-43.351287773999957,-21.745598789350012],[-43.351255269999967,-21.74552539934999],[-43.35123084099996,-21.745491567350012],[-43.351151804999979,-21.745382103349975],[-43.351083354999957,-21.745223742349978],[-43.350927500999951,-21.745056151350006],[-43.350728368999967,-21.744656907350016],[-43.350687536999942,-21.744587049350013],[-43.350520429999953,-21.744247853350046],[-43.350419865999982,-21.744201013350008],[-43.35028867099993,-21.744144524350052],[-43.350170833999975,-21.744093785350028],[-43.35014158499996,-21.744169017350053],[-43.35009591599993,-21.744156718350002],[-43.350036622999937,-21.744140749349992],[-43.350046927999983,-21.744102644350011],[-43.349951196999939,-21.744076390350045],[-43.349856570999975,-21.744050438350055],[-43.349735561999978,-21.744017251350012],[-43.34973268899995,-21.743972389350031],[-43.349731903999952,-21.743960129350029],[-43.349731173999942,-21.743948719350016],[-43.34973034799998,-21.743935819350007],[-43.349729052999969,-21.743915573350041],[-43.349727445999967,-21.743915201350056],[-43.34972441899999,-21.74391450035003],[-43.34971906199997,-21.743913259350023],[-43.349697707999944,-21.743908312350044],[-43.349600279999947,-21.743885742350038],[-43.349588328999971,-21.743882974350036],[-43.349575566999924,-21.743880018350044],[-43.349563087999968,-21.743877127350018],[-43.349555867999982,-21.743906897350048],[-43.34954356999998,-21.743957598350022],[-43.349541358999943,-21.743966711350048],[-43.349531770999931,-21.74400624535005],[-43.349436010999966,-21.743985936350004],[-43.349461445999964,-21.743885175350012],[-43.349461453999929,-21.743885141350027],[-43.349464952999938,-21.743871280350014],[-43.349369229999979,-21.743852181350029],[-43.349366587999945,-21.743862302350035],[-43.349366396999983,-21.743863034350024],[-43.349357834999978,-21.743895830350052],[-43.349260900999987,-21.743876628350016],[-43.349243890999958,-21.743945191350033],[-43.349236223999981,-21.743943565349994],[-43.349142517999951,-21.743925453350037],[-43.349044034999963,-21.743906417350008],[-43.348928438999963,-21.743862521350053],[-43.348824567999941,-21.743842433350011],[-43.348720703999952,-21.743822345350036],[-43.348670881999958,-21.74381270935001],[-43.348670781999935,-21.743812689350051],[-43.348627087999944,-21.743804239350048],[-43.348561749999931,-21.743791602350058],[-43.348528932999955,-21.743785255350044],[-43.348539641999935,-21.743743163350043],[-43.348407890999958,-21.743715249350053],[-43.348287669999934,-21.743689780350024],[-43.348266062999983,-21.743685202350015],[-43.34811747699996,-21.743650571350052],[-43.347998497999981,-21.743594473350043],[-43.34792987099997,-21.743550034350033],[-43.347580475999962,-21.743301861350034],[-43.347515041999948,-21.74322868035004],[-43.347487785999931,-21.743198195350072],[-43.347475034999945,-21.743140435350067],[-43.347468279999923,-21.743027603350054],[-43.347461752999948,-21.742894728350056],[-43.347460875999957,-21.742736850350063],[-43.347480767999969,-21.742639321350058],[-43.34754577199994,-21.742644652350062],[-43.347591514999969,-21.742569437350085],[-43.347616161999952,-21.742526398350044],[-43.347624107999934,-21.742512523350047],[-43.347631011999965,-21.742499986350087],[-43.347637569999961,-21.74249035735005],[-43.347641415999931,-21.742484712350073],[-43.347645236999931,-21.742479101350064],[-43.347648373999959,-21.742474497350088],[-43.347659419999957,-21.742452568350078],[-43.347667048999945,-21.742437423350054],[-43.347675974999959,-21.74241726635006],[-43.347683641999936,-21.742399949350045],[-43.34768631999998,-21.742393902350045],[-43.347690677999935,-21.742384058350073],[-43.34775637599995,-21.742235682350049],[-43.347767695999949,-21.742210118350052],[-43.347812067999939,-21.742162099350093],[-43.347872793999954,-21.742032515350061],[-43.347918538999977,-21.741899663350072],[-43.347930703999964,-21.741784405350089],[-43.347934915999986,-21.741708049350073],[-43.347931722999931,-21.741622262350084],[-43.347908021999956,-21.741505868350107],[-43.347890088999975,-21.741449950350066],[-43.347881434999969,-21.741422966350079],[-43.347860730999969,-21.741393246350107],[-43.347836561999948,-21.741358550350089],[-43.347829440999931,-21.741339900350091],[-43.34782480399997,-21.741327754350074],[-43.347786714999984,-21.741254712350067],[-43.347761096999932,-21.741210270350091],[-43.347716181999935,-21.741132353350082],[-43.347731256999957,-21.741107236350075],[-43.347801585999946,-21.741053996350086],[-43.347885573999974,-21.740970532350079],[-43.347998635999943,-21.740858176350095],[-43.348003496999979,-21.740779473350116],[-43.348004874999958,-21.740780488350129],[-43.348008881999931,-21.740731753350126],[-43.348024522999943,-21.740541562350124],[-43.347984422999957,-21.740520478350096],[-43.347994187999973,-21.74048361635009],[-43.347990293999935,-21.740389466350102],[-43.347989107999979,-21.740373483350137],[-43.347984703999941,-21.740339580350099],[-43.347979887999941,-21.740320261350121],[-43.347964847999947,-21.740278799350104],[-43.347949482999979,-21.740241202350148],[-43.347943673999957,-21.740230497350126],[-43.347939509999939,-21.740224581350112],[-43.348098373999953,-21.740293838350109],[-43.348181349999955,-21.7403300133501],[-43.348423145999959,-21.740743387350093],[-43.348501127999953,-21.740793654350099],[-43.349889073999982,-21.741688317350075],[-43.350207421999983,-21.741854068350069],[-43.350479985999982,-21.741531629350071],[-43.352317784999968,-21.742137022350061],[-43.352759001999964,-21.74223173635006],[-43.35288611499994,-21.74168204035006],[-43.352743463999957,-21.74115675635008],[-43.353509333999966,-21.737682486350195],[-43.353901859999958,-21.737754130350201],[-43.354029220999962,-21.737181856350176],[-43.354624658999967,-21.736519396350189],[-43.35464170399996,-21.736477980350205],[-43.354642103999936,-21.736478271350201],[-43.354647949999958,-21.736482523350187],[-43.354647336999953,-21.736484018350179],[-43.355525196999963,-21.737006191350208],[-43.355941772999984,-21.737253978350182],[-43.355941869999981,-21.737253622350202],[-43.355942479999946,-21.737253985350165],[-43.356078516999958,-21.737338465350213],[-43.356149918999954,-21.737382806350201],[-43.356209742999958,-21.737419957350202],[-43.356179403999924,-21.737539869350208],[-43.356062067999964,-21.738003617350156],[-43.356062045999977,-21.738003692350155],[-43.356183501999965,-21.738048670350164],[-43.356247998999947,-21.738072555350172],[-43.35634066199998,-21.738106870350176],[-43.356431372999964,-21.738140462350195],[-43.35651293199993,-21.738170653350146],[-43.356612432999952,-21.738207507350161],[-43.356717280999931,-21.738246338350152],[-43.356743458999965,-21.738504041350133],[-43.356795954999939,-21.738635911350158],[-43.356796203999977,-21.738634661350186],[-43.356853570999938,-21.738779821350171],[-43.356895939999966,-21.738887031350178],[-43.35689815999995,-21.738892648350173],[-43.356916439999964,-21.738963021350141],[-43.35693355199993,-21.739028896350167],[-43.356972523999957,-21.739178929350178],[-43.356975292999941,-21.739191991350157],[-43.356985877999932,-21.739241953350149],[-43.356994999999984,-21.739285014350138],[-43.356927406999944,-21.739269573350125],[-43.356849542999953,-21.739251678350143],[-43.356795523999949,-21.739452582350133],[-43.356836217999962,-21.739548726350122],[-43.356840545999944,-21.739558954350134],[-43.356842565999955,-21.739563726350148],[-43.356847861999938,-21.739576243350157],[-43.356828724999957,-21.739602689350153],[-43.356740036999952,-21.739725247350133],[-43.356775548999963,-21.739784318350139],[-43.356778363999979,-21.739789000350132],[-43.35679903799997,-21.739823390350129],[-43.35683411399998,-21.739881735350149],[-43.356856827999934,-21.739919516350142],[-43.35688503199998,-21.739966432350123],[-43.356916708999954,-21.740019123350123],[-43.356928717999942,-21.740039101350138],[-43.356947979999973,-21.740071142350139],[-43.356971502999954,-21.740110270350108],[-43.356984314999977,-21.740131581350116],[-43.357050620999978,-21.740241874350136],[-43.356880828999969,-21.740204940350115],[-43.356862169999943,-21.740297940350104],[-43.356804942999929,-21.740286456350127],[-43.356761802999984,-21.740277800350093],[-43.356745581999974,-21.740358647350142],[-43.356642774999955,-21.740339374350121],[-43.356633951999974,-21.740384901350115],[-43.356621737999937,-21.740447936350101],[-43.356522492999943,-21.740434366350144],[-43.356411325999943,-21.740434918350083],[-43.356303606999965,-21.740496180350135],[-43.356029630999956,-21.740440996350106],[-43.355988064999963,-21.740432624350142],[-43.355983888999965,-21.740449218350125],[-43.355971471999965,-21.740498568350109],[-43.355890604999964,-21.740480807350128],[-43.355793013999971,-21.740459373350102],[-43.355773094999961,-21.740538538350098],[-43.355765501999933,-21.740536870350113],[-43.355738925999951,-21.740531033350116],[-43.355730240999939,-21.740559050350086],[-43.35571800699995,-21.740598518350101],[-43.355700998999957,-21.740653382350086],[-43.355688481999948,-21.740693765350084],[-43.355789835999985,-21.740855691350124],[-43.355795469999975,-21.740864692350083],[-43.355801791999966,-21.740984188350108],[-43.35580216999994,-21.740991341350124],[-43.355847321999931,-21.741060888350127],[-43.35583390499994,-21.741072107350114],[-43.355792977999961,-21.741106329350124],[-43.355778036999936,-21.74111882235011],[-43.355733793999953,-21.741155818350116],[-43.355720357999985,-21.741212897350103],[-43.355630712999982,-21.741175679350107],[-43.35561604399993,-21.741350233350122],[-43.355594675999946,-21.741345530350127],[-43.355496794999972,-21.74173368935006],[-43.355587588999981,-21.741753673350065],[-43.355663094999954,-21.741770292350068],[-43.355681140999934,-21.741774263350088],[-43.355739958999955,-21.741787210350104],[-43.355697979999945,-21.741959393350054],[-43.355787318999944,-21.742035109350088],[-43.355885179999973,-21.742120849350055],[-43.355835992999964,-21.742316404350046],[-43.35580707999997,-21.742431352350096],[-43.355910299999948,-21.742454014350077],[-43.355844996999963,-21.742713641350054],[-43.355858687999955,-21.742718808350048],[-43.355888224999944,-21.74273021935004],[-43.355916159999929,-21.74274472635004],[-43.355923794999967,-21.742749415350083],[-43.355927549999933,-21.742751846350068],[-43.355949132999967,-21.742767616350076],[-43.355952563999942,-21.742770435350049],[-43.355962551999937,-21.74277920235005],[-43.355968946999951,-21.742785298350036],[-43.355981074999931,-21.74279806435004],[-43.35599751999996,-21.742818540350068],[-43.356065759999971,-21.742947258350053],[-43.356071606999933,-21.742958287350046],[-43.35607755999996,-21.742966860350055],[-43.356084439999961,-21.742974803350062],[-43.356086294999955,-21.742976681350051],[-43.356093193999982,-21.742982879350048],[-43.356100669999933,-21.742988462350052],[-43.356111557999952,-21.742994933350062],[-43.356123677999967,-21.743001842350047],[-43.356129789999962,-21.743005217350049],[-43.356173491999982,-21.743027307350069],[-43.356186256999933,-21.743033118350048],[-43.356188818999946,-21.743034017350045],[-43.35619150399998,-21.743034509350071],[-43.356194239999979,-21.743034579350066],[-43.356196949999962,-21.743034226350051],[-43.356199559999936,-21.743033460350077],[-43.35620199899995,-21.743032302350041],[-43.356204199999979,-21.743030783350033],[-43.356206101999938,-21.743028945350083],[-43.356207652999956,-21.74302683835008],[-43.356164200999949,-21.743113374350049],[-43.356156588999966,-21.743142398350049],[-43.356101654999968,-21.743351859350053],[-43.356185593999953,-21.743371073350069],[-43.356294740999942,-21.743354942350017],[-43.356368823999965,-21.743371899350041],[-43.35647596699993,-21.743396425350038],[-43.35646810399993,-21.74342640535005],[-43.356560053999949,-21.743447454350054],[-43.356657826999943,-21.743469835350066],[-43.356666573999973,-21.743437349350053],[-43.356834190999955,-21.743474196350039],[-43.356938557999968,-21.74355700735007],[-43.356956901999979,-21.743561162350058],[-43.357119337999961,-21.743597962350041],[-43.357219403999977,-21.743620631350019],[-43.357214708999948,-21.743640442350038],[-43.357304362999969,-21.743658107350061],[-43.357300155999951,-21.743677308350051],[-43.357401617999983,-21.74370285235003],[-43.357526034999978,-21.743734174350006],[-43.357620449999956,-21.743757943350069],[-43.357618732999981,-21.743779485350018],[-43.357721290999962,-21.743789473350056],[-43.357719102999965,-21.743820193350047],[-43.357819792999976,-21.74382842035001],[-43.357920954999933,-21.743836685350029],[-43.35801620999996,-21.743844468350037]]]},"properties":{"OBJECTID":83,"nro":3,"nome":"Manoel Honório","qtd_contrib_oficina_1_centro":null,"qtd_contrib_oficina_2_oeste":null,"qtd_contrib_oficina_3_leste":null,"qtd_contrib_oficina_4_nordeste":null,"qtd_contrib_oficina_5_vilas_nu":null,"qtd_contrib_oficina_6_n_co":null,"qtd_contrib_oficina_7_sudeste":null,"qtd_contrib_oficina_8_sul":null,"qtd_inscricoes_vaf":2,"observacao":"-","fonte":"PDDU","ano":"2000","vaf_2018":43766898,"vaf_2019":45832178,"vaf_2020":40220624,"vaf_2021":40528265,"vaf_2022":42868838,"bairro_dado_vinculado":"-","regiao_planejamento":"Centro","shape.STArea()":4.388961666913401e-05,"shape.STLength()":0.048717646234658026}},{"type":"Feature","id":84,"geometry":{"type":"Polygon","coordinates":[[[-43.34642482299995,-21.737978768350146],[-43.346405026999946,-21.73796694235017],[-43.346434323999972,-21.737937488350152],[-43.346485746999974,-21.737910665350167],[-43.34656737499995,-21.737868087350201],[-43.346711125999946,-21.73777969035018],[-43.346953510999981,-21.737630640350176],[-43.347078411999973,-21.737638136350206],[-43.348400307999952,-21.736586486350213],[-43.348555715999971,-21.736470492350207],[-43.349628340999963,-21.735593919350194],[-43.350061402999984,-21.735240005350263],[-43.350173587999969,-21.735222245350268],[-43.350173818999963,-21.735222379350276],[-43.350282183999987,-21.735285284350258],[-43.350285585999984,-21.735287259350237],[-43.350309546999931,-21.735300561350254],[-43.350488428999938,-21.735376785350244],[-43.35056046699998,-21.735426021350239],[-43.350648758999959,-21.735456751350227],[-43.350653430999955,-21.735458377350248],[-43.350534869999933,-21.735598068350214],[-43.350476274999941,-21.73566405135022],[-43.350394359999939,-21.735734483350246],[-43.350263216999963,-21.735847241350239],[-43.351054169999941,-21.736113606350191],[-43.351393059999957,-21.736297221350224],[-43.351464573999976,-21.736284191350233],[-43.351492791999924,-21.73624366235023],[-43.351653655999939,-21.736318230350182],[-43.352204995999955,-21.736537535350209],[-43.352363998999977,-21.736600782350219],[-43.352260025999961,-21.737241029350194],[-43.353509333999966,-21.737682486350195],[-43.352743463999957,-21.74115675635008],[-43.35288611499994,-21.74168204035006],[-43.352759001999964,-21.74223173635006],[-43.352317784999968,-21.742137022350061],[-43.350479985999982,-21.741531629350071],[-43.350207421999983,-21.741854068350069],[-43.349889073999982,-21.741688317350075],[-43.348423145999959,-21.740743387350093],[-43.348181349999955,-21.7403300133501],[-43.348098373999953,-21.740293838350109],[-43.347939509999939,-21.740224581350112],[-43.347925712999938,-21.740204977350121],[-43.347886426999935,-21.740165030350116],[-43.347838736999961,-21.740125799350093],[-43.347815580999956,-21.740111416350143],[-43.347799037999948,-21.740101669350111],[-43.347778396999963,-21.740091028350104],[-43.347756366999931,-21.740082291350113],[-43.347744483999975,-21.740077950350095],[-43.347728193999956,-21.740072000350093],[-43.347703255999924,-21.74006656235014],[-43.347667271999967,-21.740061093350114],[-43.347631287999945,-21.740055409350131],[-43.347582016999986,-21.740046582350146],[-43.347518725999969,-21.740034877350134],[-43.347506759999924,-21.740032091350152],[-43.347489263999933,-21.740025954350131],[-43.347466561999966,-21.740015932350111],[-43.347445705999981,-21.740004224350123],[-43.347408105999932,-21.739980425350105],[-43.347381534999954,-21.739961323350151],[-43.347358897999982,-21.739945978350139],[-43.347334877999963,-21.73993147135014],[-43.347320564999961,-21.73992621735011],[-43.347299218999979,-21.739917485350137],[-43.34726778199996,-21.739902805350145],[-43.347235359999956,-21.739885020350144],[-43.347218841999961,-21.739873143350113],[-43.347202747999972,-21.739863825350145],[-43.347162619999949,-21.739849242350164],[-43.347115724999973,-21.739820239350145],[-43.347083850999987,-21.739794367350108],[-43.34706393099998,-21.739774912350136],[-43.347040296999978,-21.739746779350138],[-43.347010251999961,-21.739716367350134],[-43.346994184999964,-21.73970035735012],[-43.346988812999932,-21.739691360350118],[-43.346983087999945,-21.739673201350136],[-43.346969335999972,-21.739636280350126],[-43.346953406999944,-21.73957287635012],[-43.346944586999939,-21.739540853350103],[-43.346943533999941,-21.739533176350129],[-43.346943398999933,-21.739505066350169],[-43.346944295999947,-21.739486548350115],[-43.346946074999948,-21.739452340350127],[-43.34694867099995,-21.739424896350126],[-43.346954607999976,-21.739404512350131],[-43.346965225999952,-21.73935530635017],[-43.346975226999973,-21.739299892350147],[-43.346987814999977,-21.739237065350117],[-43.34699442699997,-21.739217539350161],[-43.347000846999947,-21.739195970350142],[-43.347007737999952,-21.739171976350139],[-43.347008735999964,-21.739164533350127],[-43.347012745999962,-21.739153074350128],[-43.347030864999965,-21.739107532350175],[-43.347039102999922,-21.739085468350158],[-43.34705717199995,-21.73902675835015],[-43.347064258999971,-21.739006066350132],[-43.34707113099995,-21.738983775350139],[-43.34707928499995,-21.738949200350167],[-43.347083675999961,-21.738924329350173],[-43.347087022999972,-21.738891483350162],[-43.347088105999944,-21.738884538350167],[-43.347093915999949,-21.738847258350159],[-43.347097395999981,-21.738802631350126],[-43.347095430999957,-21.738775010350174],[-43.347095302999939,-21.738746260350151],[-43.34709335499997,-21.738737083350177],[-43.347083805999944,-21.738694399350123],[-43.34706293499994,-21.738623265350142],[-43.34705736899997,-21.738611284350139],[-43.347041746999935,-21.738580890350171],[-43.347007206999933,-21.738543069350147],[-43.346987103999936,-21.738525407350135],[-43.346969638999951,-21.738510718350188],[-43.346958403999963,-21.73850127035017],[-43.346934103999956,-21.738485833350172],[-43.346914406999986,-21.738472646350179],[-43.346887934999984,-21.738453217350173],[-43.346879053999942,-21.738445443350191],[-43.346841274999974,-21.738415206350162],[-43.346798542999977,-21.738381005350156],[-43.346767674999967,-21.738351272350194],[-43.346753773999978,-21.738339058350153],[-43.346722427999964,-21.73831422935017],[-43.346696011999931,-21.738292760350184],[-43.346654580999939,-21.738254859350132],[-43.346623347999973,-21.738223710350137],[-43.346563169999968,-21.738161557350161],[-43.346540563999952,-21.738139933350155],[-43.346529308999948,-21.73812819335016],[-43.34652231299998,-21.738117685350172],[-43.346517061999968,-21.738109799350177],[-43.346481680999936,-21.738059944350184],[-43.346466534999927,-21.738035331350194],[-43.346463081999957,-21.738025994350149],[-43.346456130999968,-21.738011306350181],[-43.346446679999985,-21.737997259350152],[-43.346441390999985,-21.737992887350167],[-43.346434356999964,-21.737985507350167],[-43.34642482299995,-21.737978768350146]]]},"properties":{"OBJECTID":84,"nro":4,"nome":"Bairu","qtd_contrib_oficina_1_centro":null,"qtd_contrib_oficina_2_oeste":null,"qtd_contrib_oficina_3_leste":null,"qtd_contrib_oficina_4_nordeste":null,"qtd_contrib_oficina_5_vilas_nu":null,"qtd_contrib_oficina_6_n_co":null,"qtd_contrib_oficina_7_sudeste":null,"qtd_contrib_oficina_8_sul":null,"qtd_inscricoes_vaf":61,"observacao":"-","fonte":"PDDU","ano":"2000","vaf_2018":227560,"vaf_2019":2053269,"vaf_2020":1724710,"vaf_2021":1850156,"vaf_2022":1659116,"bairro_dado_vinculado":"-","regiao_planejamento":"Centro","shape.STArea()":2.9855815038178008e-05,"shape.STLength()":0.023536061092612026}},{"type":"Feature","id":85,"geometry":{"type":"Polygon","coordinates":[[[-43.346529308999948,-21.73812819335016],[-43.346540563999952,-21.738139933350155],[-43.346563169999968,-21.738161557350161],[-43.346623347999973,-21.738223710350137],[-43.346654580999939,-21.738254859350132],[-43.346696011999931,-21.738292760350184],[-43.346722427999964,-21.73831422935017],[-43.346753773999978,-21.738339058350153],[-43.346767674999967,-21.738351272350194],[-43.346798542999977,-21.738381005350156],[-43.346841274999974,-21.738415206350162],[-43.346879053999942,-21.738445443350191],[-43.346887934999984,-21.738453217350173],[-43.346914406999986,-21.738472646350179],[-43.346934103999956,-21.738485833350172],[-43.346958403999963,-21.73850127035017],[-43.346969638999951,-21.738510718350188],[-43.346987103999936,-21.738525407350135],[-43.347007206999933,-21.738543069350147],[-43.347041746999935,-21.738580890350171],[-43.34705736899997,-21.738611284350139],[-43.34706293499994,-21.738623265350142],[-43.347083805999944,-21.738694399350123],[-43.34709335499997,-21.738737083350177],[-43.347095302999939,-21.738746260350151],[-43.347095430999957,-21.738775010350174],[-43.347097395999981,-21.738802631350126],[-43.347093915999949,-21.738847258350159],[-43.347088105999944,-21.738884538350167],[-43.347087022999972,-21.738891483350162],[-43.347083675999961,-21.738924329350173],[-43.34707928499995,-21.738949200350167],[-43.34707113099995,-21.738983775350139],[-43.347064258999971,-21.739006066350132],[-43.34705717199995,-21.73902675835015],[-43.347039102999922,-21.739085468350158],[-43.347030864999965,-21.739107532350175],[-43.347012745999962,-21.739153074350128],[-43.347008735999964,-21.739164533350127],[-43.347007737999952,-21.739171976350139],[-43.347000846999947,-21.739195970350142],[-43.34699442699997,-21.739217539350161],[-43.346987814999977,-21.739237065350117],[-43.346975226999973,-21.739299892350147],[-43.346965225999952,-21.73935530635017],[-43.346954607999976,-21.739404512350131],[-43.34694867099995,-21.739424896350126],[-43.346946074999948,-21.739452340350127],[-43.346944295999947,-21.739486548350115],[-43.346943398999933,-21.739505066350169],[-43.346943533999941,-21.739533176350129],[-43.346944586999939,-21.739540853350103],[-43.346953406999944,-21.73957287635012],[-43.346969335999972,-21.739636280350126],[-43.346983087999945,-21.739673201350136],[-43.346988812999932,-21.739691360350118],[-43.346994184999964,-21.73970035735012],[-43.347010251999961,-21.739716367350134],[-43.347040296999978,-21.739746779350138],[-43.34706393099998,-21.739774912350136],[-43.347083850999987,-21.739794367350108],[-43.347115724999973,-21.739820239350145],[-43.347162619999949,-21.739849242350164],[-43.347202747999972,-21.739863825350145],[-43.347218841999961,-21.739873143350113],[-43.347235359999956,-21.739885020350144],[-43.34726778199996,-21.739902805350145],[-43.347299218999979,-21.739917485350137],[-43.347320564999961,-21.73992621735011],[-43.347334877999963,-21.73993147135014],[-43.347358897999982,-21.739945978350139],[-43.347381534999954,-21.739961323350151],[-43.347408105999932,-21.739980425350105],[-43.347445705999981,-21.740004224350123],[-43.347466561999966,-21.740015932350111],[-43.347489263999933,-21.740025954350131],[-43.347506759999924,-21.740032091350152],[-43.347518725999969,-21.740034877350134],[-43.347582016999986,-21.740046582350146],[-43.347631287999945,-21.740055409350131],[-43.347667271999967,-21.740061093350114],[-43.347703255999924,-21.74006656235014],[-43.347728193999956,-21.740072000350093],[-43.347744483999975,-21.740077950350095],[-43.347756366999931,-21.740082291350113],[-43.347778396999963,-21.740091028350104],[-43.347799037999948,-21.740101669350111],[-43.347815580999956,-21.740111416350143],[-43.347838736999961,-21.740125799350093],[-43.347886426999935,-21.740165030350116],[-43.347925712999938,-21.740204977350121],[-43.347939509999939,-21.740224581350112],[-43.347943673999957,-21.740230497350126],[-43.347949482999979,-21.740241202350148],[-43.347964847999947,-21.740278799350104],[-43.347979887999941,-21.740320261350121],[-43.347984703999941,-21.740339580350099],[-43.347989107999979,-21.740373483350137],[-43.347990293999935,-21.740389466350102],[-43.347994187999973,-21.74048361635009],[-43.347984422999957,-21.740520478350096],[-43.348024522999943,-21.740541562350124],[-43.348008881999931,-21.740731753350126],[-43.348004874999958,-21.740780488350129],[-43.348003496999979,-21.740779473350116],[-43.347998635999943,-21.740858176350095],[-43.347885573999974,-21.740970532350079],[-43.347801585999946,-21.741053996350086],[-43.347731256999957,-21.741107236350075],[-43.347716181999935,-21.741132353350082],[-43.347761096999932,-21.741210270350091],[-43.347756071999981,-21.741219948350107],[-43.347561663999954,-21.740942528350086],[-43.347435571999931,-21.740874726350093],[-43.347390512999944,-21.740850498350124],[-43.347243873999957,-21.740781293350086],[-43.346950338999925,-21.740665460350094],[-43.346654943999965,-21.740712186350088],[-43.346408364999938,-21.740822625350113],[-43.346210929999984,-21.740915490350091],[-43.346013631999938,-21.74104900035011],[-43.345742489999957,-21.741141128350122],[-43.345520851999929,-21.741184073350073],[-43.345251570999942,-21.741113640350125],[-43.345079386999942,-21.741111918350075],[-43.344760822999952,-21.741018413350091],[-43.344517260999972,-21.740812754350124],[-43.344468237999934,-21.74076710335008],[-43.34432185999998,-21.740675318350078],[-43.344175187999952,-21.740556433350083],[-43.344102774999953,-21.74044280735011],[-43.343906597999926,-21.740373104350109],[-43.34373545099993,-21.740281070350132],[-43.343490855999953,-21.740165721350142],[-43.343417838999983,-21.740052089350126],[-43.34339367299998,-21.74005184735012],[-43.343271772999969,-21.739933209350113],[-43.343125051999955,-21.739818840350104],[-43.342979191999973,-21.739681899350117],[-43.342930687999967,-21.739591092350132],[-43.342981229999964,-21.739451600350115],[-43.342981660999953,-21.739361283350163],[-43.342983438999966,-21.739153563350119],[-43.342985941999984,-21.738882624350172],[-43.34303743199996,-21.738607660350151],[-43.343014439999934,-21.738399692350171],[-43.342992742999961,-21.738078834350162],[-43.342871051999964,-21.737942136350174],[-43.34274936099996,-21.737805435350197],[-43.342676137999945,-21.737709865350165],[-43.34250628999996,-21.737504942350203],[-43.342360346999946,-21.737322839350174],[-43.342239400999972,-21.737068728350167],[-43.342143481999983,-21.736792289350234],[-43.342193452999943,-21.736702468350213],[-43.342268676999943,-21.736518063350189],[-43.342392610999987,-21.736406403350237],[-43.342516597999975,-21.736290227350228],[-43.342639667999947,-21.736201137350214],[-43.342836788999939,-21.736135370350187],[-43.343206567999971,-21.735976493350197],[-43.343429198999956,-21.735793562350217],[-43.343503938999959,-21.735703990350256],[-43.343578383999954,-21.735587317350223],[-43.34363064799993,-21.735244620350223],[-43.343632682999946,-21.735014321350214],[-43.343609120999986,-21.734856024350233],[-43.343537452999946,-21.734624987350255],[-43.344989527999978,-21.734291773350233],[-43.345399814999951,-21.735185538350212],[-43.345696145999959,-21.735003340350278],[-43.34635106199994,-21.737368519350195],[-43.346458556999949,-21.737756722350184],[-43.346485746999974,-21.737910665350167],[-43.346434323999972,-21.737937488350152],[-43.346405026999946,-21.73796694235017],[-43.34642482299995,-21.737978768350146],[-43.346434356999964,-21.737985507350167],[-43.346441390999985,-21.737992887350167],[-43.346446679999985,-21.737997259350152],[-43.346456130999968,-21.738011306350181],[-43.346463081999957,-21.738025994350149],[-43.346466534999927,-21.738035331350194],[-43.346481680999936,-21.738059944350184],[-43.346517061999968,-21.738109799350177],[-43.34652231299998,-21.738117685350172],[-43.346529308999948,-21.73812819335016]]]},"properties":{"OBJECTID":85,"nro":5,"nome":"Bonfim","qtd_contrib_oficina_1_centro":null,"qtd_contrib_oficina_2_oeste":null,"qtd_contrib_oficina_3_leste":2,"qtd_contrib_oficina_4_nordeste":null,"qtd_contrib_oficina_5_vilas_nu":null,"qtd_contrib_oficina_6_n_co":null,"qtd_contrib_oficina_7_sudeste":null,"qtd_contrib_oficina_8_sul":null,"qtd_inscricoes_vaf":44,"observacao":"-","fonte":"PDDU","ano":"2000","vaf_2018":445048,"vaf_2019":1460932,"vaf_2020":2657991,"vaf_2021":2344097,"vaf_2022":1193508,"bairro_dado_vinculado":"-","regiao_planejamento":"Leste","shape.STArea()":2.2298124522353006e-05,"shape.STLength()":0.021975211332586925}},{"type":"Feature","id":86,"geometry":{"type":"Polygon","coordinates":[[[-43.33854602599996,-21.720024252350616],[-43.338816560999938,-21.719981805350603],[-43.33906293299998,-21.719939115350613],[-43.339283934999969,-21.719896170350609],[-43.339431585999932,-21.719875070350582],[-43.33904389099996,-21.720601104350589],[-43.339037323999946,-21.721172909350571],[-43.339030250999933,-21.721788700350583],[-43.338980168999967,-21.723074907350508],[-43.338973600999964,-21.723646712350497],[-43.339213665999978,-21.724264980350526],[-43.339351983999961,-21.724519309350484],[-43.339347184999951,-21.724937167350479],[-43.33944779899997,-21.725400072350475],[-43.339490704999946,-21.725763420350457],[-43.339583085999948,-21.725918312350462],[-43.339770248999969,-21.726019166350444],[-43.339909577999947,-21.726185525350434],[-43.340096361999947,-21.726319368350456],[-43.340235566999986,-21.726496722350472],[-43.340268599999938,-21.726695009350454],[-43.340454754999939,-21.726883833350456],[-43.340620934999947,-21.727228312350423],[-43.340869687999941,-21.727697743350419],[-43.341262350999955,-21.727701677350417],[-43.341556890999975,-21.727727208350426],[-43.341900500999941,-21.727793874350446],[-43.342194265999971,-21.727887136350439],[-43.342316638999932,-21.727910940350402],[-43.342390683999952,-21.727934262350406],[-43.342757372999984,-21.728095995350433],[-43.343050654999956,-21.728284088350399],[-43.343417431999967,-21.728490980350394],[-43.343662697999946,-21.728493433350415],[-43.343687724999945,-21.728471104350426],[-43.343738432999942,-21.7282638723504],[-43.343765147999932,-21.72798866035038],[-43.343865649999941,-21.727759345350435],[-43.343965064999956,-21.727624858350417],[-43.344186388999958,-21.727554814350437],[-43.344432773999984,-21.727512117350411],[-43.344678295999984,-21.72749199035043],[-43.344923645999984,-21.727539603350419],[-43.345901263999963,-21.728113879350417],[-43.345824018999963,-21.728528586350418],[-43.345943503999941,-21.728963321350403],[-43.345909976999963,-21.729992648350347],[-43.345900957999959,-21.731044801350308],[-43.346171511999955,-21.731002343350319],[-43.34621932999994,-21.731206043350348],[-43.346265544999937,-21.731549725350341],[-43.346482589999944,-21.7320125313503],[-43.345840284999952,-21.732439659350302],[-43.344852922999962,-21.733030426350293],[-43.344873367999988,-21.73351385035026],[-43.344783174999975,-21.734339127350232],[-43.343537452999946,-21.734624987350255],[-43.343440533999967,-21.734488537350241],[-43.343270082999936,-21.734283608350236],[-43.343149997999944,-21.73400692735024],[-43.343051957999933,-21.733915625350253],[-43.343029828999931,-21.733685084350249],[-43.343131026999963,-21.733342877350303],[-43.343206160999955,-21.733113310350287],[-43.343281640999976,-21.732906327350292],[-43.343258941999977,-21.732725457350291],[-43.343113745999965,-21.732425944350275],[-43.342918613999991,-21.732265930350326],[-43.342748822999965,-21.732056491350338],[-43.342577598999981,-21.731919296350299],[-43.342334312999981,-21.731691058350322],[-43.342065707999943,-21.731458050350316],[-43.341796618999979,-21.731319874350312],[-43.341551781999954,-21.731227100350313],[-43.341232810999941,-21.731223904350362],[-43.340839567999971,-21.731269641350341],[-43.34064219399994,-21.731357985350357],[-43.340469278999933,-21.731473669350329],[-43.340223663999957,-21.731448627350332],[-43.340028103999941,-21.731378926350359],[-43.339806913999958,-21.731331548350322],[-43.33958615399996,-21.731351915350313],[-43.339413670999932,-21.731377281350362],[-43.33916788199997,-21.731419976350345],[-43.338946517999943,-21.731440335350303],[-43.338725931999932,-21.731392962350334],[-43.338530288999948,-21.731278098350334],[-43.338408088999984,-21.731186551350326],[-43.338065301999968,-21.73104762935036],[-43.337942668999972,-21.731046398350362],[-43.337697139999932,-21.731066514350342],[-43.337500458999948,-21.731041959350357],[-43.337247129999987,-21.731057479350319],[-43.33695848299994,-21.731149417350355],[-43.336310367999943,-21.731711928350343],[-43.335545083999925,-21.732322936350286],[-43.334383212999967,-21.731119016350352],[-43.334164795999975,-21.730936177350369],[-43.333847731999981,-21.730820085350327],[-43.333702202999973,-21.730656045350365],[-43.332890322999958,-21.728705975350397],[-43.33286815799994,-21.728479949350398],[-43.332871595999961,-21.728181925350381],[-43.333021223999936,-21.7278853723504],[-43.333120648999966,-21.727750891350432],[-43.333370012999978,-21.727292765350423],[-43.333450198999969,-21.727045190350438],[-43.333532498999944,-21.726666670350447],[-43.333601009999938,-21.726540911350455],[-43.333635327999964,-21.726446418350449],[-43.333658512999932,-21.726374395350479],[-43.333715701999949,-21.726234973350461],[-43.333754716999977,-21.726099884350443],[-43.333806644999981,-21.725892669350451],[-43.333809298999945,-21.725662377350492],[-43.333811983999965,-21.725481763350444],[-43.333789349999961,-21.725296378350446],[-43.333790911999984,-21.7251609113505],[-43.333793128999957,-21.725020936350489],[-43.333942085999972,-21.724886954350467],[-43.33401713699994,-21.724770291350485],[-43.334190861999957,-21.724636557350475],[-43.33438874899997,-21.72450306535049],[-43.334513072999982,-21.724409479350502],[-43.334612494999931,-21.724274997350484],[-43.334737598999936,-21.72411367835052],[-43.334837884999956,-21.723956625350514],[-43.335012438999968,-21.723750641350527],[-43.335136626999947,-21.723616408350498],[-43.335237742999936,-21.723387105350522],[-43.335240133999946,-21.723179391350531],[-43.335342372999946,-21.722904941350535],[-43.33544231299993,-21.722725303350515],[-43.335442623999931,-21.722698210350547],[-43.335542387999965,-21.72258631135055],[-43.335717199999969,-21.722357749350554],[-43.335917296999973,-21.722084281350565],[-43.336091795999955,-21.721882811350525],[-43.336216551999939,-21.721698907350554],[-43.336316833999945,-21.721541852350565],[-43.336343469999981,-21.721379541350579],[-43.336371145999976,-21.721126921350567],[-43.336470387999952,-21.721060176350591],[-43.336519836999976,-21.721015513350551],[-43.336644416999945,-21.720899346350571],[-43.336817270999973,-21.72078818035056],[-43.336965181999965,-21.720744505350595],[-43.33713869099995,-21.72062883035057],[-43.337410266999932,-21.720496074350613],[-43.337633222999955,-21.720335734350574],[-43.33788063399993,-21.720202735350618],[-43.338250150999954,-21.720116121350625],[-43.338274918999957,-21.720116369350617],[-43.33854602599996,-21.720024252350616]]]},"properties":{"OBJECTID":86,"nro":6,"nome":"Marumbi","qtd_contrib_oficina_1_centro":null,"qtd_contrib_oficina_2_oeste":null,"qtd_contrib_oficina_3_leste":1,"qtd_contrib_oficina_4_nordeste":null,"qtd_contrib_oficina_5_vilas_nu":null,"qtd_contrib_oficina_6_n_co":null,"qtd_contrib_oficina_7_sudeste":null,"qtd_contrib_oficina_8_sul":null,"qtd_inscricoes_vaf":35,"observacao":"-","fonte":"PDDU","ano":"2000","vaf_2018":null,"vaf_2019":780139,"vaf_2020":778495,"vaf_2021":517735,"vaf_2022":740444,"bairro_dado_vinculado":"-","regiao_planejamento":"Leste","shape.STArea()":8.7451551519725519e-05,"shape.STLength()":0.05111395568614837}},{"type":"Feature","id":87,"geometry":{"type":"Polygon","coordinates":[[[-43.339030250999933,-21.721788700350583],[-43.339037323999946,-21.721172910350553],[-43.33904389099996,-21.720601104350589],[-43.339431585999932,-21.719875070350582],[-43.339578977999963,-21.71987654835058],[-43.339898526999946,-21.719879750350604],[-43.340242239999952,-21.719883195350601],[-43.340462722999973,-21.71988540335062],[-43.340659647999985,-21.719887376350613],[-43.340904897999962,-21.71988983335061],[-43.341125467999966,-21.719937202350618],[-43.341394708999978,-21.720007640350584],[-43.341418870999973,-21.72000788235059],[-43.341761289999965,-21.720124210350569],[-43.342078890999971,-21.720244807350603],[-43.342177094999954,-21.72026837135061],[-43.342347355999948,-21.720382976350574],[-43.342516530999944,-21.720592408350591],[-43.342613958999948,-21.720683704350567],[-43.342930009999968,-21.720939766350575],[-43.342953654999981,-21.72098516335058],[-43.343026834999932,-21.721031056350565],[-43.34317236499993,-21.721195089350601],[-43.34324416499993,-21.721308709350577],[-43.343316774999948,-21.721404272350576],[-43.343363376999939,-21.721607961350557],[-43.343385936999944,-21.72174818535056],[-43.343433313999988,-21.721884141350557],[-43.343480640999985,-21.722024612350573],[-43.343603096999971,-21.722093577350535],[-43.343799420999972,-21.722095542350566],[-43.343947072999981,-21.722074437350525],[-43.344168077999939,-21.722031486350573],[-43.344291618999932,-21.722005624350551],[-43.344512709999954,-21.722007834350539],[-43.344659499999977,-21.722009301350553],[-43.344978487999981,-21.722062166350529],[-43.345203968999954,-21.72225740235055],[-43.345199438999941,-21.722653268350559],[-43.345136947999947,-21.72297157335052],[-43.345193524999964,-21.723170094350511],[-43.345190631999969,-21.723423008350505],[-43.345187359999954,-21.723708912350496],[-43.345184716999938,-21.723939834350507],[-43.345179430999956,-21.724401678350524],[-43.345174774999975,-21.724808541350484],[-43.345170244999963,-21.725204406350496],[-43.345164580999949,-21.72569923935049],[-43.345099570999928,-21.726237468350455],[-43.345094661999951,-21.726666324350436],[-43.344972693999978,-21.727039021350404],[-43.344923645999984,-21.727539603350419],[-43.344678295999984,-21.72749199035043],[-43.344432773999984,-21.727512117350411],[-43.344186388999958,-21.727554814350437],[-43.343965064999956,-21.727624858350417],[-43.343865649999941,-21.727759345350435],[-43.343765147999932,-21.72798866035038],[-43.343738432999942,-21.7282638723504],[-43.343687724999945,-21.728471104350426],[-43.343662697999946,-21.728493433350415],[-43.343417431999967,-21.728490980350394],[-43.343050654999956,-21.728284088350399],[-43.342757372999984,-21.728095995350433],[-43.342390683999952,-21.727934262350406],[-43.342316638999932,-21.727910940350402],[-43.342194265999971,-21.727887136350439],[-43.341900500999941,-21.727793874350446],[-43.341556890999975,-21.727727208350426],[-43.341262350999955,-21.727701677350417],[-43.340869687999941,-21.727697743350419],[-43.340620934999947,-21.727228312350423],[-43.340454754999939,-21.726883833350456],[-43.340268599999938,-21.726695009350454],[-43.340235566999986,-21.726496722350472],[-43.340096361999947,-21.726319368350456],[-43.339909577999947,-21.726185525350434],[-43.339770248999969,-21.726019166350444],[-43.339583085999948,-21.725918312350462],[-43.339490704999946,-21.725763420350457],[-43.33944779899997,-21.725400072350475],[-43.339347184999951,-21.724937167350479],[-43.339351983999961,-21.724519309350484],[-43.339213665999978,-21.724264980350526],[-43.338973600999964,-21.723646712350497],[-43.338980168999967,-21.723074907350508],[-43.339030250999933,-21.721788700350583]]]},"properties":{"OBJECTID":87,"nro":7,"nome":"Santa Paula","qtd_contrib_oficina_1_centro":null,"qtd_contrib_oficina_2_oeste":null,"qtd_contrib_oficina_3_leste":null,"qtd_contrib_oficina_4_nordeste":null,"qtd_contrib_oficina_5_vilas_nu":null,"qtd_contrib_oficina_6_n_co":null,"qtd_contrib_oficina_7_sudeste":null,"qtd_contrib_oficina_8_sul":null,"qtd_inscricoes_vaf":null,"observacao":"-","fonte":"PDDU","ano":"2000","vaf_2018":null,"vaf_2019":null,"vaf_2020":null,"vaf_2021":null,"vaf_2022":null,"bairro_dado_vinculado":"-","regiao_planejamento":"Leste","shape.STArea()":4.0178018230166007e-05,"shape.STLength()":0.025631052796838236}},{"type":"Feature","id":88,"geometry":{"type":"Polygon","coordinates":[[[-43.354414318999943,-21.736313986350208],[-43.354640606999958,-21.736478568350186],[-43.35464170399996,-21.736477980350205],[-43.354624658999967,-21.736519396350189],[-43.354459226999943,-21.736703450350234],[-43.354029220999962,-21.737181856350176],[-43.353901859999958,-21.737754130350201],[-43.353509333999966,-21.737682486350195],[-43.352260025999961,-21.737241029350194],[-43.352363998999977,-21.736600782350219],[-43.351653655999939,-21.736318230350182],[-43.351492791999924,-21.73624366235023],[-43.351464573999976,-21.736284191350233],[-43.351393059999957,-21.736297221350224],[-43.351054169999941,-21.736113606350191],[-43.350263216999963,-21.735847241350239],[-43.350394359999939,-21.735734483350246],[-43.350476274999941,-21.73566405135022],[-43.350534869999933,-21.735598068350214],[-43.350653430999955,-21.735458377350248],[-43.350648758999959,-21.735456751350227],[-43.35056046699998,-21.735426021350239],[-43.350488428999938,-21.735376785350244],[-43.350309546999931,-21.735300561350254],[-43.350285585999984,-21.735287259350237],[-43.350282183999987,-21.735285284350258],[-43.350173818999963,-21.735222379350276],[-43.350173587999969,-21.735222245350268],[-43.350061402999984,-21.735240005350263],[-43.349628340999963,-21.735593919350194],[-43.348555715999971,-21.736470492350207],[-43.348400307999952,-21.736586486350213],[-43.347078411999973,-21.737638136350206],[-43.346953510999981,-21.737630640350176],[-43.346711125999946,-21.73777969035018],[-43.34656737499995,-21.737868087350201],[-43.346485746999974,-21.737910665350167],[-43.346458556999949,-21.737756722350184],[-43.34635106199994,-21.737368519350195],[-43.346135153999967,-21.736588791350215],[-43.345696145999959,-21.735003340350278],[-43.345399814999951,-21.735185538350212],[-43.344989527999978,-21.734291773350233],[-43.344783174999975,-21.734339127350232],[-43.344873367999988,-21.73351385035026],[-43.344852922999962,-21.733030426350293],[-43.345840284999952,-21.732439659350302],[-43.346482589999944,-21.7320125313503],[-43.346265544999937,-21.731549725350341],[-43.34621932999994,-21.731206043350348],[-43.346171511999955,-21.731002343350319],[-43.345900957999959,-21.731044801350308],[-43.345909976999963,-21.729992648350347],[-43.345943503999941,-21.728963321350403],[-43.345824018999963,-21.728528586350418],[-43.345901263999963,-21.728113879350417],[-43.344923645999984,-21.727539603350419],[-43.344972693999978,-21.727039021350404],[-43.345094661999951,-21.726666324350436],[-43.345099570999928,-21.726237468350455],[-43.345164580999949,-21.72569923935049],[-43.345170244999963,-21.725204406350496],[-43.345174774999975,-21.724808541350484],[-43.345179430999956,-21.724401678350524],[-43.345184716999938,-21.723939834350507],[-43.345187359999954,-21.723708912350496],[-43.345190631999969,-21.723423008350505],[-43.345193524999964,-21.723170094350511],[-43.345136947999947,-21.72297157335052],[-43.345199438999941,-21.722653268350559],[-43.345203968999954,-21.72225740235055],[-43.344978487999981,-21.722062166350529],[-43.345027417999965,-21.722062655350534],[-43.345419808999964,-21.722089155350574],[-43.345469341999937,-21.722089650350583],[-43.345715422999952,-21.722019850350577],[-43.345937547999931,-21.721931747350574],[-43.346037043999956,-21.721842420350566],[-43.346210806999977,-21.721704157350572],[-43.34630995699996,-21.721592245350561],[-43.346483408999973,-21.721481075350589],[-43.346656137999965,-21.721433122350557],[-43.346852718999969,-21.721412504350543],[-43.347148022999932,-21.721370290350592],[-43.347393534999988,-21.721350159350539],[-43.347614882999949,-21.721329787350545],[-43.34781146499995,-21.721309168350558],[-43.347860394999941,-21.721309656350559],[-43.348057063999931,-21.721334198350579],[-43.348179691999974,-21.721335421350599],[-43.34830231799998,-21.721336644350572],[-43.348670544999948,-21.721362896350556],[-43.348841843999935,-21.72138718435059],[-43.348938414999964,-21.721501048350586],[-43.349035022999949,-21.721664589350532],[-43.349057896999966,-21.721777720350566],[-43.349055267999972,-21.722008013350578],[-43.34910208499997,-21.722193638350561],[-43.349146751999967,-21.722514725350528],[-43.349218385999961,-21.722696082350542],[-43.349216788999961,-21.722836065350535],[-43.349165449999937,-21.722993615350521],[-43.349111172999983,-21.723408552350527],[-43.349036442999939,-21.723498128350506],[-43.349010902999964,-21.723565616350527],[-43.348960373999944,-21.723705110350522],[-43.34890877699997,-21.723885238350526],[-43.348882669999966,-21.724002397350539],[-43.348855838999953,-21.724182772350488],[-43.348853466999969,-21.724390487350526],[-43.348900851999993,-21.724526441350495],[-43.348923158999973,-21.724689243350472],[-43.348995310999953,-21.724825443350504],[-43.349067668999957,-21.724943583350491],[-43.349188235999975,-21.725125427350484],[-43.349260248999933,-21.7252209833505],[-43.349382451999929,-21.725312522350482],[-43.34960139899993,-21.7254501863505],[-43.349674530999948,-21.725500591350464],[-43.349747455999925,-21.725569059350448],[-43.349912793999977,-21.725692641350467],[-43.350010834999971,-21.725783939350439],[-43.350184615999979,-21.725961797350465],[-43.350320404999941,-21.726080568350479],[-43.350450346999935,-21.726235408350462],[-43.350595876999932,-21.726453630350466],[-43.350691730999984,-21.72663071135046],[-43.350722675999975,-21.726883919350456],[-43.350747243999933,-21.727272547350456],[-43.350892194999972,-21.727594631350435],[-43.351135744999965,-21.727800280350397],[-43.350962068999934,-21.727983708350397],[-43.35083750299998,-21.72825794935039],[-43.350736495999968,-21.728532423350426],[-43.350685281999972,-21.728784813350376],[-43.350632612999952,-21.729217832350372],[-43.350654068999972,-21.729561267350352],[-43.350700294999967,-21.729904948350356],[-43.350990370999966,-21.730481379350351],[-43.351111122999953,-21.73075354535035],[-43.351303723999933,-21.731189005350345],[-43.351349951999971,-21.731532687350327],[-43.351469880999957,-21.731877103350335],[-43.351541907999952,-21.732130720350327],[-43.35166226399997,-21.732384819350287],[-43.351975404999955,-21.733164700350297],[-43.352120840999923,-21.733391951350306],[-43.35233661999996,-21.733967639350261],[-43.352457892999951,-21.734194650350254],[-43.352603021999983,-21.734448994350277],[-43.352724463999948,-21.73460826635025],[-43.35291955699995,-21.734772784350248],[-43.353090189999932,-21.734909965350262],[-43.353358614999934,-21.735161018350269],[-43.353479748999973,-21.735347382350259],[-43.353722068999957,-21.735715594350197],[-43.353917730999967,-21.735830441350227],[-43.354112878999956,-21.735990444350232],[-43.354247135999969,-21.736098001350214],[-43.354284118999942,-21.736127628350207],[-43.354414318999943,-21.736313986350208]]]},"properties":{"OBJECTID":88,"nro":8,"nome":"Progresso","qtd_contrib_oficina_1_centro":null,"qtd_contrib_oficina_2_oeste":null,"qtd_contrib_oficina_3_leste":1,"qtd_contrib_oficina_4_nordeste":null,"qtd_contrib_oficina_5_vilas_nu":null,"qtd_contrib_oficina_6_n_co":null,"qtd_contrib_oficina_7_sudeste":null,"qtd_contrib_oficina_8_sul":null,"qtd_inscricoes_vaf":127,"observacao":"-","fonte":"PDDU","ano":"2000","vaf_2018":17914394,"vaf_2019":25105823,"vaf_2020":20205119,"vaf_2021":24681433,"vaf_2022":24359643,"bairro_dado_vinculado":"-","regiao_planejamento":"Leste","shape.STArea()":8.3596645437985519e-05,"shape.STLength()":0.052334584961308411}},{"type":"Feature","id":89,"geometry":{"type":"Polygon","coordinates":[[[-43.355681116999968,-21.732424529350308],[-43.355769129999942,-21.731930512350321],[-43.357097010999958,-21.731634971350307],[-43.357269605999939,-21.731546362350318],[-43.357491021999977,-21.731521463350337],[-43.35773680799997,-21.731478739350315],[-43.360051989999931,-21.730738468350353],[-43.36146125199997,-21.732576918350279],[-43.362670424999976,-21.731920500350288],[-43.362768947999946,-21.7319169573503],[-43.362867420999976,-21.731917930350303],[-43.362940867999953,-21.731941237350291],[-43.36306273699995,-21.73201018335028],[-43.363135969999973,-21.732105745350303],[-43.363282097999949,-21.73222009335031],[-43.363428318999979,-21.732379601350338],[-43.363427337999951,-21.732519590350318],[-43.363327842999979,-21.732608928350331],[-43.363253209999982,-21.732743673350289],[-43.363177758999939,-21.73295066835027],[-43.363127074999966,-21.733157906350289],[-43.363125633999971,-21.733338535350288],[-43.363124140999957,-21.733523681350263],[-43.36317056099994,-21.733799622350304],[-43.363242567999976,-21.734003557350238],[-43.363315289999946,-21.734144275350243],[-43.36326507699993,-21.734256681350278],[-43.363165622999929,-21.734395696350269],[-43.363115920999974,-21.734462946350252],[-43.362941574999979,-21.734759284350236],[-43.362742715999957,-21.735032800350229],[-43.362397050999967,-21.735304862350226],[-43.362000512999941,-21.735693839350219],[-43.361236269999957,-21.736006918350245],[-43.36108745699994,-21.736235765350198],[-43.361012726999938,-21.736325347350235],[-43.361010719999967,-21.736555647350219],[-43.361058414999945,-21.736718698350181],[-43.360878214999957,-21.737062054350215],[-43.360746752999944,-21.737236715350164],[-43.360545293999962,-21.73735569335021],[-43.36040231099998,-21.737508243350192],[-43.360270348999961,-21.737726888350156],[-43.359902490999957,-21.737987186350153],[-43.359818606999958,-21.738118327350133],[-43.35967537199997,-21.738292867350186],[-43.359512591999923,-21.738115294350159],[-43.359231866999949,-21.737958546350164],[-43.359022756999934,-21.73771452635021],[-43.358658145999982,-21.737688917350177],[-43.358554466999976,-21.737489931350193],[-43.358356130999937,-21.737333998350163],[-43.358041098999934,-21.737088929350207],[-43.357724816999962,-21.736953819350177],[-43.357620889999964,-21.736776827350209],[-43.357436699999937,-21.736412079350242],[-43.357393120999973,-21.736103715350215],[-43.357182394999938,-21.736002645350244],[-43.357078842999954,-21.735792664350235],[-43.356916443999978,-21.735582099350204],[-43.356707093999951,-21.735360070350229],[-43.356614813999954,-21.735194190350231],[-43.356429753999976,-21.734906416350221],[-43.356326328999948,-21.734685438350269],[-43.356164933999935,-21.734386901350288],[-43.356087300999945,-21.733968222350288],[-43.356065137999956,-21.733847030350297],[-43.35593767599994,-21.733669803350249],[-43.355892349999976,-21.733515387350277],[-43.355894850999967,-21.733295460350288],[-43.355780034999952,-21.733041376350279],[-43.355677487999969,-21.732743422350278],[-43.355679614999985,-21.732556485350315],[-43.355681116999968,-21.732424529350308]]]},"properties":{"OBJECTID":89,"nro":9,"nome":"Nossa Senhora das Graças","qtd_contrib_oficina_1_centro":null,"qtd_contrib_oficina_2_oeste":null,"qtd_contrib_oficina_3_leste":null,"qtd_contrib_oficina_4_nordeste":1,"qtd_contrib_oficina_5_vilas_nu":null,"qtd_contrib_oficina_6_n_co":null,"qtd_contrib_oficina_7_sudeste":null,"qtd_contrib_oficina_8_sul":null,"qtd_inscricoes_vaf":null,"observacao":"-","fonte":"PDDU","ano":"2000","vaf_2018":null,"vaf_2019":null,"vaf_2020":null,"vaf_2021":null,"vaf_2022":null,"bairro_dado_vinculado":"-","regiao_planejamento":"Nordeste","shape.STArea()":3.526598030710201e-05,"shape.STLength()":0.024886781451010823}},{"type":"Feature","id":90,"geometry":{"type":"Polygon","coordinates":[[[-43.360051989999931,-21.730738468350353],[-43.360274427999968,-21.730623252350373],[-43.360545706999964,-21.730463359350324],[-43.360866778999934,-21.730281378350359],[-43.36116401299995,-21.72996367835038],[-43.361707374999973,-21.729625831350379],[-43.362053845999981,-21.729281520350384],[-43.363568846999954,-21.72727780535044],[-43.365110871999953,-21.727902709350424],[-43.366506879999974,-21.728458416350403],[-43.367756069999984,-21.728854603350378],[-43.367655952999939,-21.729106518350395],[-43.367629187999967,-21.729336574350345],[-43.367504046999954,-21.729610823350377],[-43.367379415999949,-21.729839915350365],[-43.367204829999942,-21.730158837350359],[-43.367055427999958,-21.730387684350376],[-43.366956031999962,-21.730522187350353],[-43.366955775999941,-21.730544765350373],[-43.366757185999973,-21.730795708350335],[-43.366632134999968,-21.731115117350313],[-43.366483240999976,-21.731298808350331],[-43.366309323999978,-21.731504833350339],[-43.366209668999943,-21.731661913350333],[-43.366231929999969,-21.731937614350301],[-43.366230023999947,-21.732213078350323],[-43.366227769999966,-21.732465957350332],[-43.366274755999939,-21.732692225350331],[-43.366322295999964,-21.732923015350309],[-43.366344811999966,-21.733176139350288],[-43.36636788699996,-21.733379591350275],[-43.36636563299993,-21.733632470350287],[-43.366338864999932,-21.73386252735029],[-43.366386872999954,-21.733998483350291],[-43.366336865999976,-21.734092828350281],[-43.36633542799995,-21.734273458350259],[-43.366344655999967,-21.736129662350191],[-43.363741826999963,-21.73606782935023],[-43.363667866999947,-21.73608967835025],[-43.363568624999971,-21.7361564393502],[-43.36294731199996,-21.737026417350215],[-43.362897189999948,-21.737183985350164],[-43.362918931999957,-21.737504841350198],[-43.362962764999963,-21.738169139350177],[-43.362544735999961,-21.738214683350169],[-43.362107023999954,-21.737704551350188],[-43.361228383999958,-21.736968765350209],[-43.361131187999938,-21.736854901350192],[-43.361058414999945,-21.736718698350181],[-43.361010719999967,-21.736555647350219],[-43.361012726999938,-21.736325347350235],[-43.36108745699994,-21.736235765350198],[-43.361236269999957,-21.736006918350245],[-43.362000512999941,-21.735693839350219],[-43.362397050999967,-21.735304862350226],[-43.362742715999957,-21.735032800350229],[-43.362941574999979,-21.734759284350236],[-43.363115920999974,-21.734462946350252],[-43.363165622999929,-21.734395696350269],[-43.36326507699993,-21.734256681350278],[-43.363315289999946,-21.734144275350243],[-43.363242567999976,-21.734003557350238],[-43.36317056099994,-21.733799622350304],[-43.363124140999957,-21.733523681350263],[-43.363125633999971,-21.733338535350288],[-43.363127074999966,-21.733157906350289],[-43.363177758999939,-21.73295066835027],[-43.363253209999982,-21.732743673350289],[-43.363327842999979,-21.732608928350331],[-43.363427337999951,-21.732519590350318],[-43.363428318999979,-21.732379601350338],[-43.363282097999949,-21.73222009335031],[-43.363135969999973,-21.732105745350303],[-43.36306273699995,-21.73201018335028],[-43.362940867999953,-21.731941237350291],[-43.362867420999976,-21.731917930350303],[-43.362768947999946,-21.7319169573503],[-43.362670424999976,-21.731920500350288],[-43.36146125199997,-21.732576918350279],[-43.360051989999931,-21.730738468350353]]]},"properties":{"OBJECTID":90,"nro":10,"nome":"Eldorado","qtd_contrib_oficina_1_centro":null,"qtd_contrib_oficina_2_oeste":null,"qtd_contrib_oficina_3_leste":null,"qtd_contrib_oficina_4_nordeste":1,"qtd_contrib_oficina_5_vilas_nu":null,"qtd_contrib_oficina_6_n_co":null,"qtd_contrib_oficina_7_sudeste":null,"qtd_contrib_oficina_8_sul":null,"qtd_inscricoes_vaf":67,"observacao":"-","fonte":"PDDU","ano":"2000","vaf_2018":-483739,"vaf_2019":1590649,"vaf_2020":1059126,"vaf_2021":2036536,"vaf_2022":1554473,"bairro_dado_vinculado":"-","regiao_planejamento":"Nordeste","shape.STArea()":4.0508471987380012e-05,"shape.STLength()":0.034982423103691457}},{"type":"Feature","id":91,"geometry":{"type":"Polygon","coordinates":[[[-43.357517934999976,-21.726653393350475],[-43.357665847999954,-21.72660969935048],[-43.35788828099993,-21.726494486350465],[-43.358011937999954,-21.72640539035045],[-43.358233550999948,-21.726362426350462],[-43.358529374999932,-21.72627503635043],[-43.358634498999947,-21.726221886350451],[-43.358751295999973,-21.72620497935047],[-43.358873670999969,-21.726228773350442],[-43.359119025999973,-21.726276365350479],[-43.359363724999973,-21.726328465350413],[-43.359510868999962,-21.726352504350459],[-43.35982906299995,-21.726423396350466],[-43.360049907999951,-21.726448164350462],[-43.360295170999962,-21.726450592350474],[-43.360564946999943,-21.726475843350432],[-43.360785790999955,-21.726500611350424],[-43.361055309999983,-21.726548438350441],[-43.361153522999984,-21.726571991350433],[-43.361422478999934,-21.726669491350407],[-43.361716164999962,-21.726717557350458],[-43.361789864999935,-21.726718285350426],[-43.362256229999957,-21.726722899350456],[-43.362403886999978,-21.726701778350431],[-43.362576054999984,-21.726703481350434],[-43.362723454999973,-21.72670493835043],[-43.362867578999953,-21.726728943350427],[-43.363004853999946,-21.726770945350406],[-43.363176858999964,-21.726840387350446],[-43.363317911999957,-21.726868878350427],[-43.363644038999958,-21.727093389350419],[-43.363568846999954,-21.72727780535044],[-43.362053845999981,-21.729281520350384],[-43.361707374999973,-21.729625831350379],[-43.36116401299995,-21.72996367835038],[-43.360866778999934,-21.730281378350359],[-43.360545706999964,-21.730463359350324],[-43.360274427999968,-21.730623252350373],[-43.360051989999931,-21.730738468350353],[-43.35773680799997,-21.731478739350315],[-43.357491021999977,-21.731521463350337],[-43.357269605999939,-21.731546362350318],[-43.357097010999958,-21.731634971350307],[-43.356930826999985,-21.73094687835032],[-43.356813409999972,-21.730327010350337],[-43.356794540999942,-21.729595218350397],[-43.356823707999972,-21.729049061350384],[-43.356603374999963,-21.728979134350414],[-43.356501115999954,-21.726972979350457],[-43.35651850499994,-21.726878313350461],[-43.356585019999947,-21.726820264350447],[-43.356766966999949,-21.726758845350425],[-43.356878120999959,-21.726759947350423],[-43.357050545999982,-21.726739078350452],[-43.357321089999971,-21.726696601350437],[-43.357517934999976,-21.726653393350475]]]},"properties":{"OBJECTID":91,"nro":11,"nome":"Bom Clima","qtd_contrib_oficina_1_centro":null,"qtd_contrib_oficina_2_oeste":null,"qtd_contrib_oficina_3_leste":null,"qtd_contrib_oficina_4_nordeste":1,"qtd_contrib_oficina_5_vilas_nu":null,"qtd_contrib_oficina_6_n_co":null,"qtd_contrib_oficina_7_sudeste":null,"qtd_contrib_oficina_8_sul":null,"qtd_inscricoes_vaf":null,"observacao":"-","fonte":"PDDU","ano":"2000","vaf_2018":null,"vaf_2019":null,"vaf_2020":null,"vaf_2021":null,"vaf_2022":null,"bairro_dado_vinculado":"-","regiao_planejamento":"Nordeste","shape.STArea()":2.5235571271974507e-05,"shape.STLength()":0.020670314682103067}},{"type":"Feature","id":92,"geometry":{"type":"Polygon","coordinates":[[[-43.362652081999954,-21.802289754348635],[-43.362602179999961,-21.801521530348637],[-43.362606395999933,-21.800884808348684],[-43.362555189999966,-21.799859156348706],[-43.363154251999951,-21.799165104348692],[-43.363739795999948,-21.798543174348733],[-43.364563069999974,-21.797639084348752],[-43.365134749999982,-21.797012495348792],[-43.365567384999963,-21.796547105348751],[-43.365955988999985,-21.79612644034879],[-43.366168047999963,-21.796029185348772],[-43.366520428999934,-21.795924283348803],[-43.36705382699995,-21.795794075348773],[-43.367989317999957,-21.795545904348835],[-43.368466454999968,-21.795419652348802],[-43.368892719999955,-21.795301928348799],[-43.369211206999985,-21.795467650348812],[-43.369636465999974,-21.795652491348772],[-43.37022898999993,-21.795852529348775],[-43.37100438199996,-21.796131142348791],[-43.372615420999978,-21.796652821348765],[-43.373131537999932,-21.796928869348744],[-43.373874080999947,-21.797387788348772],[-43.374054766999961,-21.79760633934875],[-43.374204017999944,-21.797878772348767],[-43.374579739999945,-21.798383755348741],[-43.374853335999944,-21.799154180348701],[-43.374931539999984,-21.799669781348705],[-43.375159205999971,-21.800439754348677],[-43.375611493999941,-21.800963552348694],[-43.376200332999986,-21.801493207348663],[-43.376906151999947,-21.801834335348651],[-43.377513970999978,-21.802075144348628],[-43.377986015999966,-21.802133973348646],[-43.378304934999967,-21.802263555348645],[-43.378979730999959,-21.802676627348639],[-43.379268028999952,-21.80278784234865],[-43.379527523999975,-21.802826518348624],[-43.379779269999972,-21.802801892348654],[-43.380048354999978,-21.802632920348618],[-43.380191042999968,-21.802146583348645],[-43.380376822999949,-21.801913568348667],[-43.380866818999948,-21.801773859348668],[-43.381308441999977,-21.801850445348645],[-43.381567738999934,-21.801852986348653],[-43.38180538599994,-21.801737897348641],[-43.382266781999931,-21.801453387348673],[-43.38271124399995,-21.801277096348688],[-43.383031788999972,-21.801262170348675],[-43.383898303999956,-21.801559682348643],[-43.384188224999946,-21.801526390348684],[-43.384602059999963,-21.801385923348636],[-43.385016703999959,-21.801173206348686],[-43.385497115999954,-21.801186934348689],[-43.385661097999957,-21.801495632348654],[-43.385685849999959,-21.802037805348625],[-43.385344928999977,-21.802522210348609],[-43.384937226999966,-21.802816286348598],[-43.384727573999953,-21.803130361348604],[-43.384500224999947,-21.803674584348602],[-43.384418190999952,-21.80419764834858],[-43.384723633999954,-21.804128379348601],[-43.385228947999963,-21.803970742348614],[-43.385918008999973,-21.803760705348587],[-43.386477163999984,-21.803599074348622],[-43.386740510999971,-21.803240359348621],[-43.38698038299998,-21.802926576348604],[-43.387220653999975,-21.802630860348632],[-43.38738335599993,-21.802406644348643],[-43.387569124999963,-21.802173621348626],[-43.387777761999985,-21.801895660348638],[-43.387971488999938,-21.801653681348643],[-43.388155436999966,-21.801583220348636],[-43.388430449999937,-21.80153171134863],[-43.388644462999942,-21.801583476348647],[-43.388983988999939,-21.801871302348619],[-43.389231892999931,-21.802189846348654],[-43.389429942999989,-21.802209842348645],[-43.389987177999956,-21.801948825348639],[-43.390274129999966,-21.801802592348636],[-43.390381719999937,-21.801695254348669],[-43.394600332999978,-21.801108576348696],[-43.394909750999943,-21.801658032348666],[-43.395308427999964,-21.802334807348643],[-43.395747152999945,-21.803106807348605],[-43.396328834999963,-21.804124065348567],[-43.396281892999987,-21.804268125348592],[-43.396271923999961,-21.804457705348575],[-43.396331361999955,-21.804602797348586],[-43.396604167999953,-21.804749962348573],[-43.39680977799997,-21.80479711934856],[-43.39692451999997,-21.804807265348575],[-43.397119557999986,-21.805098189348588],[-43.397934217999932,-21.806343369348571],[-43.398316184999942,-21.806926547348557],[-43.398845172999984,-21.807729759348518],[-43.398603710999964,-21.80818806034851],[-43.398463886999934,-21.808367349348515],[-43.398195072999954,-21.808947318348498],[-43.397749805999972,-21.809466866348473],[-43.39712999499995,-21.809916977348429],[-43.396127862999947,-21.810498856348453],[-43.394909978999976,-21.810748954348433],[-43.394148558999973,-21.810777678348433],[-43.393328908999926,-21.810769705348459],[-43.392131577999983,-21.810478050348454],[-43.390846199999949,-21.810221659348457],[-43.39005481199996,-21.810281685348428],[-43.388851226999975,-21.810549942348445],[-43.388246853999931,-21.810914362348409],[-43.38758293199993,-21.811413682348423],[-43.387226430999931,-21.811830196348403],[-43.387136861999977,-21.812000932348433],[-43.386780960999936,-21.812417451348409],[-43.386543695999933,-21.812659001348418],[-43.386069310999972,-21.813182747348407],[-43.385564138999939,-21.813810059348388],[-43.384792413999946,-21.81480959734834],[-43.384259431999965,-21.815328247348322],[-43.383581682999932,-21.815709994348328],[-43.38275734299998,-21.816117400348279],[-43.38214060599995,-21.816287484348326],[-43.381524681999956,-21.816385315348334],[-43.380894608999938,-21.81639720034832],[-43.379986114999951,-21.816492157348303],[-43.379138614999931,-21.816646415348302],[-43.378312004999934,-21.816931840348254],[-43.377501132999953,-21.817429673348304],[-43.376586671999974,-21.818052931348252],[-43.375788154999945,-21.818740549348259],[-43.375389454999947,-21.819034686348225],[-43.374708555999966,-21.819691844348238],[-43.374102171999937,-21.820227799348199],[-43.373640081999959,-21.820941301348178],[-43.373206840999956,-21.821722825348143],[-43.373168328999952,-21.822562434348146],[-43.373169366999953,-21.822567119348172],[-43.372727829999967,-21.824329175348097],[-43.372738993999974,-21.82434660834814],[-43.372547040999962,-21.824439241348141],[-43.372386415999983,-21.824581700348105],[-43.371381652999951,-21.82512453434807],[-43.37088871299995,-21.82530917934811],[-43.37045859199997,-21.825476555348093],[-43.369981483999936,-21.825645269348065],[-43.369534174999956,-21.826132439348097],[-43.369017103999973,-21.826777495348079],[-43.368358622999949,-21.827405292348057],[-43.368001165999942,-21.827696929348026],[-43.367606136999939,-21.827856532348012],[-43.367048602999951,-21.827935300348038],[-43.366794063999969,-21.827927842348011],[-43.366624262999949,-21.827906324348024],[-43.366511211999978,-21.827878756348028],[-43.366246707999949,-21.827773647348025],[-43.366057592999937,-21.827459291348042],[-43.36605752599997,-21.827285768348048],[-43.366170224999962,-21.827067140348028],[-43.366242664999959,-21.826864479348025],[-43.366235407999959,-21.826621286348068],[-43.366219000999934,-21.826166303348085],[-43.36661133399997,-21.825338309348087],[-43.366898350999975,-21.824626935348103],[-43.366768100999934,-21.824072313348143],[-43.366746378999949,-21.823759007348134],[-43.366774643999975,-21.823417893348111],[-43.366843259999939,-21.822987971348152],[-43.366833288999942,-21.822956882348151],[-43.366884737999953,-21.82288299534817],[-43.36751111399996,-21.821753826348171],[-43.367516477999963,-21.821744157348178],[-43.367794875999955,-21.821285525348166],[-43.368078857999933,-21.820789978348223],[-43.368296739999941,-21.820439883348193],[-43.368296757999993,-21.82043985334823],[-43.368332289999962,-21.820383112348186],[-43.368541206999957,-21.820032925348222],[-43.368854430999932,-21.819494095348247],[-43.368947609999971,-21.819007280348274],[-43.368923762999941,-21.818550924348244],[-43.368694587999983,-21.818128665348258],[-43.367794179999976,-21.817455903348243],[-43.366949597999962,-21.81703207334828],[-43.365590926999978,-21.816788306348297],[-43.364923488999978,-21.816257834348281],[-43.364618570999937,-21.816065140348307],[-43.364256055999931,-21.815727360348326],[-43.363751409999956,-21.815076563348356],[-43.363680834999968,-21.814850061348327],[-43.363641276999942,-21.814447740348374],[-43.36366117499994,-21.813973752348367],[-43.363857329999973,-21.813469900348384],[-43.364067389999946,-21.811742334348427],[-43.364298145999953,-21.810746571348464],[-43.364479991999978,-21.810224511348434],[-43.364534026999934,-21.809299255348492],[-43.364427678999967,-21.808390475348478],[-43.364171324999973,-21.807755688348525],[-43.363565334999976,-21.806981955348533],[-43.363326417999986,-21.806089924348576],[-43.363402941999937,-21.805792623348545],[-43.363464341999929,-21.80554936434854],[-43.363850724999963,-21.805060943348554],[-43.364560608999966,-21.804404115348575],[-43.364596337999956,-21.803812865348572],[-43.364336809999941,-21.803458042348637],[-43.364074347999974,-21.803414799348584],[-43.363509790999963,-21.803305336348593],[-43.363223083999976,-21.803108303348647],[-43.363010967999969,-21.802943623348636],[-43.36286258399997,-21.802702802348605],[-43.362652081999954,-21.802289754348635]]]},"properties":{"OBJECTID":92,"nro":55,"nome":"Salvaterra","qtd_contrib_oficina_1_centro":null,"qtd_contrib_oficina_2_oeste":null,"qtd_contrib_oficina_3_leste":null,"qtd_contrib_oficina_4_nordeste":null,"qtd_contrib_oficina_5_vilas_nu":null,"qtd_contrib_oficina_6_n_co":null,"qtd_contrib_oficina_7_sudeste":null,"qtd_contrib_oficina_8_sul":"6","qtd_inscricoes_vaf":18,"observacao":"-","fonte":"PDDU","ano":"2000","vaf_2018":18488467,"vaf_2019":19503217,"vaf_2020":19681745,"vaf_2021":5930078,"vaf_2022":4210100,"bairro_dado_vinculado":"-","regiao_planejamento":"Sul","shape.STArea()":0.00054766270439818819,"shape.STLength()":0.12763375036963631}},{"type":"Feature","id":93,"geometry":{"type":"Polygon","coordinates":[[[-43.298515897999948,-21.788057457348998],[-43.298460491999954,-21.787682061348963],[-43.298448636999979,-21.787560009348962],[-43.298498580999933,-21.787271502348979],[-43.298594331999936,-21.787096366348994],[-43.298875150999947,-21.787013454349015],[-43.299101436999933,-21.786993204348981],[-43.299597861999985,-21.787129275349017],[-43.300000049999937,-21.787363728348982],[-43.300130427999925,-21.787532159348999],[-43.300593479999975,-21.787884651348971],[-43.300987263999964,-21.788114499348968],[-43.301398588999973,-21.788240659348951],[-43.301825502999975,-21.788326334348977],[-43.302183875999958,-21.788330017348969],[-43.302699264999944,-21.788190802348982],[-43.302789536999967,-21.788105360348982],[-43.302840960999951,-21.788065810348993],[-43.302965627999981,-21.787949675349019],[-43.303009427999939,-21.787897233348986],[-43.303051665999931,-21.787846660348968],[-43.303090241999939,-21.787820742348973],[-43.303204526999934,-21.787743957348987],[-43.303263467999955,-21.787704356348975],[-43.303422687999955,-21.787622567348986],[-43.303656239999953,-21.787502593348972],[-43.303659940999978,-21.787500692349006],[-43.303674288999957,-21.787496461349015],[-43.303881924999985,-21.787435232348979],[-43.304049661999962,-21.787417755349008],[-43.304079203999947,-21.787414677348984],[-43.304426436999961,-21.787418627349002],[-43.304619817999935,-21.787442804348995],[-43.304887513999972,-21.787653285348995],[-43.305100902999982,-21.787742790349014],[-43.30524074799996,-21.787892347348976],[-43.305554366999957,-21.788258475348975],[-43.30589282599994,-21.788514883348963],[-43.30620851499998,-21.78870507434894],[-43.305934750999938,-21.788955205348973],[-43.305601211999942,-21.789281704348941],[-43.305373247999967,-21.789642276348928],[-43.305215274999973,-21.790058554348942],[-43.305254999999924,-21.790685807348936],[-43.305356566999933,-21.791060757348909],[-43.305433163999965,-21.791556420348886],[-43.305651047999959,-21.792053534348913],[-43.305848228999935,-21.792308495348905],[-43.30572415599994,-21.79284608934886],[-43.305635920999975,-21.79334006334885],[-43.305630617999952,-21.793790897348824],[-43.305542898999931,-21.794240886348817],[-43.305541088999973,-21.79439483034885],[-43.30553863199998,-21.794603753348852],[-43.30570049399995,-21.794858352348811],[-43.305697132999967,-21.79514424734878],[-43.305977512999959,-21.795334076348805],[-43.306184274999964,-21.795776087348816],[-43.306176130999972,-21.796468834348758],[-43.306110019999949,-21.797084004348736],[-43.306036012999975,-21.797369175348773],[-43.306031486999984,-21.797754034348763],[-43.305943377999938,-21.79823701034875],[-43.305753041999935,-21.799478038348706],[-43.305818674999955,-21.800138716348709],[-43.305776030999937,-21.800146376348707],[-43.305683534999957,-21.800166430348717],[-43.305592285999971,-21.80019097134868],[-43.30550253499996,-21.800219929348696],[-43.305414527999972,-21.800253226348666],[-43.305328501999959,-21.800290771348713],[-43.304946901999983,-21.800451973348672],[-43.304682354999954,-21.800563726348667],[-43.304492533999955,-21.800631458348658],[-43.30431791299997,-21.80069376734869],[-43.304030739999966,-21.800755821348652],[-43.303779690999932,-21.800787502348694],[-43.303626218999973,-21.800800894348669],[-43.303472253999985,-21.800807816348684],[-43.303318112999932,-21.800808252348673],[-43.303164107999976,-21.800802202348645],[-43.303010550999943,-21.800789679348707],[-43.302857752999955,-21.800770708348676],[-43.302706025999953,-21.800745328348661],[-43.302555678999973,-21.800713588348657],[-43.302407012999936,-21.800675556348697],[-43.301939803999971,-21.800531200348679],[-43.301821282999981,-21.800484642348671],[-43.301700177999976,-21.800444298348665],[-43.301576860999944,-21.80041029434868],[-43.301451713999938,-21.800382735348684],[-43.301325120999934,-21.800361706348703],[-43.301197474999981,-21.800347270348698],[-43.30106916699998,-21.800339474348664],[-43.300940591999961,-21.800338340348659],[-43.300812149999956,-21.800343872348698],[-43.300684233999959,-21.800356054348679],[-43.300557238999943,-21.80037484834871],[-43.300431555999978,-21.800400195348669],[-43.300038679999943,-21.800506830348684],[-43.299694138999932,-21.800600347348649],[-43.299573627999962,-21.800623510348693],[-43.299451884999939,-21.8006401293487],[-43.299329317999934,-21.800650151348673],[-43.299206334999958,-21.800653539348662],[-43.299083345999975,-21.800650284348688],[-43.298960766999983,-21.800640397348651],[-43.298839003999944,-21.800623909348683],[-43.298718462999943,-21.800600877348678],[-43.298599550999938,-21.800571378348685],[-43.298482662999966,-21.800535510348688],[-43.298368190999952,-21.800493393348663],[-43.298256515999974,-21.800445167348691],[-43.298147676999974,-21.800395985348679],[-43.298041932999979,-21.800341229348682],[-43.297939612999983,-21.800281068348664],[-43.297841029999972,-21.800215689348683],[-43.297746492999977,-21.800145295348717],[-43.297656290999946,-21.80007010134868],[-43.297196909999968,-21.799699944348678],[-43.29687937399995,-21.799444078348703],[-43.296792669999945,-21.799370984348695],[-43.29671069699998,-21.799293275348713],[-43.296633733999954,-21.799211219348724],[-43.296562048999931,-21.799125095348714],[-43.29649588399996,-21.799035199348687],[-43.29643546799997,-21.798941841348736],[-43.296381007999969,-21.79884534034872],[-43.296332689999979,-21.798746028348742],[-43.296290680999959,-21.798644243348708],[-43.29625512299998,-21.798540337348722],[-43.296226140999977,-21.798434665348715],[-43.296203831999946,-21.798327590348752],[-43.296188271999938,-21.79821947934872],[-43.296185894999951,-21.798031545348731],[-43.296185565999963,-21.797943169348731],[-43.29617984999993,-21.797887778348738],[-43.296170703999962,-21.797799147348762],[-43.296237632999983,-21.79760774134877],[-43.296300555999942,-21.797427802348757],[-43.296505746999976,-21.797046062348794],[-43.296909649999982,-21.796779270348747],[-43.297316004999971,-21.796304769348783],[-43.297642454999959,-21.796249427348783],[-43.298094613999972,-21.796195378348816],[-43.298598463999951,-21.795961224348765],[-43.299104389999968,-21.795550965348799],[-43.299786326999936,-21.795079296348835],[-43.300089431999943,-21.794901776348812],[-43.30039187899996,-21.794728767348833],[-43.300444171999978,-21.794548666348827],[-43.300222258999952,-21.794248331348818],[-43.300075982999942,-21.793890064348862],[-43.299955460999968,-21.79350045234888],[-43.29991025399994,-21.793080003348834],[-43.299838082999948,-21.792844432348886],[-43.299642392999949,-21.792422434348861],[-43.299571661999948,-21.792064944348859],[-43.299476613999957,-21.791616887348908],[-43.299328954999964,-21.791376022348892],[-43.299083425999982,-21.790926415348888],[-43.298837435999985,-21.790567122348921],[-43.298616599999946,-21.790176476348908],[-43.298444164999978,-21.789935354348938],[-43.298296881999931,-21.78966288034896],[-43.298224111999957,-21.789427302348962],[-43.298202852999964,-21.78912903034896],[-43.298331523999934,-21.788827785348964],[-43.298459997999942,-21.788594280348988],[-43.298512058999961,-21.788382566348936],[-43.298515897999948,-21.788057457348998]]]},"properties":{"OBJECTID":93,"nro":71,"nome":"Granjas Bethel","qtd_contrib_oficina_1_centro":null,"qtd_contrib_oficina_2_oeste":null,"qtd_contrib_oficina_3_leste":null,"qtd_contrib_oficina_4_nordeste":null,"qtd_contrib_oficina_5_vilas_nu":null,"qtd_contrib_oficina_6_n_co":null,"qtd_contrib_oficina_7_sudeste":null,"qtd_contrib_oficina_8_sul":null,"qtd_inscricoes_vaf":null,"observacao":"-","fonte":"PDDU","ano":"2000","vaf_2018":null,"vaf_2019":null,"vaf_2020":null,"vaf_2021":null,"vaf_2022":null,"bairro_dado_vinculado":"-","regiao_planejamento":"Sudeste","shape.STArea()":9.4377590086612028e-05,"shape.STLength()":0.046066389666177314}},{"type":"Feature","id":94,"geometry":{"type":"Polygon","coordinates":[[[-43.275175582999964,-21.745249214349986],[-43.275622667999983,-21.744303970350028],[-43.275634962999959,-21.744277973350016],[-43.276169928999934,-21.743146905350038],[-43.276572322999982,-21.742687528350071],[-43.276762321999954,-21.742447858350094],[-43.27683416799993,-21.742389184350099],[-43.276910492999946,-21.742335675350095],[-43.276990872999932,-21.742287625350063],[-43.277074859999978,-21.742245301350074],[-43.277161987999932,-21.742208941350039],[-43.277251772999932,-21.742178746350085],[-43.277343716999951,-21.742154882350071],[-43.277437307999953,-21.742137484350053],[-43.27753202599996,-21.742126647350073],[-43.277627342999949,-21.74212243135009],[-43.277722732999969,-21.742124861350085],[-43.27781766499993,-21.742133923350096],[-43.277911607999954,-21.742149566350076],[-43.278004044999932,-21.74217170335006],[-43.278094460999966,-21.742200212350056],[-43.278182349999952,-21.74223493335008],[-43.278267228999937,-21.742275675350083],[-43.278970589999965,-21.742448549350069],[-43.279553934999967,-21.742683848350062],[-43.279742584999958,-21.743153828350032],[-43.279751849999968,-21.743806603350009],[-43.279853084999964,-21.744176977350001],[-43.280263824999963,-21.744884865350009],[-43.280615015999956,-21.745442496349973],[-43.280530204999934,-21.745696318349971],[-43.280430977999963,-21.745993285349961],[-43.280214702999956,-21.746148325349989],[-43.280036901999956,-21.746483959349991],[-43.279980253999959,-21.746948206349956],[-43.279972931999964,-21.747008220349937],[-43.279912968999959,-21.747113580349939],[-43.279902832999937,-21.747149740349926],[-43.279901094999957,-21.74720512834995],[-43.279889880999974,-21.747241276349939],[-43.279845375999969,-21.747356663349933],[-43.279852872999982,-21.747451433349966],[-43.279845588999933,-21.74751985934995],[-43.279862141999956,-21.747578459349928],[-43.279872073999968,-21.747650086349935],[-43.279881688999978,-21.747719440349943],[-43.279864139999972,-21.747772903349908],[-43.27987369899995,-21.747875755349909],[-43.279906856999958,-21.747988925349929],[-43.279955131999941,-21.748100238349917],[-43.280023655999962,-21.748141245349913],[-43.280158424999968,-21.748233309349903],[-43.280207780999945,-21.748253970349911],[-43.280268791999958,-21.748382540349933],[-43.280305880999954,-21.748437324349904],[-43.280323104999979,-21.748530182349924],[-43.280308262999938,-21.748599537349921],[-43.280309709999983,-21.748658987349899],[-43.280349793999967,-21.748733949349941],[-43.280500793999977,-21.749093136349885],[-43.280523724999966,-21.749147685349904],[-43.281141156999979,-21.749184154349919],[-43.281530170999986,-21.749113807349893],[-43.281805438999982,-21.748852531349904],[-43.282098214999962,-21.748714350349889],[-43.282384271999945,-21.748670245349928],[-43.282686315999975,-21.748694302349932],[-43.283021326999972,-21.748771005349923],[-43.283299795999937,-21.748894193349901],[-43.283727859999942,-21.749149692349885],[-43.283962231999965,-21.749214889349908],[-43.284322723999935,-21.749315167349902],[-43.284850143999961,-21.749407158349875],[-43.285330083999959,-21.749537662349891],[-43.285625290999981,-21.749666252349872],[-43.285716916999945,-21.749770326349903],[-43.285803664999946,-21.749877985349883],[-43.285885375999953,-21.749989032349902],[-43.285961898999972,-21.750103259349878],[-43.286033091999975,-21.750220454349904],[-43.286098821999985,-21.750340404349902],[-43.286158968999985,-21.750462883349865],[-43.286213419999967,-21.750587665349855],[-43.286429014999953,-21.750820036349893],[-43.287142717999991,-21.751068025349838],[-43.287911102999949,-21.751426415349851],[-43.288691244999939,-21.751737851349851],[-43.289018669999955,-21.751868557349841],[-43.289463230999949,-21.751792906349877],[-43.289858530999936,-21.751980058349833],[-43.290403248999951,-21.752315202349838],[-43.290941504999971,-21.752723505349802],[-43.29106421999996,-21.753315441349834],[-43.29642711099995,-21.756788828349727],[-43.297120538999934,-21.756763718349713],[-43.297714096999982,-21.756442054349769],[-43.297954275999984,-21.75633294234974],[-43.297975964999985,-21.756336470349712],[-43.297641650999942,-21.756687698349712],[-43.297272723999981,-21.757024523349738],[-43.296491256999957,-21.757291951349707],[-43.296112988999937,-21.757495789349701],[-43.295720732999939,-21.757758190349684],[-43.295063458999948,-21.758356557349682],[-43.294832256999939,-21.758643195349705],[-43.294581859999937,-21.759173496349653],[-43.294577911999966,-21.759507637349643],[-43.294629212999951,-21.75997331034964],[-43.29493309399993,-21.760798348349642],[-43.294929359999969,-21.761114427349593],[-43.294600014999965,-21.761932936349641],[-43.294152426999965,-21.763143114349557],[-43.293705135999971,-21.764276520349529],[-43.293342308999975,-21.765216612349519],[-43.292343392999953,-21.764931582349536],[-43.292271271999937,-21.764911004349511],[-43.291913703999967,-21.764808974349513],[-43.290394786999968,-21.764526837349521],[-43.287682208999968,-21.763749127349577],[-43.287014546999956,-21.763791887349566],[-43.28618907799995,-21.764045260349572],[-43.284464414999945,-21.764348010349572],[-43.280822371999932,-21.762106413349599],[-43.280348483999944,-21.761609249349593],[-43.280104060999975,-21.761430586349608],[-43.27978974499996,-21.760930564349643],[-43.279211663999952,-21.760202001349665],[-43.278868720999981,-21.759873285349656],[-43.278256148999958,-21.759352093349666],[-43.277765794999929,-21.759071517349639],[-43.277151269999933,-21.758866416349697],[-43.275600938999951,-21.758642528349657],[-43.274794981999953,-21.7586296083497],[-43.274171860999957,-21.758790198349697],[-43.273929605999967,-21.758936695349696],[-43.273383063999965,-21.759161303349693],[-43.273043332999976,-21.759424196349631],[-43.272853931999983,-21.75964801434969],[-43.272257309999929,-21.759966930349659],[-43.272076743999946,-21.76015922834965],[-43.271836800999957,-21.760364454349642],[-43.27171117499995,-21.760462041349651],[-43.270976049999952,-21.760893026349621],[-43.270899662999966,-21.760669096349634],[-43.270508086999939,-21.759521164349675],[-43.270177900999954,-21.759330293349652],[-43.269676806999939,-21.759040623349684],[-43.269322201999955,-21.758524621349711],[-43.269612849999938,-21.757152562349741],[-43.268638541999962,-21.755362830349753],[-43.268267046999945,-21.754968298349741],[-43.267958096999962,-21.754640189349796],[-43.267556897999953,-21.754214107349753],[-43.26733440199996,-21.753542358349783],[-43.267173732999936,-21.753057271349835],[-43.266874753999957,-21.752781113349833],[-43.266601085999987,-21.752249314349854],[-43.266354646999957,-21.751985110349835],[-43.266254508999964,-21.751705374349868],[-43.266153609999947,-21.750982013349837],[-43.26615394099997,-21.75044739634988],[-43.266154268999969,-21.749918222349891],[-43.266154528999955,-21.749499082349868],[-43.266259863999949,-21.749396676349882],[-43.266350248999977,-21.749308804349891],[-43.266391569999939,-21.749250705349894],[-43.266427229999977,-21.749189421349914],[-43.266456953999977,-21.749125434349892],[-43.266480507999972,-21.749059242349929],[-43.266497708999964,-21.748991365349884],[-43.26650841999998,-21.748922334349931],[-43.26651255899997,-21.748852687349903],[-43.266510142999948,-21.748783581349883],[-43.26650125499998,-21.748714936349895],[-43.266485965999941,-21.748647285349904],[-43.266464388999964,-21.74858114334992],[-43.266436692999939,-21.748517024349912],[-43.266403091999955,-21.748455416349916],[-43.266363841999976,-21.748396796349901],[-43.266319245999959,-21.748341613349929],[-43.266180538999947,-21.748232098349927],[-43.265877683999967,-21.748103800349931],[-43.265690963999923,-21.747936909349953],[-43.265481601999959,-21.747627592349932],[-43.265381017999971,-21.747583837349961],[-43.265039497999965,-21.747435271349957],[-43.264885536999941,-21.747075348349938],[-43.264124921999958,-21.746538438349962],[-43.263911802999985,-21.746035709349972],[-43.263815186999977,-21.745690669349962],[-43.263686313999976,-21.745230428349988],[-43.263761110999951,-21.745073246349993],[-43.263786928999934,-21.744856424350026],[-43.263737142999965,-21.744833859350024],[-43.265153059999939,-21.74429891035],[-43.265538604999968,-21.743818057350005],[-43.265970039999956,-21.743279967350059],[-43.266333016999958,-21.743022165350041],[-43.266383631999929,-21.742984137350039],[-43.266435685999959,-21.742947840350023],[-43.266527764999978,-21.742889964350063],[-43.266623489999965,-21.742837504350057],[-43.266722496999925,-21.742790661350046],[-43.26682440899998,-21.742749615350078],[-43.266928837999963,-21.742714521350081],[-43.267035383999939,-21.742685512350072],[-43.267143644999976,-21.742662701350064],[-43.267253202999932,-21.742646171350088],[-43.267363645999986,-21.742635989350045],[-43.267474549999974,-21.742632192350069],[-43.267585492999956,-21.742634794350074],[-43.267696052999952,-21.742643785350076],[-43.26780580999997,-21.742659131350088],[-43.268549190999977,-21.742950751350058],[-43.269080941999952,-21.742944486350023],[-43.269585678999931,-21.743079858350065],[-43.270234011999946,-21.743495938350044],[-43.270653488999976,-21.743765143350032],[-43.27171228699995,-21.744206646350005],[-43.271875320999975,-21.744274628350023],[-43.272543466999927,-21.74446630335002],[-43.272909831999989,-21.744644756350006],[-43.273246932999939,-21.745037446350018],[-43.273509140999977,-21.745266179349976],[-43.273733198999935,-21.74546163034999],[-43.274180262999948,-21.745591028349995],[-43.274500599999953,-21.745599358350017],[-43.275003781999942,-21.745612441350019],[-43.275175582999964,-21.745249214349986]]]},"properties":{"OBJECTID":94,"nro":74,"nome":"Floresta","qtd_contrib_oficina_1_centro":null,"qtd_contrib_oficina_2_oeste":null,"qtd_contrib_oficina_3_leste":null,"qtd_contrib_oficina_4_nordeste":null,"qtd_contrib_oficina_5_vilas_nu":null,"qtd_contrib_oficina_6_n_co":null,"qtd_contrib_oficina_7_sudeste":null,"qtd_contrib_oficina_8_sul":null,"qtd_inscricoes_vaf":6,"observacao":"-","fonte":"PDDU","ano":"2000","vaf_2018":17354019,"vaf_2019":17885510,"vaf_2020":19514410,"vaf_2021":15215323,"vaf_2022":15480018,"bairro_dado_vinculado":"-","regiao_planejamento":"Sudeste","shape.STArea()":0.00039817019598550061,"shape.STLength()":0.10258885632527864}},{"type":"Feature","id":95,"geometry":{"type":"Polygon","coordinates":[[[-43.323950304999983,-21.725174516350506],[-43.32432556699996,-21.725115089350496],[-43.324667419999969,-21.725019195350473],[-43.324829285999954,-21.724971156350492],[-43.325206169999944,-21.724771747350498],[-43.325394165999967,-21.724710424350484],[-43.32579746599999,-21.724420959350521],[-43.326132426999948,-21.724189510350516],[-43.326449608999951,-21.723980462350539],[-43.326681014999956,-21.72387441635049],[-43.326878042999965,-21.723763506350497],[-43.327031552999991,-21.723706348350497],[-43.327117197999932,-21.723666568350499],[-43.327253980999956,-21.723645369350482],[-43.327407280999978,-21.723606273350523],[-43.327526888999955,-21.723607481350545],[-43.327645630999939,-21.723631260350547],[-43.327848658999983,-21.723732664350496],[-43.327924541999948,-21.723805685350484],[-43.328025482999976,-21.723906058350511],[-43.328185599999983,-21.724061219350499],[-43.328445375999934,-21.724375448350521],[-43.328728832999964,-21.724888620350459],[-43.328911662999992,-21.725274329350459],[-43.329078256999935,-21.725601164350454],[-43.329246051999974,-21.725824142350461],[-43.329430500999941,-21.726069870350436],[-43.329731138999932,-21.726560633350445],[-43.329907027999973,-21.726815306350463],[-43.330075761999979,-21.727037626350437],[-43.330068837999939,-21.727033707350447],[-43.329866311999979,-21.72750322135041],[-43.329731648999939,-21.727952758350401],[-43.329536486999977,-21.728544654350394],[-43.32912998099993,-21.729293094350375],[-43.328675339999968,-21.730533572350343],[-43.328276671999959,-21.731633225350297],[-43.328161847999979,-21.732401888350307],[-43.327989319999972,-21.733070991350303],[-43.328065088999956,-21.733643624350279],[-43.328272738999935,-21.7340086373503],[-43.328548586999943,-21.734583291350273],[-43.328438915999982,-21.735923874350235],[-43.328580089999946,-21.736948063350173],[-43.32823394199994,-21.737362470350213],[-43.327769203999935,-21.737852662350182],[-43.327375716999939,-21.738288585350169],[-43.32689907699995,-21.738789651350171],[-43.32637408099999,-21.739400200350151],[-43.325731637999979,-21.73998756535013],[-43.325361678999961,-21.740423720350119],[-43.325027792999947,-21.740794255350114],[-43.32469326699993,-21.741219768350085],[-43.32420762199996,-21.741518667350107],[-43.324265096999973,-21.741534745350084],[-43.32462435299994,-21.741663015350081],[-43.324039169999935,-21.741478266350065],[-43.323639299999975,-21.741415508350116],[-43.323151878999965,-21.741243478350071],[-43.322797241999979,-21.741136016350126],[-43.322554709999963,-21.740948402350107],[-43.322523788999945,-21.740749384350107],[-43.32241524799997,-21.740522483350105],[-43.322239436999951,-21.740312964350089],[-43.321930714999951,-21.740102097350135],[-43.321556613999974,-21.739746055350114],[-43.320934005999959,-21.739717161350157],[-43.320555550999984,-21.739735901350127],[-43.320333489999939,-21.739711068350129],[-43.31999840199996,-21.739793471350154],[-43.319841246999943,-21.739954453350091],[-43.319705316999944,-21.740160810350119],[-43.319279737999977,-21.740386806350102],[-43.318946775999969,-21.74033826435009],[-43.318404439999931,-21.740057279350147],[-43.318096933999982,-21.739742550350126],[-43.317829693999954,-21.739757899350149],[-43.317606633999958,-21.739818856350112],[-43.317239684999947,-21.739783513350126],[-43.316807490999963,-21.739643639350124],[-43.316475898999954,-21.739477691350167],[-43.316212499999949,-21.739163407350166],[-43.31581753599994,-21.738680691350158],[-43.315487159999975,-21.738410885350152],[-43.315211310999977,-21.738231954350152],[-43.314835545999983,-21.738020393350151],[-43.314580026999977,-21.737963600350156],[-43.31385880199997,-21.737843355350147],[-43.313614392999966,-21.737818285350148],[-43.313391204999959,-21.737838591350165],[-43.31255800699995,-21.73773526335021],[-43.312091013999975,-21.737730503350178],[-43.311692375999932,-21.737563862350161],[-43.311518515999978,-21.73760273235019],[-43.311157978999972,-21.737639698350169],[-43.310957144999975,-21.73766022935018],[-43.31069112199998,-21.737571711350203],[-43.310357853999953,-21.737550245350185],[-43.310112231999931,-21.737629026350191],[-43.309821374999956,-21.737752505350159],[-43.309552312999983,-21.737975557350179],[-43.30926097899993,-21.738139674350176],[-43.309080592999976,-21.738322987350138],[-43.308832996999968,-21.738642110350131],[-43.306891816999944,-21.73970602735012],[-43.307227099999977,-21.739392437350165],[-43.307461970999952,-21.739092229350181],[-43.307398226999965,-21.738608841350167],[-43.307417615999952,-21.738270404350192],[-43.307469533999949,-21.737788199350177],[-43.307536030999984,-21.737378193350196],[-43.307429143999968,-21.736627780350226],[-43.307478024999966,-21.736404925350239],[-43.307466567999938,-21.736066172350192],[-43.307423763999964,-21.735770328350213],[-43.307582616999987,-21.735375678350245],[-43.307703760999971,-21.734908590350258],[-43.308147571999932,-21.734545671350268],[-43.308283965999976,-21.734093149350294],[-43.308544485999967,-21.733577050350263],[-43.308817813999951,-21.733284436350285],[-43.309191797999979,-21.732956826350279],[-43.309504771999968,-21.732570950350304],[-43.309700146999944,-21.732349589350299],[-43.309373444999949,-21.731821488350338],[-43.309269346999933,-21.731051889350326],[-43.30902744399998,-21.730636331350357],[-43.30850976499994,-21.730064250350335],[-43.307899452999948,-21.729500827350392],[-43.307460427999963,-21.729236960350395],[-43.307142857999963,-21.729137646350395],[-43.306743493999939,-21.728999070350419],[-43.306716028999965,-21.728710588350381],[-43.306802095999949,-21.728384840350426],[-43.306636329999954,-21.72761461135044],[-43.306611227999944,-21.727124414350417],[-43.306628933999946,-21.726490554350431],[-43.307091837999963,-21.725592258350446],[-43.307268063999977,-21.7254691713505],[-43.30865986699996,-21.725387858350487],[-43.309299923999959,-21.725360236350483],[-43.30963952899998,-21.725223205350478],[-43.309892124999976,-21.725302611350468],[-43.309923794999975,-21.725312566350464],[-43.310169257999974,-21.725423147350476],[-43.312719526999956,-21.725751921350483],[-43.312919893999947,-21.725780566350466],[-43.31333782199993,-21.725773737350444],[-43.31353616499996,-21.725770497350489],[-43.313600902999944,-21.725769439350465],[-43.313805344999942,-21.725748940350471],[-43.314979677999929,-21.72576089235049],[-43.315659187999984,-21.725930381350452],[-43.31581202099995,-21.725931935350445],[-43.316256705999933,-21.725773880350463],[-43.317022891999954,-21.725763604350451],[-43.317271537999943,-21.725630650350475],[-43.317674119999936,-21.725404423350497],[-43.317964208999967,-21.725344145350462],[-43.318621632999964,-21.725179213350501],[-43.318913558999959,-21.724960892350484],[-43.319178853999972,-21.724850683350464],[-43.319332156999963,-21.724811595350474],[-43.319682153999956,-21.724742890350484],[-43.320048067999949,-21.724760150350463],[-43.320481009999973,-21.724832281350498],[-43.320804061999979,-21.72489878235049],[-43.320930474999955,-21.724990384350477],[-43.321235327999943,-21.725115406350504],[-43.321523266999975,-21.725240257350453],[-43.321727368999973,-21.725301035350491],[-43.321887819999972,-21.725374916350468],[-43.322501172999978,-21.72536306635045],[-43.322672255999976,-21.725301575350453],[-43.322706239999945,-21.725184502350505],[-43.322844098999951,-21.725122674350494],[-43.323065795999987,-21.725124919350453],[-43.323193152999977,-21.725135241350486],[-43.323490598999967,-21.725169864350462],[-43.323677653999937,-21.725189822350462],[-43.323950304999983,-21.725174516350506]]]},"properties":{"OBJECTID":95,"nro":99,"nome":"Linhares","qtd_contrib_oficina_1_centro":null,"qtd_contrib_oficina_2_oeste":null,"qtd_contrib_oficina_3_leste":35,"qtd_contrib_oficina_4_nordeste":null,"qtd_contrib_oficina_5_vilas_nu":null,"qtd_contrib_oficina_6_n_co":null,"qtd_contrib_oficina_7_sudeste":null,"qtd_contrib_oficina_8_sul":null,"qtd_inscricoes_vaf":142,"observacao":"-","fonte":"PDDU","ano":"2000","vaf_2018":8825114,"vaf_2019":11711909,"vaf_2020":11274733,"vaf_2021":8985982,"vaf_2022":7852269,"bairro_dado_vinculado":"-","regiao_planejamento":"Leste","shape.STArea()":0.0002931584837445961,"shape.STLength()":0.080105538683585761}},{"type":"Feature","id":96,"geometry":{"type":"Polygon","coordinates":[[[-43.37713915299998,-21.558639882354466],[-43.377246296999942,-21.558517312354493],[-43.377433587999974,-21.558321352354458],[-43.377568269999983,-21.558100159354506],[-43.377860501999976,-21.557979391354475],[-43.378612130999961,-21.55754894535449],[-43.379116579999959,-21.557368431354519],[-43.379249472999959,-21.557307917354489],[-43.37967335999997,-21.557237870354477],[-43.379989831999978,-21.55731511635452],[-43.380119569999977,-21.5575388813545],[-43.380288142999973,-21.557837194354462],[-43.380537002999972,-21.558049755354471],[-43.380799773999968,-21.5582006473545],[-43.381075761999973,-21.558351665354483],[-43.381285101999936,-21.558551481354446],[-43.382134271999966,-21.558777703354476],[-43.382451972999945,-21.558812089354461],[-43.382803156999955,-21.558846801354456],[-43.383129836999956,-21.558741059354443],[-43.382858782999961,-21.559226684354449],[-43.382746666999935,-21.559541715354449],[-43.382740658999978,-21.560083573354454],[-43.382782543999951,-21.560659766354416],[-43.382801295999968,-21.561145415354389],[-43.382997932999956,-21.561915038354361],[-43.383352581999937,-21.562584585354379],[-43.383518025999933,-21.562902308354392],[-43.383525589999977,-21.563308819354386],[-43.383522334999952,-21.563602326354346],[-43.383724861999951,-21.563841379354319],[-43.383986475999961,-21.56419390535434],[-43.384213766999949,-21.564376748354348],[-43.38434488799993,-21.564524789354323],[-43.384159487999973,-21.564918138354294],[-43.384471379999979,-21.565090512354338],[-43.384588559999941,-21.565407765354319],[-43.384668783999977,-21.56579240135429],[-43.384626948999937,-21.566300042354282],[-43.384705546999946,-21.566831431354281],[-43.385051146999963,-21.567229929354255],[-43.385396623999952,-21.567639715354282],[-43.385548885999981,-21.568058918354236],[-43.385568019999937,-21.568510701354246],[-43.385841841999934,-21.568852052354213],[-43.386162812999949,-21.569295470354241],[-43.386599970999953,-21.570146449354215],[-43.386907879999967,-21.57068005835421],[-43.387182332999942,-21.570964964354193],[-43.387481547999975,-21.571193659354169],[-43.388169456999947,-21.57120031735419],[-43.388733559999942,-21.571488024354164],[-43.389153216999944,-21.571740462354168],[-43.389753653999939,-21.572017226354131],[-43.390138354999976,-21.572156424354137],[-43.390461215999949,-21.572430503354145],[-43.391163569999947,-21.572222779354131],[-43.391501491999975,-21.572226043354121],[-43.392449687999942,-21.572709375354151],[-43.393446666999978,-21.572052888354154],[-43.393751618999943,-21.571762290354172],[-43.394282265999948,-21.571801276354162],[-43.394484199999965,-21.572096762354128],[-43.394536957999946,-21.57278595935415],[-43.394581003999981,-21.573170241354113],[-43.394458325999949,-21.573349698354104],[-43.394383052999956,-21.573608641354109],[-43.394329676999973,-21.574071015354104],[-43.394299443999955,-21.574623932354061],[-43.394260002999943,-21.574917090354099],[-43.394149017999951,-21.575130529354087],[-43.394241836999981,-21.575470122354055],[-43.39426087399994,-21.575933194354043],[-43.394255026999993,-21.576463766354035],[-43.394226159999967,-21.576892507354035],[-43.394136949999961,-21.577320665353994],[-43.394097256999942,-21.577636400354017],[-43.394479488999941,-21.578001364354023],[-43.394669609999937,-21.578274155354013],[-43.394715523999935,-21.578489108354017],[-43.394846170999983,-21.578682297353964],[-43.395145165999963,-21.578933557353984],[-43.395055458999934,-21.579406872353989],[-43.394794413999932,-21.58009304135394],[-43.394619471999931,-21.580633272353928],[-43.394459458999954,-21.580913978353923],[-43.394046111999948,-21.581180951353932],[-43.393692984999973,-21.581459793353925],[-43.393339235999974,-21.581795077353931],[-43.392913564999958,-21.582084509353912],[-43.392524225999985,-21.582362998353879],[-43.392172215999949,-21.582540238353907],[-43.392129402999956,-21.583138191353907],[-43.392077011999952,-21.583510254353889],[-43.39192756299996,-21.583926538353857],[-43.39179018699997,-21.584342938353849],[-43.391701458999933,-21.584725940353813],[-43.391541436999937,-21.585006641353829],[-43.39142981599997,-21.585276522353823],[-43.391486671999978,-21.585593189353812],[-43.391712009999942,-21.585956644353811],[-43.391901386999962,-21.586297171353799],[-43.39170699899995,-21.587503316353803],[-43.391847099999957,-21.587933688353772],[-43.391928722999985,-21.588194144353739],[-43.391852312999958,-21.588554683353763],[-43.391739068999989,-21.588971316353749],[-43.391985433999935,-21.589617224353695],[-43.392139602999976,-21.589867089353689],[-43.392437617999981,-21.590208667353711],[-43.392894540999968,-21.590371138353714],[-43.393483861999989,-21.590568755353733],[-43.393941533999964,-21.590663493353706],[-43.39432566499994,-21.590859128353706],[-43.394585110999969,-21.591414838353714],[-43.394490131999923,-21.591954427353656],[-43.394459425999969,-21.592275893353655],[-43.394599694999954,-21.592692152353667],[-43.394858118999927,-21.593067212353613],[-43.395106836999958,-21.593501451353628],[-43.395374502999971,-21.593859665353634],[-43.395579639999937,-21.594141068353601],[-43.395775629999946,-21.594430851353604],[-43.396117028999981,-21.594671230353608],[-43.396342326999957,-21.594766544353611],[-43.396512371999968,-21.594945999353584],[-43.396554373999948,-21.59524276335361],[-43.39661317499997,-21.595658237353568],[-43.396583869999972,-21.595852706353565],[-43.396427729999971,-21.596054421353568],[-43.396044424999957,-21.596330151353563],[-43.396024545999978,-21.596490842353571],[-43.396076437999966,-21.596711495353563],[-43.396365669999966,-21.596756621353528],[-43.396673474999943,-21.596759586353549],[-43.39691604099994,-21.596931272353533],[-43.397146664999973,-21.59736533435354],[-43.397296371999971,-21.597747812353536],[-43.397427881999931,-21.598138581353499],[-43.397542401999935,-21.598427577353487],[-43.397684270999946,-21.598699901353516],[-43.398028477999958,-21.598686282353508],[-43.398309219999931,-21.598680517353536],[-43.398645118999973,-21.598599076353512],[-43.399017416999982,-21.598501048353498],[-43.399407542999938,-21.598428594353532],[-43.399670456999957,-21.598397253353529],[-43.400042009999936,-21.598366956353505],[-43.400458640999943,-21.598354026353533],[-43.400785113999973,-21.598306360353533],[-43.401093573999958,-21.598250052353528],[-43.401547161999986,-21.598169734353508],[-43.40196016799996,-21.598486998353494],[-43.402229161999969,-21.598726670353507],[-43.402499362999954,-21.598856276353533],[-43.402833123999983,-21.598969558353506],[-43.40315792499996,-21.599074285353513],[-43.403481798999962,-21.599263677353484],[-43.403760684999952,-21.599427234353492],[-43.404003079999931,-21.599615844353497],[-43.40455198799998,-21.599925938353469],[-43.404668844999946,-21.60000326535345],[-43.405130934999931,-21.599973825353469],[-43.405782307999971,-21.600022404353467],[-43.406208184999969,-21.599992615353479],[-43.406724223999959,-21.59999755835349],[-43.40714085999997,-21.599984611353474],[-43.407729602999943,-21.599964843353465],[-43.408209243999977,-21.599986368353491],[-43.40867927499994,-21.600058604353464],[-43.409041222999974,-21.600079000353507],[-43.409601232999933,-21.600202899353459],[-43.409542471999941,-21.600608777353489],[-43.409512165999963,-21.600896381353472],[-43.409544676999992,-21.60123539235347],[-43.409603700999988,-21.601633928353433],[-43.409585208999943,-21.602497435353428],[-43.409979397999962,-21.602882240353431],[-43.409945527999987,-21.603368041353384],[-43.409942265999973,-21.603414817353414],[-43.409874773999945,-21.604382828353383],[-43.409285583999974,-21.606152603353305],[-43.409221462999938,-21.606485296353316],[-43.409073614999954,-21.606921955353307],[-43.40891251599993,-21.607742369353318],[-43.408857266999981,-21.608157333353269],[-43.408903129999935,-21.608600362353261],[-43.409086477999956,-21.608836959353276],[-43.409512416999974,-21.609247492353248],[-43.409903066999959,-21.609499996353243],[-43.409913948999986,-21.609507031353239],[-43.409973395999948,-21.609545456353263],[-43.410384905999933,-21.609730038353234],[-43.410586083999938,-21.609826801353215],[-43.410795528999984,-21.609995903353248],[-43.410928557999966,-21.610141693353221],[-43.411137312999983,-21.610374015353248],[-43.411277966999933,-21.610650849353235],[-43.411326748999954,-21.610827448353213],[-43.411374974999944,-21.610999526353197],[-43.411414862999948,-21.611216685353227],[-43.411446100999967,-21.611451827353182],[-43.411416850999956,-21.611808331353185],[-43.41120876399998,-21.612343774353175],[-43.410968140999962,-21.612707289353164],[-43.410787523999936,-21.61304879735318],[-43.410665755999958,-21.613363770353168],[-43.41059207699994,-21.613918560353124],[-43.410587781999936,-21.614311432353141],[-43.410643386999936,-21.614637132353145],[-43.41097317599997,-21.615340298353118],[-43.41097792599993,-21.615679060353123],[-43.410745758999951,-21.61609685135307],[-43.410571700999981,-21.61655584235308],[-43.410565283999972,-21.617142890353072],[-43.410654001999944,-21.617532133353034],[-43.410903331999975,-21.617864201353061],[-43.411268858999961,-21.618391576353023],[-43.41178078399998,-21.618947446353051],[-43.412050197999974,-21.619541645353021],[-43.412039175999951,-21.620218973352987],[-43.411983783999972,-21.620426191352998],[-43.411797846999946,-21.620867005352988],[-43.411550938999937,-21.621307237352944],[-43.411024869999949,-21.622431265352958],[-43.410960601999932,-21.622787433352947],[-43.410850453999956,-21.623143162352914],[-43.409796974999949,-21.624131172352921],[-43.409446582999976,-21.624371697352878],[-43.409033991999934,-21.624778724352879],[-43.408311902999969,-21.625164722352878],[-43.40799853999993,-21.62544172835284],[-43.407265380999945,-21.626121169352867],[-43.406655784999941,-21.626598562352846],[-43.406282392999977,-21.626843374352852],[-43.405894954999944,-21.627047405352847],[-43.404766586999976,-21.627921757352809],[-43.404230355999971,-21.628589525352776],[-43.403870807999965,-21.628947369352773],[-43.403762330999939,-21.629203752352787],[-43.403484701999957,-21.629688835352759],[-43.403345144999946,-21.630026210352771],[-43.403311337999988,-21.630355568352758],[-43.403336361999948,-21.630825494352731],[-43.403609827999958,-21.631379099352721],[-43.404051160999984,-21.631821410352728],[-43.404359578999959,-21.631941792352702],[-43.404828062999968,-21.631946290352722],[-43.405267561999956,-21.631896312352733],[-43.406131888999937,-21.631647181352704],[-43.406732480999949,-21.631332288352723],[-43.407270520999937,-21.631215507352746],[-43.408012556999957,-21.631051002352756],[-43.408256030999951,-21.630926879352725],[-43.408650484999953,-21.630799687352763],[-43.408983773999971,-21.63074416635272],[-43.40902811199993,-21.630830399352771],[-43.409026529999949,-21.630974903352751],[-43.408494065999946,-21.631299489352728],[-43.408113318999938,-21.631553266352718],[-43.407685905999983,-21.631933050352742],[-43.407334252999931,-21.632286461352713],[-43.406958815999985,-21.6327164183527],[-43.40664667999993,-21.632934721352694],[-43.406362995999984,-21.633311363352671],[-43.406023159999961,-21.633962954352672],[-43.405639874999963,-21.63444702635266],[-43.405377034999958,-21.634959353352624],[-43.40518360599998,-21.635363955352609],[-43.405119959999979,-21.635661414352629],[-43.405049911999981,-21.635882036352591],[-43.40478895199994,-21.636222763352627],[-43.404658075999976,-21.636429252352613],[-43.404626499999942,-21.63655540235257],[-43.404478495999967,-21.636946891352608],[-43.403787263999959,-21.63792478435256],[-43.40351820799998,-21.638342207352586],[-43.403516322999963,-21.638513804352542],[-43.403559715999961,-21.638685836352558],[-43.403603260999944,-21.638844322352533],[-43.403735934999936,-21.639188828352562],[-43.403580174999945,-21.639571209352496],[-43.403292301999954,-21.639667799352498],[-43.402869072999977,-21.639663731352556],[-43.402567836999935,-21.639547930352556],[-43.401420295999969,-21.639410439352517],[-43.400943888999954,-21.639410371352504],[-43.400663657999985,-21.639470901352542],[-43.400208154999973,-21.639656196352544],[-43.399993900999952,-21.639866393352527],[-43.399839679999957,-21.640162977352535],[-43.399614893999967,-21.64067114235251],[-43.399339018999967,-21.640993651352506],[-43.399080530999981,-21.641162775352456],[-43.39906399399996,-21.641293586352475],[-43.398817356999977,-21.641702183352471],[-43.398744501999943,-21.642121487352437],[-43.398554210999976,-21.642950631352441],[-43.398438939999942,-21.643821146352458],[-43.398430121999979,-21.644620426352414],[-43.398432735999961,-21.645040458352408],[-43.398430842999971,-21.645212055352374],[-43.398425362999944,-21.645708783352386],[-43.39850006599994,-21.646490804352332],[-43.398704812999938,-21.647088915352363],[-43.398836982999967,-21.647478581352352],[-43.39887519399997,-21.648120250352331],[-43.398864106999945,-21.648413695352343],[-43.398815535999965,-21.648711295352289],[-43.398641623999936,-21.649423176352297],[-43.398612303999982,-21.650000966352316],[-43.398772971999961,-21.650544458352261],[-43.399080874999981,-21.650714525352253],[-43.399518282999971,-21.650804549352284],[-43.400229744999933,-21.650739145352286],[-43.400662538999939,-21.65053556935224],[-43.40092040199994,-21.650479341352288],[-43.401367301999983,-21.650420416352276],[-43.401434827999935,-21.650430100352235],[-43.401728789999929,-21.650550349352262],[-43.402229947999949,-21.650993242352268],[-43.402454787999943,-21.651194118352269],[-43.402647889999969,-21.65148049635226],[-43.402970520999929,-21.651849410352227],[-43.403216099999952,-21.652086615352239],[-43.403438102999985,-21.652490690352231],[-43.403894475999948,-21.652833792352212],[-43.404415135999947,-21.653042024352185],[-43.404611372999966,-21.653043910352185],[-43.404883738999956,-21.653042010352213],[-43.405407063999974,-21.652898001352227],[-43.406128450999972,-21.652534599352233],[-43.406958131999943,-21.651657384352259],[-43.407185956999967,-21.65131182135227],[-43.407612006999962,-21.650841706352239],[-43.407790772999931,-21.650509221352301],[-43.407963043999985,-21.650438613352264],[-43.408303681999939,-21.650708334352249],[-43.408862004999946,-21.651061432352247],[-43.409089903999984,-21.651149424352262],[-43.40954248699996,-21.651618927352235],[-43.409873765999976,-21.651861458352251],[-43.410224160999981,-21.652068043352251],[-43.410488319999956,-21.652318963352226],[-43.410943285999956,-21.652571708352237],[-43.411415979999958,-21.65291494735219],[-43.411868377999944,-21.653402508352176],[-43.412583810999941,-21.654244848352167],[-43.413454583999972,-21.654853826352159],[-43.414382469999964,-21.655431732352135],[-43.415028997999968,-21.655618553352131],[-43.415294554999946,-21.655743025352159],[-43.415518519999978,-21.656192268352154],[-43.415725530999964,-21.656424569352129],[-43.41583794099995,-21.656637904352131],[-43.415816251999956,-21.656854475352134],[-43.415584492999983,-21.657118720352116],[-43.415488545999949,-21.657167483352104],[-43.415004334999935,-21.657876423352082],[-43.414560329999965,-21.658387032352064],[-43.414161742999966,-21.659051625352056],[-43.413773366999976,-21.659720829352068],[-43.413662374999944,-21.660261713352021],[-43.413519395999977,-21.661131975352035],[-43.413337383999931,-21.662092188351998],[-43.413273004999951,-21.662732874351974],[-43.413343655999931,-21.663230333351937],[-43.413453348999944,-21.663692034351936],[-43.413658589999955,-21.664086905351951],[-43.413885327999935,-21.664283269351927],[-43.414131931999975,-21.664430144351968],[-43.41455061299996,-21.664470273351917],[-43.414970883999956,-21.664420093351954],[-43.415286775999959,-21.664305687351941],[-43.415938817999979,-21.663991259351921],[-43.416392004999977,-21.663525898351981],[-43.416677625999966,-21.663528623351976],[-43.416912155999967,-21.663896673351932],[-43.417869842999949,-21.665292280351899],[-43.41912722099994,-21.667119778351893],[-43.419448288999945,-21.667583490351866],[-43.419672046999949,-21.667888207351854],[-43.419840840999939,-21.668138206351866],[-43.41998788099994,-21.668333803351814],[-43.419784550999964,-21.668426709351831],[-43.419558396999946,-21.668618752351854],[-43.419425225999937,-21.668757486351815],[-43.419296925999959,-21.669058851351849],[-43.419178756999941,-21.669428054351823],[-43.419159708999985,-21.669734976351815],[-43.419150866999985,-21.670213610351798],[-43.41921797699996,-21.670539417351808],[-43.419229243999951,-21.670724689351758],[-43.419039006999981,-21.670668681351753],[-43.418895282999991,-21.670667313351785],[-43.418576703999967,-21.670750084351777],[-43.418468930999943,-21.670830349351792],[-43.418249365999941,-21.671026971351758],[-43.418033273999981,-21.671237173351752],[-43.417813055999943,-21.671438302351749],[-43.417600500999988,-21.671711765351738],[-43.417426889999938,-21.671958500351742],[-43.417354952999972,-21.672075236351738],[-43.417084903999971,-21.672248792351731],[-43.416822334999949,-21.672345644351743],[-43.416570020999991,-21.672388399351721],[-43.416446074999953,-21.672400765351739],[-43.41624967499996,-21.672466633351721],[-43.415924989999944,-21.672720958351725],[-43.415642342999952,-21.672831165351763],[-43.41537802199997,-21.672977676351724],[-43.415085074999979,-21.672925199351724],[-43.41483554499996,-21.672823460351733],[-43.414460946999952,-21.672892140351752],[-43.414260341999984,-21.673066355351708],[-43.413933498999945,-21.673627756351721],[-43.413706599999948,-21.673941722351682],[-43.413619419999975,-21.674347347351706],[-43.413640752999981,-21.674826268351662],[-43.41393983699993,-21.675587849351661],[-43.414087941999973,-21.676072498351623],[-43.414137538999967,-21.676452333351662],[-43.414133235999941,-21.677066495351635],[-43.414029967999966,-21.677562290351624],[-43.413817906999952,-21.678120272351585],[-43.413475661999946,-21.678487328351594],[-43.413176929999956,-21.679017382351603],[-43.412950563999971,-21.679281673351603],[-43.412047257999973,-21.680085945351564],[-43.411711716999946,-21.680281444351522],[-43.411278556999953,-21.680566334351571],[-43.410921468999959,-21.68074356035152],[-43.410271331999979,-21.680931528351547],[-43.409887332999972,-21.681194304351536],[-43.409519666999984,-21.681619817351514],[-43.409336533999976,-21.681961291351541],[-43.409245967999937,-21.682398493351531],[-43.409323893999954,-21.683112799351473],[-43.409319156999977,-21.683379209351472],[-43.409448304999955,-21.684324331351458],[-43.40859205199996,-21.684799350351476],[-43.408183393999941,-21.68516124035143],[-43.40709309999994,-21.685936588351407],[-43.406599925999963,-21.686238952351399],[-43.406619688999967,-21.686473983351423],[-43.406481890999942,-21.686481693351407],[-43.406382858999969,-21.686589129351411],[-43.406427880999956,-21.686779241351392],[-43.406608797999979,-21.687024853351389],[-43.406589793999949,-21.687160156351371],[-43.40633947699996,-21.687293237351355],[-43.405824564999939,-21.687319901351383],[-43.405614020999955,-21.687186908351361],[-43.40518997799996,-21.687024765351417],[-43.404452238999966,-21.68688218435139],[-43.404257419999965,-21.686911923351406],[-43.404097032999971,-21.686996187351387],[-43.403898000999959,-21.687134273351386],[-43.403755744999955,-21.687327100351368],[-43.403584010999964,-21.687618999351358],[-43.403217796999968,-21.687470956351387],[-43.402733235999968,-21.687100479351408],[-43.40238328899995,-21.686573232351385],[-43.401960894999945,-21.686262063351396],[-43.401526604999951,-21.68577013035144],[-43.401670698999965,-21.685356031351429],[-43.401495744999977,-21.684789823351441],[-43.401177644999962,-21.684551917351445],[-43.400927503999981,-21.684450149351477],[-43.399819057999935,-21.683694291351443],[-43.399388837999936,-21.683491428351477],[-43.398113326999976,-21.68337072635147],[-43.397046829999972,-21.682646869351469],[-43.39607397999999,-21.682303269351529],[-43.395422867999969,-21.681867935351502],[-43.395006200999944,-21.681696806351543],[-43.394071330999964,-21.681687758351512],[-43.393778574999942,-21.681617183351516],[-43.393143069999951,-21.681082635351501],[-43.39262514099994,-21.680729874351531],[-43.392041893999931,-21.680439703351571],[-43.391688147999957,-21.680368532351583],[-43.391182516999955,-21.68032298335153],[-43.390797784999961,-21.680594738351544],[-43.390118394999945,-21.681021697351522],[-43.389763291999934,-21.681018251351524],[-43.38893369799996,-21.68055858135153],[-43.388384836999933,-21.680435828351573],[-43.388013676999947,-21.68024706035153],[-43.38731409199994,-21.680100260351551],[-43.386675906999983,-21.68002631235154],[-43.386276368999972,-21.679999846351585],[-43.386054480999974,-21.680020268351559],[-43.385618457999954,-21.680124413351582],[-43.385082636999975,-21.680403716351538],[-43.384698446999941,-21.680625783351566],[-43.384358996999943,-21.680789575351518],[-43.383897403999974,-21.680803143351564],[-43.383631279999982,-21.680782487351568],[-43.383136474999958,-21.680578953351532],[-43.382907088999964,-21.68045929835154],[-43.382590038999979,-21.680239432351538],[-43.382361360999937,-21.68000236235158],[-43.38203595899995,-21.679773382351552],[-43.38167356699995,-21.679611782351543],[-43.380996045999943,-21.679058717351591],[-43.38075046199998,-21.678821480351584],[-43.380417119999947,-21.678384677351577],[-43.380149646999939,-21.678160774351628],[-43.379835470999986,-21.678062868351617],[-43.37964308599993,-21.677821633351609],[-43.378806851999968,-21.67736636535161],[-43.378282372999934,-21.6772257553516],[-43.37781706599997,-21.677302497351633],[-43.37752259399997,-21.67771058735163],[-43.377447188999952,-21.678080173351596],[-43.377440664999938,-21.678716885351605],[-43.377454237999984,-21.679015083351594],[-43.376927533999947,-21.678964770351616],[-43.376480755999985,-21.678788785351564],[-43.375754522999955,-21.678596514351621],[-43.375444972999951,-21.678570903351606],[-43.374692093999947,-21.678762239351606],[-43.374057869999945,-21.679090218351561],[-43.373697335999964,-21.679140878351557],[-43.37351707299996,-21.679112014351563],[-43.373040718999953,-21.67877314935156],[-43.372839939999949,-21.677935696351607],[-43.37278613999996,-21.677348071351645],[-43.372765931999943,-21.676458195351639],[-43.372569819999967,-21.675205301351664],[-43.372331951999968,-21.675035871351692],[-43.37188272099997,-21.674918560351699],[-43.371279012999935,-21.675165539351678],[-43.371021533999965,-21.675397850351668],[-43.370702395999963,-21.675742459351692],[-43.370444920999944,-21.675920575351658],[-43.369811309999932,-21.676194352351672],[-43.369118274999956,-21.676381735351626],[-43.368053828999955,-21.676244817351623],[-43.367261156999973,-21.675947986351677],[-43.366963871999985,-21.675692157351651],[-43.366764126999954,-21.675355998351687],[-43.366429957999969,-21.675104320351664],[-43.366199282999958,-21.674618825351711],[-43.365893437999944,-21.674051297351685],[-43.365607878999981,-21.673452356351735],[-43.365252594999966,-21.673092082351737],[-43.364947264999955,-21.672479398351726],[-43.364069381999968,-21.671761715351739],[-43.363242105999973,-21.671216139351781],[-43.362856093999937,-21.670796847351781],[-43.362494673999947,-21.670499734351807],[-43.362163351999982,-21.669837111351828],[-43.361728168999939,-21.669173461351814],[-43.361134958999969,-21.668652767351833],[-43.360773240999954,-21.668382744351863],[-43.360411829999975,-21.668085627351875],[-43.360022515999958,-21.667959845351863],[-43.358253099999956,-21.667793319351823],[-43.357785021999973,-21.667743528351846],[-43.357604908999967,-21.667543036351876],[-43.357554940999925,-21.667262543351892],[-43.357587638999973,-21.667041577351874],[-43.357591729999967,-21.666680328351895],[-43.357655294999972,-21.666346765351882],[-43.357628272999932,-21.666066499351885],[-43.357511882999972,-21.665785347351882],[-43.357364644999969,-21.665508408351943],[-43.356827685999967,-21.665195996351915],[-43.356484026999972,-21.665039047351943],[-43.355479769999924,-21.664875552351912],[-43.354952994999962,-21.664996784351942],[-43.354531133999956,-21.665132601351928],[-43.353765619999933,-21.665111462351934],[-43.35351254099993,-21.664955404351907],[-43.353172374999993,-21.664491387351909],[-43.352967314999937,-21.66404225835192],[-43.35297105899997,-21.663712619351958],[-43.352711617999944,-21.662734565352004],[-43.352461418999951,-21.662325632351997],[-43.35165868699994,-21.661595087352012],[-43.350913521999985,-21.66111349535198],[-43.350347633999945,-21.660692391352015],[-43.349885055999948,-21.660480052352032],[-43.349511893999932,-21.660264086352043],[-43.348748616999956,-21.660048755352065],[-43.348313109999935,-21.660057971352028],[-43.347579408999934,-21.659897122352035],[-43.347222737999971,-21.659559380352047],[-43.346845021999968,-21.658471756352093],[-43.346643129999961,-21.657747169352074],[-43.346438716999963,-21.65724384735211],[-43.345382786999949,-21.656428494352117],[-43.345372948999966,-21.65642089835212],[-43.345158905999931,-21.656255618352162],[-43.344500873999948,-21.65602777035215],[-43.344113409999977,-21.655743908352157],[-43.343654670999967,-21.655197401352137],[-43.343044056999929,-21.654730667352165],[-43.342796540999984,-21.654407554352197],[-43.342346255999985,-21.654073385352174],[-43.342079558999956,-21.653790725352181],[-43.34194230199995,-21.653595162352222],[-43.341738163999928,-21.653439576352209],[-43.341111629999951,-21.653099128352196],[-43.340471464999951,-21.652577897352213],[-43.340456678999942,-21.65257345535224],[-43.33986693099996,-21.652113294352208],[-43.339876943999968,-21.652096314352207],[-43.339838137999948,-21.65205119735225],[-43.339784552999959,-21.652008127352257],[-43.339690904999941,-21.651953189352252],[-43.33958069199997,-21.651866469352239],[-43.339488700999937,-21.651743380352254],[-43.339458966999985,-21.651620917352215],[-43.339423142999976,-21.651486755352231],[-43.339300286999958,-21.65134008935226],[-43.339208361999965,-21.651211185352249],[-43.339178428999958,-21.651106170352282],[-43.339098889999946,-21.650983208352248],[-43.338976303999964,-21.650813272352281],[-43.33890238999993,-21.650742723352252],[-43.338826437999963,-21.650680071352252],[-43.338750607999941,-21.65060612935228],[-43.338618726999982,-21.650501369352284],[-43.338550907999938,-21.650442513352271],[-43.338486209999985,-21.650371421352304],[-43.33843227999995,-21.650242026352256],[-43.338391981999962,-21.65021046135228],[-43.338302603999971,-21.650169157352295],[-43.338111171999969,-21.65013536735227],[-43.337937032999946,-21.650046950352301],[-43.337825007999982,-21.65000730435229],[-43.337763747999929,-21.64991942835228],[-43.337740375999942,-21.649785391352282],[-43.337643226999944,-21.649569172352315],[-43.337345783999979,-21.649444026352302],[-43.337155039999963,-21.649366441352328],[-43.336806965999983,-21.64920009435231],[-43.33655320499998,-21.649057952352305],[-43.336429485999986,-21.648986903352323],[-43.336315003999964,-21.648913669352318],[-43.336134782999977,-21.648821349352289],[-43.336047116999964,-21.64877337435232],[-43.335985192999935,-21.648678559352312],[-43.335898335999957,-21.648559946352318],[-43.335823944999959,-21.648453232352296],[-43.335760061999963,-21.648307334352339],[-43.335700707999933,-21.648134862352311],[-43.335677866999958,-21.648004341352358],[-43.335516620999954,-21.647779013352356],[-43.335279905999982,-21.647541152352346],[-43.335180315999935,-21.647434185352321],[-43.335194266999963,-21.647316582352349],[-43.335233689999932,-21.647175684352373],[-43.335286115999963,-21.646999594352348],[-43.335351279999941,-21.646811858352365],[-43.33541631099996,-21.646635894352379],[-43.335516152999958,-21.646414615352374],[-43.335749322999952,-21.646168256352357],[-43.335971901999983,-21.645440475352416],[-43.336025781999972,-21.645251864352421],[-43.336080181999932,-21.64511321535241],[-43.336154109999939,-21.644936002352388],[-43.336245146999943,-21.644689651352405],[-43.336336721999949,-21.644396209352422],[-43.336426678999942,-21.644244043352412],[-43.336564462999945,-21.643930933352447],[-43.336621215999969,-21.643763244352421],[-43.336835054999938,-21.643423157352441],[-43.337048966999923,-21.643247117352459],[-43.337147093999931,-21.643232185352463],[-43.337397915999922,-21.643148893352471],[-43.337619554999947,-21.643070087352434],[-43.337912470999981,-21.642962533352424],[-43.338276748999931,-21.64281886035246],[-43.338468120999941,-21.642629265352479],[-43.33858136899994,-21.642493256352473],[-43.338867549999975,-21.642169215352475],[-43.338995186999966,-21.642037907352474],[-43.339257957999969,-21.641892397352496],[-43.339519761999952,-21.6417476963525],[-43.339804706999985,-21.641647424352495],[-43.34008931599994,-21.64157661035248],[-43.340318747999959,-21.64150524535248],[-43.340721339999959,-21.64145770735249],[-43.341029254999967,-21.641416585352459],[-43.341395041999931,-21.641330955352473],[-43.341593928999949,-21.64125585935248],[-43.341732524999941,-21.641205388352475],[-43.341981524999937,-21.641086433352466],[-43.342155023999965,-21.641025573352508],[-43.342338779999977,-21.640961537352485],[-43.342560554999977,-21.64077548235251],[-43.342580468999984,-21.640718017352526],[-43.342531546999965,-21.640554219352502],[-43.342540520999933,-21.640458554352509],[-43.342565429999979,-21.640348315352526],[-43.342732911999974,-21.640264846352526],[-43.342894003999959,-21.640214597352504],[-43.343063866999955,-21.640191239352543],[-43.343292027999951,-21.640173720352507],[-43.343382091999949,-21.640169012352498],[-43.343394252999985,-21.640253462352522],[-43.343436023999971,-21.640375036352509],[-43.343590269999936,-21.640617589352527],[-43.343622236999977,-21.64076461435252],[-43.343688085999922,-21.640891019352505],[-43.343754055999966,-21.64100694535248],[-43.344159247999976,-21.641114668352461],[-43.344482898999956,-21.641254120352503],[-43.344771564999967,-21.641334798352467],[-43.344940522999934,-21.641447302352475],[-43.345522221999943,-21.641491932352473],[-43.345638140999938,-21.641400090352516],[-43.345920520999982,-21.641224759352472],[-43.346203315999965,-21.641131177352516],[-43.346311130999943,-21.641080670352476],[-43.346460936999954,-21.641041517352498],[-43.346651574999953,-21.641043414352488],[-43.34681954499996,-21.641066044352474],[-43.347133535999944,-21.641069168352473],[-43.34723792099993,-21.640766315352479],[-43.347464019999968,-21.640525378352496],[-43.347807199999977,-21.640017489352498],[-43.348000696999968,-21.639767918352511],[-43.348340329999985,-21.639488361352527],[-43.348453183999936,-21.639426609352519],[-43.348600871999963,-21.639260411352527],[-43.348680679999973,-21.639145936352552],[-43.348692250999932,-21.639114615352561],[-43.348783149999974,-21.639010728352542],[-43.348839815999945,-21.638958896352541],[-43.348996689999971,-21.638970935352564],[-43.349220370999944,-21.639025552352546],[-43.349354818999984,-21.639037365352564],[-43.349623590999954,-21.639071474352562],[-43.350412366999933,-21.639119490352563],[-43.350753403999931,-21.639196328352529],[-43.351016246999968,-21.639272191352539],[-43.351231156999972,-21.639380000352524],[-43.351277809999942,-21.639414485352532],[-43.351361975999964,-21.639443285352527],[-43.351486411999986,-21.639383620352561],[-43.351542821999942,-21.639319332352525],[-43.351923169999964,-21.639141283352533],[-43.352062227999966,-21.639010115352537],[-43.352243074999933,-21.638886160352552],[-43.352574612999945,-21.638489094352558],[-43.352710840999976,-21.638343739352585],[-43.353083509999969,-21.638116894352557],[-43.353230315999951,-21.637977491352554],[-43.353289514999972,-21.637752171352595],[-43.353448644999958,-21.637565125352609],[-43.353584278999961,-21.637472158352587],[-43.353708819999952,-21.637368601352616],[-43.353787551999972,-21.637348423352613],[-43.35400049499998,-21.637361012352606],[-43.354202577999956,-21.637342055352587],[-43.354663053999957,-21.637283742352583],[-43.35509190199997,-21.637046970352603],[-43.355271677999951,-21.637017313352569],[-43.355564538999943,-21.636904941352583],[-43.356148481999988,-21.636837367352562],[-43.356249403999982,-21.636838365352595],[-43.356239899999935,-21.636729900352609],[-43.356164488999973,-21.636456700352586],[-43.355956408999937,-21.636014522352628],[-43.355833983999958,-21.635538713352613],[-43.355752544999973,-21.635057373352605],[-43.35574684399996,-21.634713046352623],[-43.355767525999966,-21.634551174352652],[-43.355795610999962,-21.634367720352628],[-43.355775200999965,-21.634189375352648],[-43.355732209999985,-21.633989702352647],[-43.355623707999939,-21.63384977035269],[-43.355477062999967,-21.633777742352656],[-43.355320430999939,-21.633744754352673],[-43.355119655999943,-21.633648455352667],[-43.355053563999938,-21.633543011352678],[-43.35496504199994,-21.633437345352661],[-43.354823093999983,-21.633219250352688],[-43.354735282999968,-21.633050717352674],[-43.35470520299998,-21.632736047352715],[-43.354718671999933,-21.632537078352723],[-43.354879336999936,-21.632213819352707],[-43.355243262999977,-21.631766821352734],[-43.355739730999964,-21.631499279352724],[-43.356273869999931,-21.630875820352749],[-43.356497216999969,-21.630522165352726],[-43.356674437999978,-21.63036003235273],[-43.356993804999945,-21.63003541635274],[-43.357248407999975,-21.629854381352775],[-43.357332806999977,-21.629835549352748],[-43.357607119999955,-21.629772705352803],[-43.357978203999942,-21.629685004352755],[-43.358240830999932,-21.62961181735276],[-43.358368722999955,-21.62951433335278],[-43.358452805999946,-21.629433622352771],[-43.358546366999981,-21.629224771352757],[-43.358570893999968,-21.628916906352799],[-43.358552289999977,-21.628700392352805],[-43.358603466999966,-21.628517346352787],[-43.358719869999959,-21.628208210352803],[-43.358743198999946,-21.628043587352813],[-43.358793051999953,-21.627940161352818],[-43.358878560999983,-21.627823006352813],[-43.359033471999965,-21.627772092352828],[-43.359140096999958,-21.627648591352813],[-43.359162694999952,-21.627511150352838],[-43.35917126399994,-21.627373569352844],[-43.359256770999934,-21.627256415352839],[-43.359411978999958,-21.627179281352802],[-43.359666029999978,-21.62703769935284],[-43.359723504999984,-21.626926694352832],[-43.35971909999995,-21.626854937352817],[-43.359712510999948,-21.626657811352846],[-43.359685561999981,-21.626559214352817],[-43.35961756199999,-21.626368434352852],[-43.359534940999943,-21.626229955352869],[-43.359459261999973,-21.626098098352831],[-43.359410603999947,-21.626058286352883],[-43.359334924999985,-21.625926429352827],[-43.35926633399999,-21.625788086352831],[-43.359198629999973,-21.625580767352872],[-43.359004075999955,-21.625414961352885],[-43.358852717999973,-21.625151247352878],[-43.358645466999974,-21.624867317352848],[-43.358555907999964,-21.624722213352907],[-43.358357937999983,-21.624437071352919],[-43.358297084999947,-21.624366241352892],[-43.358193241999963,-21.6243193263529],[-43.358135279999942,-21.624287206352896],[-43.358037594999985,-21.624238918352884],[-43.357994778999966,-21.624215238352907],[-43.357887466999955,-21.624110464352885],[-43.357880098999942,-21.624037392352925],[-43.35791022899997,-21.623972057352891],[-43.357953688999935,-21.623909058352925],[-43.358040079999974,-21.623735685352933],[-43.358173645999962,-21.623340989352943],[-43.358269356999983,-21.62311845235293],[-43.358346313999959,-21.622897017352923],[-43.35836951999994,-21.622719005352931],[-43.358391498999936,-21.622649906352965],[-43.358425078999971,-21.622491801352933],[-43.358511980999936,-21.622304516352965],[-43.358567315999949,-21.622097113352925],[-43.358600784999965,-21.621948910352941],[-43.358615519999944,-21.62185641135294],[-43.358637913999985,-21.621765866352963],[-43.358667721999943,-21.621652502352944],[-43.358689589999983,-21.621593304352974],[-43.358722164999968,-21.621524311352967],[-43.358753170999933,-21.621402188352981],[-43.358777385999986,-21.621326810352972],[-43.358777832999976,-21.621287206352974],[-43.358704432999964,-21.621217166352956],[-43.35865189499998,-21.62117703735294],[-43.358599356999953,-21.62113690935298],[-43.35855741599994,-21.621096886352987],[-43.358431365999941,-21.620996619353001],[-43.358325953999952,-21.620946066352989],[-43.358146696999938,-21.620821782352959],[-43.358081384999934,-21.620745449352984],[-43.358047498999944,-21.620689835352959],[-43.358003753999981,-21.620634125353],[-43.35789672899994,-21.620433125353003],[-43.357855122999979,-21.620363399353007],[-43.357755849999933,-21.620248239353003],[-43.35763907799997,-21.620099522353012],[-43.357583287999951,-21.620033937352989],[-43.357539206999945,-21.619991606353022],[-43.357482991999966,-21.619919319353002],[-43.357426551999929,-21.619844566353024],[-43.357384626999931,-21.619794320353016],[-43.357322547999956,-21.619730817352988],[-43.357216641999969,-21.619654030353033],[-43.357132422999939,-21.619603687352985],[-43.35706928999997,-21.619563453352995],[-43.356971519999945,-21.619515918353027],[-43.356890736999958,-21.619482328352991],[-43.356807737999922,-21.619450764353015],[-43.35672137499995,-21.619401579352992],[-43.356668615999979,-21.619381252353026],[-43.356584060999978,-21.619360612353034],[-43.356448645999933,-21.61934893335302],[-43.356323441999962,-21.61936409135302],[-43.356213052999969,-21.619366848353021],[-43.356022306999932,-21.619364962353014],[-43.355884431999975,-21.619373498353017],[-43.355746670999963,-21.619372137353022],[-43.355636029999971,-21.61938401535302],[-43.355541552999966,-21.619397428353007],[-43.355375102999972,-21.619427876353019],[-43.355176420999953,-21.619486043352985],[-43.355045248999943,-21.619543439353031],[-43.354949315999939,-21.619592002353034],[-43.354874797999969,-21.619620972353001],[-43.354800285999943,-21.619649941353028],[-43.354736362999965,-21.619679015353025],[-43.354693751999946,-21.619698398353009],[-43.354608595999935,-21.619733283352993],[-43.35441721899997,-21.619784782352987],[-43.354374717999974,-21.619794264352993],[-43.354258264999942,-21.619783208352981],[-43.354120838999961,-21.619752142353022],[-43.354021221999972,-21.619721531353019],[-43.35393092299995,-21.619678223352985],[-43.353853976999972,-21.619643451352985],[-43.353780413999971,-21.619606041352984],[-43.353709084999934,-21.619570635352986],[-43.353627350999936,-21.619523701353039],[-43.353600129999961,-21.61949114735301],[-43.353526716999966,-21.619292479353014],[-43.353497417999961,-21.619207359353023],[-43.353464896999981,-21.619080518353034],[-43.353498012999978,-21.618916950353032],[-43.353516709999951,-21.618839948353024],[-43.353548732999968,-21.618684744353018],[-43.353580917999977,-21.618515400353047],[-43.35354853399997,-21.618439614353022],[-43.353491574999964,-21.618387267353029],[-43.353401110999982,-21.618358094353042],[-43.353297920999978,-21.618331656353028],[-43.353099144999931,-21.618298550353032],[-43.353038780999952,-21.618283813353024],[-43.352857218999922,-21.618282015353056],[-43.352482562999974,-21.618323903353048],[-43.352329238999971,-21.618358114353057],[-43.35206108999995,-21.618403096353035],[-43.351856252999937,-21.61848443535305],[-43.351687050999942,-21.618720527353055],[-43.351494309999971,-21.618933428353053],[-43.351411731999974,-21.619105939353005],[-43.351108361999934,-21.619251169352985],[-43.350684521999938,-21.619296458353006],[-43.350434301999947,-21.619353095352995],[-43.350213760999971,-21.619468584352997],[-43.349937038999933,-21.619495954352999],[-43.349728972999969,-21.619511412352992],[-43.349372427999981,-21.619484054352984],[-43.349069158999953,-21.619254753353005],[-43.348843056999954,-21.618979433353051],[-43.348714844999961,-21.618846690353003],[-43.348528498999933,-21.618606245353039],[-43.348491757999966,-21.618474872353058],[-43.348340868999969,-21.618294724353017],[-43.348317952999935,-21.618068207353044],[-43.348293683999941,-21.617960776353041],[-43.348130998999984,-21.617697141353041],[-43.348055755999958,-21.617589204353056],[-43.348299365999928,-21.61746061535306],[-43.348427879999967,-21.617366612353059],[-43.348632853999952,-21.617273367353032],[-43.348827957999958,-21.61719931835307],[-43.348979487999941,-21.617050521353054],[-43.349018429999944,-21.616882809353047],[-43.349044036999935,-21.616757757353067],[-43.349048612999972,-21.6165748093531],[-43.349010126999985,-21.616458719353101],[-43.34897841399993,-21.616387383353075],[-43.34890222599995,-21.616362807353095],[-43.348749848999944,-21.616313654353075],[-43.348648717999936,-21.616241189353115],[-43.348650886999962,-21.616162940353107],[-43.348790784999949,-21.616075862353078],[-43.348996161999935,-21.615946891353083],[-43.349163443999934,-21.61580563235313],[-43.349514458999977,-21.615571621353094],[-43.349696410999968,-21.615397953353096],[-43.349832162999974,-21.615276320353111],[-43.35005095399999,-21.615087931353099],[-43.350141372999978,-21.614981639353093],[-43.350898475999941,-21.61452466035314],[-43.351233572999945,-21.614194505353108],[-43.351595098999958,-21.61378123935318],[-43.351737023999938,-21.613627816353144],[-43.351942933999965,-21.613451206353169],[-43.352356777999944,-21.612919359353196],[-43.352422784999938,-21.612717542353199],[-43.352503018999982,-21.612384858353202],[-43.35264521199997,-21.612207616353192],[-43.352837972999971,-21.612066607353203],[-43.353188496999962,-21.611909673353185],[-43.353260370999969,-21.611904050353189],[-43.353821319999945,-21.611885783353216],[-43.354500489999957,-21.611833445353177],[-43.354476789999971,-21.611772554353202],[-43.354330306999941,-21.611643871353188],[-43.354159519999932,-21.611507977353202],[-43.354190817999957,-21.611280135353201],[-43.354136419999975,-21.611011184353195],[-43.354109524999956,-21.610849870353231],[-43.354055126999981,-21.610580920353218],[-43.354188693999959,-21.610160917353248],[-43.354253376999971,-21.609662963353223],[-43.354242661999926,-21.609340761353227],[-43.354235894999931,-21.60866966335325],[-43.354219576999981,-21.60847410635327],[-43.354196614999978,-21.608333759353254],[-43.354141457999951,-21.608131903353279],[-43.35413370699996,-21.607909426353313],[-43.35417457799997,-21.607743032353305],[-43.354436523999937,-21.607436949353303],[-43.354527631999986,-21.607284610353311],[-43.354717439999945,-21.607116031353318],[-43.354930936999949,-21.606891593353296],[-43.355060616999936,-21.606852613353297],[-43.355305470999951,-21.606787932353335],[-43.355604327999963,-21.606740788353314],[-43.355752859999946,-21.606591045353323],[-43.356257984999957,-21.606367887353333],[-43.356389179999944,-21.606194715353329],[-43.35656314999995,-21.606048806353357],[-43.356709309999985,-21.605822099353336],[-43.356812093999963,-21.60562180535333],[-43.356889340999942,-21.605139424353343],[-43.356977916999938,-21.60492556835333],[-43.35724973199995,-21.604739189353371],[-43.357312136999951,-21.604688615353382],[-43.357556944999942,-21.604515246353351],[-43.357717764999961,-21.604261841353399],[-43.357763718999934,-21.604007301353381],[-43.357764778999979,-21.603913369353354],[-43.357782164999954,-21.603645126353371],[-43.357688485999965,-21.60342629035339],[-43.357558222999948,-21.603173089353373],[-43.357504797999979,-21.603078555353406],[-43.357378347999948,-21.60284114335342],[-43.35736075899996,-21.602807383353412],[-43.357325577999973,-21.602739864353392],[-43.35729106399998,-21.602685420353396],[-43.357270344999961,-21.602664325353423],[-43.357183151999948,-21.602620904353444],[-43.35708262299994,-21.602589488353416],[-43.357035198999938,-21.602576615353424],[-43.356950308999956,-21.60255143335343],[-43.356860841999939,-21.602516963353423],[-43.356735815999969,-21.602448557353391],[-43.35666497699998,-21.602404847353405],[-43.356557450999958,-21.602329243353445],[-43.356508162999944,-21.602282348353416],[-43.356461378999938,-21.602212624353413],[-43.35644571399996,-21.602145083353449],[-43.356434511999964,-21.602076133353439],[-43.356435458999954,-21.601992175353423],[-43.356416718999988,-21.60189178635342],[-43.35640198599998,-21.601773535353416],[-43.356368136999954,-21.601588475353445],[-43.356370031999965,-21.601420564353447],[-43.356336558999942,-21.60120192335344],[-43.356321334999961,-21.60103274235346],[-43.356304033999947,-21.600899325353431],[-43.356327880999963,-21.600735147353454],[-43.356360976999952,-21.600631199353455],[-43.356412114999955,-21.600558701353457],[-43.356504729999983,-21.600632618353462],[-43.35658639199994,-21.600685018353477],[-43.356647152999976,-21.600751577353474],[-43.356771608999964,-21.60087035935344],[-43.35682494699995,-21.600921265353438],[-43.356967942999972,-21.600989847353432],[-43.357089156999962,-21.601048703353435],[-43.357218371999984,-21.601093080353429],[-43.357451590999979,-21.601128970353471],[-43.357595341999968,-21.601130389353475],[-43.357792815999979,-21.601149130353441],[-43.357990093999938,-21.601184664353447],[-43.358115688999924,-21.601202695353461],[-43.358271955999953,-21.601241950353447],[-43.35838465899996,-21.601255729353426],[-43.358492094999974,-21.601290376353425],[-43.358786642999974,-21.601291611353442],[-43.358863895999946,-21.601291225353428],[-43.358931446999975,-21.601300928353432],[-43.359034051999977,-21.601309827353443],[-43.359097161999955,-21.601309108353433],[-43.359197466999937,-21.601286725353454],[-43.35926442899995,-21.601264010353457],[-43.359348150999949,-21.601233670353427],[-43.359531827999945,-21.601212107353462],[-43.359840299999973,-21.601215147353436],[-43.359940607999931,-21.601192763353453],[-43.360041004999971,-21.601162587353453],[-43.360124902999985,-21.601116664353441],[-43.36018404999993,-21.601047126353457],[-43.360268472999962,-21.600954460353456],[-43.360319111999956,-21.600900418353472],[-43.360394670999938,-21.600854415353449],[-43.360411696999961,-21.600823417353443],[-43.360453731999939,-21.600792666353456],[-43.36047918099996,-21.600753958353483],[-43.360484738999958,-21.600677050353433],[-43.360488781999948,-21.600614635353434],[-43.360498402999951,-21.600528198353452],[-43.360473917999968,-21.600481206353479],[-43.36049980599995,-21.600403548353484],[-43.360508847999945,-21.600341306353467],[-43.360509374999936,-21.600294562353493],[-43.36050191399994,-21.600216573353467],[-43.360502791999977,-21.600138668353448],[-43.360478570999931,-21.600068307353457],[-43.360479008999967,-21.600029354353474],[-43.360470936999938,-21.60000590135348],[-43.360455051999963,-21.599935621353499],[-43.360372472999984,-21.59986468435347],[-43.360348866999963,-21.599739787353492],[-43.360299281999971,-21.599700344353501],[-43.360300246999941,-21.599614648353466],[-43.360292439999959,-21.599567821353517],[-43.360243466999975,-21.599473841353486],[-43.360215110999945,-21.599403629353468],[-43.360117872999986,-21.599257435353501],[-43.360062711999952,-21.599138063353475],[-43.359980638999957,-21.598899596353508],[-43.359885926999937,-21.598528974353531],[-43.359845931999985,-21.598317328353506],[-43.359848907999954,-21.59805329335353],[-43.35996637399996,-21.597658355353534],[-43.360309535999932,-21.59729204735352],[-43.360409301999937,-21.597213810353548],[-43.360918802999954,-21.597120921353525],[-43.36105777299997,-21.597120105353564],[-43.361140348999982,-21.597112963353556],[-43.361231078999936,-21.597091756353517],[-43.361283655999955,-21.59707978335355],[-43.361355404999991,-21.59704000535352],[-43.361447637999952,-21.596994165353536],[-43.361548466999984,-21.596925035353564],[-43.361607351999965,-21.596878866353531],[-43.361657985999955,-21.59682482435354],[-43.361691770999983,-21.596786199353549],[-43.361700281999958,-21.596770700353574],[-43.361725733999947,-21.596731993353586],[-43.361741727999977,-21.596690778353572],[-43.361754651999952,-21.596639019353553],[-43.361762442999975,-21.596586247353546],[-43.361786456999937,-21.596522223353553],[-43.361821120999934,-21.596405693353557],[-43.361838916999936,-21.596375353353586],[-43.361888866999948,-21.596312861353539],[-43.36193116499993,-21.596258739353544],[-43.36197346299997,-21.596204615353582],[-43.361998822999958,-21.596173699353571],[-43.362041119999958,-21.596119575353597],[-43.362066922999929,-21.596049706353579],[-43.362102735999933,-21.595975582353546],[-43.362151955999927,-21.595902505353575],[-43.362195041999939,-21.595778265353598],[-43.362203482999973,-21.595710183353557],[-43.362213290999932,-21.595638200353559],[-43.36225576399994,-21.595568495353575],[-43.362283986999962,-21.595515325353567],[-43.362315173999946,-21.595475581353579],[-43.362441014999945,-21.59540669735361],[-43.362549916999967,-21.595361020353611],[-43.362600289999932,-21.59533035035361],[-43.362668312999979,-21.595272873353569],[-43.362718052999973,-21.595238012353601],[-43.362748341999975,-21.595209885353604],[-43.362802296999973,-21.595160925353582],[-43.362810985999943,-21.595129844353615],[-43.362828444999934,-21.595059893353621],[-43.362893745999941,-21.594990313353616],[-43.362954810999945,-21.5949442663536],[-43.363168823999956,-21.594863355353606],[-43.363175302999935,-21.594866463353593],[-43.363191583999935,-21.594866623353617],[-43.363217602999953,-21.59486992235362],[-43.363240361999942,-21.594873189353578],[-43.363269570999933,-21.594882607353625],[-43.363305287999943,-21.594892089353614],[-43.363337752999939,-21.594901538353618],[-43.363360409999984,-21.594913936353592],[-43.363428795999937,-21.59491460935358],[-43.363451491999967,-21.594923962353576],[-43.36350681699998,-21.594927549353613],[-43.36352957899993,-21.594930816353628],[-43.363597963999943,-21.594931488353627],[-43.363640608999965,-21.594904516353623],[-43.363653771999964,-21.59489247235361],[-43.363657299999943,-21.594868158353577],[-43.363660626999945,-21.594862104353588],[-43.363660797999955,-21.594846887353604],[-43.363664361999952,-21.594819533353608],[-43.363671420999935,-21.594770902353634],[-43.363674987999957,-21.594743547353595],[-43.363682116999939,-21.594688834353594],[-43.36368904099993,-21.594652379353601],[-43.363692740999966,-21.59461285035362],[-43.363703225999984,-21.594549038353609],[-43.36371662899996,-21.594515691353624],[-43.363723517999972,-21.594482281353599],[-43.363740472999943,-21.59438113435359],[-43.363743901999953,-21.594365951353645],[-43.363747634999982,-21.594323379353579],[-43.363744653999959,-21.594298999353629],[-43.363731729999984,-21.594289742353592],[-43.363735223999988,-21.594268473353587],[-43.363722505999931,-21.594240955353623],[-43.363709924999966,-21.594201265353629],[-43.363710334999951,-21.594164747353631],[-43.363704197999937,-21.594131207353623],[-43.363692133999962,-21.594045872353636],[-43.363695866999933,-21.594003298353616],[-43.363683080999976,-21.59398186735363],[-43.363673620999975,-21.593954382353655],[-43.36367060099996,-21.593933048353591],[-43.363654901999951,-21.593881155353621],[-43.363638787999946,-21.593865777353631],[-43.363645506999944,-21.593847582353622],[-43.36363580799997,-21.593841400353639],[-43.363629362999973,-21.593835251353632],[-43.363613112999985,-21.593832047353636],[-43.363600260999931,-21.593816701353646],[-43.363580823999939,-21.593807379353606],[-43.36348638599997,-21.593806451353636],[-43.363440862999937,-21.593799917353618],[-43.363349677999963,-21.593799020353607],[-43.363307241999962,-21.593807733353611],[-43.363277934999985,-21.593807444353658],[-43.36323227499998,-21.593813083353645],[-43.363202898999937,-21.593818883353631],[-43.363150724999969,-21.593824457353637],[-43.363121379999939,-21.593827211353616],[-43.363085525999956,-21.593829901353658],[-43.363046446999938,-21.593829517353619],[-43.362981249999962,-21.593834962353618],[-43.36289335999993,-21.593831055353622],[-43.362799023999969,-21.593820997353617],[-43.362684645999934,-21.593798544353639],[-43.362645636999964,-21.593792073353633],[-43.362606697999972,-21.593779516353646],[-43.362528711999971,-21.593763531353648],[-43.362463648999949,-21.593756804353617],[-43.362411684999991,-21.593744117353637],[-43.362385803999992,-21.593728645353607],[-43.362346896999952,-21.593713046353603],[-43.362334313999952,-21.593673357353609],[-43.362338288999979,-21.593609480353607],[-43.362332391999985,-21.593554639353663],[-43.362326460999952,-21.593502841353651],[-43.362312723999935,-21.593427300353643],[-43.362249591999948,-21.59331179435366],[-43.362196637999944,-21.593157965353672],[-43.362099941999936,-21.593003704353634],[-43.361925889999945,-21.592920227353662],[-43.361817567999935,-21.592827175353658],[-43.361621874999969,-21.592723043353665],[-43.361469465999953,-21.592660220353654],[-43.361360685999948,-21.592608046353647],[-43.361218752999953,-21.59258620835363],[-43.361044357999958,-21.592533388353679],[-43.360870194999961,-21.592460129353661],[-43.360665408999978,-21.592192376353658],[-43.360276215999932,-21.591789942353696],[-43.360049102999938,-21.591562853353679],[-43.35979965599995,-21.59137642435369],[-43.359604775999962,-21.591200754353668],[-43.35946540599997,-21.591017655353703],[-43.359367649999967,-21.590891801353667],[-43.359271409999963,-21.590766346353686],[-43.359108765999963,-21.590572411353723],[-43.358968219999952,-21.590427938353688],[-43.358742962999941,-21.590132003353695],[-43.358611525999947,-21.589914792353699],[-43.358519666999946,-21.589722870353707],[-43.358435938999953,-21.589534850353719],[-43.358320851999963,-21.589213531353757],[-43.358089045999968,-21.58876852535376],[-43.358018496999932,-21.588633088353721],[-43.357973043999948,-21.588556131353755],[-43.357793838999953,-21.588467260353749],[-43.357732931999969,-21.58838966335378],[-43.357702805999971,-21.588321996353784],[-43.357713319999952,-21.588302852353774],[-43.357775928999956,-21.588267685353745],[-43.357848029999957,-21.588227187353773],[-43.358044404999937,-21.588161752353763],[-43.358241538999948,-21.58802895735375],[-43.358387194999978,-21.587895652353779],[-43.358606112999958,-21.587657202353757],[-43.359011601999953,-21.587341375353756],[-43.359219246999942,-21.587189431353774],[-43.35934074499994,-21.586948251353792],[-43.359441336999964,-21.586824379353779],[-43.359523019999976,-21.58673045735382],[-43.359672475999957,-21.586629578353818],[-43.359791677999965,-21.586646485353796],[-43.359867963999925,-21.586684780353817],[-43.360078539999961,-21.586774427353788],[-43.360181061999981,-21.586813936353764],[-43.360313277999978,-21.586959602353801],[-43.36051691199998,-21.587163720353789],[-43.360609462999953,-21.587174254353808],[-43.36077278199997,-21.587300980353767],[-43.36095967399995,-21.5873566893538],[-43.361187147999942,-21.587272311353818],[-43.361322398999967,-21.587148526353783],[-43.361427410999966,-21.586966697353802],[-43.361553662999938,-21.58672733035381],[-43.361678399999967,-21.586622692353831],[-43.361731393999946,-21.58648847235381],[-43.361734749999982,-21.586190150353836],[-43.361705270999948,-21.586064744353788],[-43.361727255999938,-21.585829125353822],[-43.361708171999965,-21.585673104353809],[-43.361819588999936,-21.58503138635384],[-43.361861919999967,-21.584973365353807],[-43.361904251999931,-21.584915344353846],[-43.362156270999954,-21.584742510353831],[-43.362281733999971,-21.584704785353864],[-43.362512038999967,-21.584609654353841],[-43.362658555999985,-21.584552659353825],[-43.363051381999981,-21.584389215353866],[-43.363083995999943,-21.584070668353885],[-43.363174285999946,-21.58378661135389],[-43.363212708999981,-21.583597024353875],[-43.363235927999931,-21.583468348353851],[-43.363215453999935,-21.583352812353901],[-43.363231718999941,-21.58319692935385],[-43.363219274999949,-21.583119518353904],[-43.363194092999947,-21.583033725353872],[-43.363156659999959,-21.58287448835388],[-43.363118954999948,-21.582739692353876],[-43.363069735999943,-21.582565347353878],[-43.363085964999989,-21.58228443335393],[-43.363170029999935,-21.581784211353906],[-43.363317808999966,-21.581431266353935],[-43.363371333999972,-21.581321806353913],[-43.36355223299995,-21.581175870353952],[-43.363662357999942,-21.581019150353942],[-43.363821284999972,-21.580837402353957],[-43.364061387999975,-21.580412038353952],[-43.364154129999982,-21.580302963353926],[-43.364376905999968,-21.580256269353946],[-43.364561152999947,-21.580148093353976],[-43.364705071999936,-21.580037427353972],[-43.364889195999972,-21.580041327353936],[-43.365163708999944,-21.58004402435396],[-43.365490652999931,-21.580035013353978],[-43.365857087999977,-21.580001947353971],[-43.366106966999951,-21.579869973353969],[-43.366435141999943,-21.579750987353957],[-43.366554575999942,-21.579593289353951],[-43.366582775999973,-21.579410255353977],[-43.366572305999966,-21.579177960353995],[-43.366509823999934,-21.57892071235398],[-43.366486628999944,-21.578281807353978],[-43.366505040999982,-21.578098507354035],[-43.366531545999976,-21.577922934354003],[-43.366556847999952,-21.577854378354026],[-43.366711203999948,-21.577751126353991],[-43.366956746999954,-21.577663534353999],[-43.36718898099997,-21.577619391354038],[-43.367438804999949,-21.577482584353991],[-43.367788976999975,-21.577253920354028],[-43.367992093999938,-21.576853610354011],[-43.367994346999978,-21.576652484354046],[-43.368177100999965,-21.576592382354022],[-43.368394687999967,-21.576377889354042],[-43.368512622999951,-21.576193369354041],[-43.368646540999976,-21.575949417354046],[-43.368865985999946,-21.575625410354082],[-43.369102293999951,-21.575270759354087],[-43.369204021999963,-21.575055133354081],[-43.369403842999937,-21.574948777354088],[-43.369487980999956,-21.574825817354089],[-43.369621945999938,-21.574687870354111],[-43.369789356999938,-21.574519304354101],[-43.369913971999949,-21.574361531354093],[-43.370170411999929,-21.574205850354069],[-43.370321745999945,-21.573748467354111],[-43.370556620999935,-21.573291904354118],[-43.370767332999947,-21.573127994354095],[-43.370904944999943,-21.572963368354152],[-43.371262838999947,-21.572713030354162],[-43.371420680999961,-21.572607179354161],[-43.37164106999996,-21.572511704354127],[-43.371726685999924,-21.57232704435414],[-43.371728321999967,-21.572180614354171],[-43.371534789999941,-21.572065052354148],[-43.37156605399997,-21.571926465354181],[-43.371656744999939,-21.571788456354163],[-43.371927419999963,-21.571499423354176],[-43.372316324999986,-21.571267105354153],[-43.372515349999958,-21.570741248354203],[-43.372801033999963,-21.570438474354184],[-43.372850529999937,-21.569857304354215],[-43.372871055999951,-21.569683725354192],[-43.372789741999952,-21.569474398354195],[-43.37279119599998,-21.569344078354224],[-43.372810323999943,-21.568965974354246],[-43.372816086999933,-21.568779542354232],[-43.372748337999951,-21.56863475135426],[-43.372375327999976,-21.568297346354225],[-43.372292947999938,-21.568183585354266],[-43.372220051999932,-21.568052539354234],[-43.372059238999952,-21.567903484354225],[-43.371936123999944,-21.567676141354291],[-43.371872331999953,-21.567562562354276],[-43.371808730999931,-21.567431606354255],[-43.371744452999963,-21.567361467354257],[-43.37169158599994,-21.567173720354269],[-43.371730409999941,-21.567026388354293],[-43.371785029999955,-21.566905899354257],[-43.371939912999949,-21.566576612354261],[-43.372033818999967,-21.566490640354292],[-43.372237852999952,-21.566348650354282],[-43.372570595999946,-21.566154118354309],[-43.372731183999967,-21.565982630354281],[-43.372936363999933,-21.565762977354296],[-43.373278781999943,-21.565493522354281],[-43.373599404999943,-21.565199979354283],[-43.373693333999931,-21.565077284354345],[-43.374011888999981,-21.564969140354307],[-43.374104988999932,-21.564920604354313],[-43.374501902999953,-21.564899754354308],[-43.374726530999965,-21.564914307354339],[-43.374831612999969,-21.564977138354312],[-43.374950328999951,-21.56500302135429],[-43.375215858999972,-21.564906719354312],[-43.37532493599997,-21.564611109354299],[-43.375524907999932,-21.564464723354316],[-43.37577803999995,-21.564294131354316],[-43.375924714999933,-21.564184309354356],[-43.376019053999983,-21.564024530354363],[-43.376075517999936,-21.563703685354326],[-43.37607785899997,-21.563493564354321],[-43.375909838999966,-21.563145809354378],[-43.375805305999961,-21.563033538354354],[-43.375700777999953,-21.562921266354394],[-43.375622963999945,-21.562784531354385],[-43.375520775999966,-21.562462139354409],[-43.375523391999934,-21.562227299354387],[-43.37554178399995,-21.5619742513544],[-43.375664489999963,-21.56164169035441],[-43.375734451999961,-21.561296253354403],[-43.376323059999955,-21.560683920354428],[-43.376496306999968,-21.560561995354405],[-43.376683328999945,-21.560390757354458],[-43.376871035999955,-21.560157721354404],[-43.377191914999969,-21.55983944835447],[-43.377324950999927,-21.559766577354427],[-43.377379758999943,-21.559594051354452],[-43.377302084999933,-21.559444959354444],[-43.377223070999953,-21.559183264354449],[-43.377110648999974,-21.558825025354484],[-43.37713915299998,-21.558639882354466]]]},"properties":{"OBJECTID":96,"nro":19,"nome":"Represa","qtd_contrib_oficina_1_centro":null,"qtd_contrib_oficina_2_oeste":null,"qtd_contrib_oficina_3_leste":null,"qtd_contrib_oficina_4_nordeste":1,"qtd_contrib_oficina_5_vilas_nu":1,"qtd_contrib_oficina_6_n_co":null,"qtd_contrib_oficina_7_sudeste":null,"qtd_contrib_oficina_8_sul":null,"qtd_inscricoes_vaf":null,"observacao":"-","fonte":"PDDU","ano":"2000","vaf_2018":null,"vaf_2019":null,"vaf_2020":null,"vaf_2021":null,"vaf_2022":null,"bairro_dado_vinculado":"-","regiao_planejamento":"Norte","shape.STArea()":0.0055701679650580725,"shape.STLength()":0.45710181033810893}},{"type":"Feature","id":97,"geometry":{"type":"Polygon","coordinates":[[[-43.329349325999935,-21.656717260352142],[-43.329424978999953,-21.656636575352149],[-43.329488109999936,-21.656561582352094],[-43.329594823999976,-21.65648703035215],[-43.329863017999962,-21.656449004352137],[-43.330120575999956,-21.656451097352104],[-43.330232913999957,-21.656428957352109],[-43.33056350399994,-21.65637992435212],[-43.330737634999934,-21.656399125352117],[-43.330910665999966,-21.656433336352123],[-43.331152686999985,-21.65647873535211],[-43.33138218199997,-21.656522056352134],[-43.331508073999942,-21.656546490352142],[-43.331667925999966,-21.65658351835215],[-43.331890278999936,-21.656646268352134],[-43.331933544999977,-21.656653579352124],[-43.331938262999984,-21.656653733352144],[-43.331965769999954,-21.656687026352138],[-43.332089112999945,-21.657141536352135],[-43.332086807999985,-21.657163516352107],[-43.33219415099996,-21.657543945352128],[-43.332325405999939,-21.657893002352107],[-43.332567827999981,-21.658342528352104],[-43.332579326999962,-21.658360904352062],[-43.332590513999946,-21.658378786352067],[-43.332818068999984,-21.658742456352087],[-43.333194570999979,-21.659243005352039],[-43.333563986999934,-21.659729934352068],[-43.33394101499993,-21.66018532535206],[-43.334248348999949,-21.660504535352043],[-43.33439741799998,-21.660722802352016],[-43.334570139999983,-21.660932275352042],[-43.334973553999923,-21.661193738351997],[-43.335115967999968,-21.661308068352021],[-43.335250237999958,-21.66139522035202],[-43.335940262999941,-21.661677620352005],[-43.33635850099995,-21.662016002351997],[-43.336761023999941,-21.662408419351994],[-43.336930489999929,-21.662902370351986],[-43.336888358999943,-21.663100655351993],[-43.336686610999948,-21.663315405351995],[-43.336595638999938,-21.663612555351968],[-43.336677652999981,-21.664096598351936],[-43.336900116999971,-21.6648665603519],[-43.337306737999938,-21.665534498351882],[-43.33790653799997,-21.666050823351902],[-43.338316632999977,-21.666416215351891],[-43.339109273999952,-21.666916402351884],[-43.339549893999958,-21.667200807351872],[-43.339931751999977,-21.667448496351852],[-43.340271150999961,-21.667659631351885],[-43.34073901599993,-21.667885597351837],[-43.341110714999957,-21.668124148351826],[-43.341497559999944,-21.668200272351861],[-43.34185086399998,-21.668199286351825],[-43.34257753199995,-21.668080095351868],[-43.343023775999939,-21.668084551351871],[-43.343571819999966,-21.668270665351841],[-43.343888022999977,-21.668504141351843],[-43.344218894999983,-21.668828085351834],[-43.344582185999968,-21.669116222351811],[-43.345138603999935,-21.669997894351784],[-43.345690451999985,-21.670486617351756],[-43.345799177999936,-21.670749635351811],[-43.345859337999968,-21.671034748351765],[-43.345937090999939,-21.671207134351789],[-43.346030940999981,-21.671397746351769],[-43.346204979999982,-21.671494319351776],[-43.346609114999985,-21.671697054351789],[-43.347148826999955,-21.671874043351732],[-43.347530132999957,-21.672013322351738],[-43.347848975999966,-21.672016497351748],[-43.348357558999965,-21.67211639835174],[-43.34921051699996,-21.672151982351728],[-43.349486571999925,-21.672412146351721],[-43.349743138999941,-21.672952112351734],[-43.349967303999961,-21.673261437351709],[-43.350222626999937,-21.673539457351698],[-43.350410201999985,-21.673880029351714],[-43.350758291999966,-21.674073166351711],[-43.351386286999968,-21.674241986351696],[-43.352085900999953,-21.674379903351721],[-43.352531230999944,-21.674519808351686],[-43.353249452999933,-21.674721131351671],[-43.35386925499995,-21.674867279351663],[-43.354371684999933,-21.674872264351709],[-43.355036187999985,-21.674964659351676],[-43.355480040999964,-21.674969058351707],[-43.356366722999951,-21.675068166351675],[-43.356110205999983,-21.675160464351698],[-43.355876788999986,-21.675239440351696],[-43.355476044999932,-21.675321275351692],[-43.355207323999934,-21.675530868351668],[-43.35481730999993,-21.676050869351684],[-43.35480378099993,-21.676497830351639],[-43.354892857999971,-21.67721677335161],[-43.354990742999973,-21.677691935351632],[-43.35492797399997,-21.678007440351635],[-43.354910946999951,-21.67833694835161],[-43.354861968999963,-21.678395170351624],[-43.354797072999922,-21.678525494351618],[-43.35479061399996,-21.67909445935155],[-43.354883210999958,-21.679343763351568],[-43.354904241999975,-21.679619453351588],[-43.355026486999975,-21.680076793351546],[-43.355090970999981,-21.680727750351529],[-43.355206955999961,-21.681045028351541],[-43.355419026999982,-21.681304549351513],[-43.35560897899996,-21.681437399351513],[-43.355970328999938,-21.681494295351552],[-43.355625131999943,-21.681451108351528],[-43.354938275999984,-21.681806191351516],[-43.354260917999966,-21.682393345351517],[-43.353678300999945,-21.682926448351513],[-43.352850234999956,-21.683314140351509],[-43.352340828999964,-21.683617015351487],[-43.351902385999949,-21.683887600351493],[-43.351534407999964,-21.684169881351441],[-43.350925239999981,-21.684966652351431],[-43.350377270999957,-21.685555072351399],[-43.34980551599994,-21.686165251351426],[-43.34922023799993,-21.68692926035137],[-43.349026600999935,-21.687400229351407],[-43.348818689999973,-21.688091007351364],[-43.349032336999983,-21.688961944351355],[-43.349168386999963,-21.689414202351344],[-43.349159864999933,-21.690161953351328],[-43.349533364999957,-21.690429613351345],[-43.350105004999932,-21.690864207351286],[-43.35069004199994,-21.691155965351282],[-43.351590383999962,-21.691659810351297],[-43.35230697999998,-21.691765910351275],[-43.352635551999981,-21.691846158351289],[-43.353058249999947,-21.691927340351256],[-43.353599483999972,-21.691932714351267],[-43.354103921999979,-21.692069693351247],[-43.354737286999978,-21.692251941351241],[-43.355559034999942,-21.692425057351276],[-43.358863669999948,-21.692600766351234],[-43.359590116999982,-21.69183811935126],[-43.360075510999934,-21.691578978351259],[-43.360347870999931,-21.691427703351305],[-43.360484176999925,-21.691222384351281],[-43.360716362999938,-21.691459518351316],[-43.361006288999924,-21.691886897351271],[-43.361092022999962,-21.692050325351268],[-43.361320425999956,-21.692310001351249],[-43.361476855999967,-21.69257799735124],[-43.361755854999956,-21.693971715351232],[-43.361928389999946,-21.694257935351192],[-43.36212626799994,-21.694386340351194],[-43.362323533999984,-21.694568933351221],[-43.36250515699993,-21.694692661351208],[-43.362717462999967,-21.694934111351198],[-43.362852181999983,-21.695039312351177],[-43.362986295999974,-21.695144507351177],[-43.36318121599993,-21.695534817351177],[-43.363306101999967,-21.695761856351211],[-43.363318325999956,-21.696123264351201],[-43.363251956999932,-21.696330351351175],[-43.363097246999978,-21.69660430635118],[-43.362974953999981,-21.696842452351142],[-43.362725016999946,-21.697097402351133],[-43.362521773999958,-21.697443135351133],[-43.362144804999957,-21.697660700351143],[-43.361814986999939,-21.6979284083511],[-43.361706452999947,-21.698338301351139],[-43.361608469999972,-21.698563138351084],[-43.361423655999936,-21.699414855351122],[-43.361268936999977,-21.699688808351084],[-43.361079600999965,-21.700192740351092],[-43.361029124999959,-21.700436111351099],[-43.361011479999945,-21.700607548351101],[-43.361080030999972,-21.700901772351045],[-43.361299223999929,-21.701229099351075],[-43.361439140999941,-21.701569190351066],[-43.361618829999948,-21.701864512351051],[-43.361759564999943,-21.702132354351015],[-43.361869566999985,-21.702286988351023],[-43.36197707599996,-21.702608694351049],[-43.36207096499993,-21.702799298350993],[-43.362196058999984,-21.703008275350985],[-43.362351631999957,-21.70335303635099],[-43.362507666999932,-21.703657156350992],[-43.362726253999938,-21.704038669350957],[-43.362883106999966,-21.704270539350997],[-43.363057781999935,-21.704475490350998],[-43.363166536999984,-21.70458043435098],[-43.363404787999976,-21.704772463350984],[-43.363523359999938,-21.704863956350941],[-43.363735034999934,-21.705055722350927],[-43.36392456599998,-21.705229204350964],[-43.364066840999946,-21.705361577350935],[-43.364267202999933,-21.705485489350941],[-43.364595206999979,-21.70564678935094],[-43.364764365999974,-21.705752329350922],[-43.364722416999939,-21.705882883350927],[-43.364641206999977,-21.706013048350961],[-43.364568488999964,-21.706247169350959],[-43.364434696999979,-21.706593588350934],[-43.36417135399995,-21.706857439350919],[-43.36403929599993,-21.707050327350935],[-43.363886189999967,-21.707288170350907],[-43.363673530999954,-21.707557037350888],[-43.363441152999933,-21.707753450350911],[-43.362854762999966,-21.708271527350878],[-43.362692755999952,-21.708441538350904],[-43.36256197199998,-21.708521535350897],[-43.362223796999956,-21.708351098350892],[-43.361965404999978,-21.708176932350874],[-43.361638266999933,-21.707938862350911],[-43.361268533999976,-21.707781659350907],[-43.360628740999971,-21.707680492350882],[-43.36041623899996,-21.707615165350926],[-43.359990578999941,-21.707489018350923],[-43.359862527999958,-21.707487752350893],[-43.359791560999952,-21.707459953350888],[-43.359520713999984,-21.707425658350907],[-43.359194759999973,-21.707350175350925],[-43.358930005999987,-21.707311425350877],[-43.35864089599994,-21.707236303350882],[-43.358300558999986,-21.707097450350933],[-43.357960314999957,-21.707003757350883],[-43.357478034999986,-21.706863496350934],[-43.356797006999955,-21.706617391350907],[-43.356627290999938,-21.706561515350931],[-43.355916184999955,-21.706464141350921],[-43.355774241999939,-21.706462733350932],[-43.355588809999972,-21.70646089335095],[-43.355304319999959,-21.706458070350894],[-43.354875793999952,-21.706584783350937],[-43.354214981999981,-21.706898865350922],[-43.353856636999978,-21.707175303350926],[-43.353112901999964,-21.707556297350873],[-43.352578861999973,-21.70793034135087],[-43.351830455999959,-21.708455797350855],[-43.35126409999998,-21.708802418350853],[-43.350816130999938,-21.709150215350864],[-43.350385125999942,-21.709281407350886],[-43.349805708999952,-21.709501442350859],[-43.34942007099994,-21.709574375350876],[-43.349289389999974,-21.70980339335085],[-43.34864824899995,-21.709873779350854],[-43.348262658999936,-21.709942194350823],[-43.347878498999926,-21.709938364350855],[-43.347493735999933,-21.709934527350853],[-43.347175303999961,-21.709782320350868],[-43.346793170999945,-21.709548189350873],[-43.346538819999985,-21.709392105350833],[-43.346026004999942,-21.709386987350857],[-43.345704994999956,-21.709460556350841],[-43.34512639899998,-21.70960832635085],[-43.344676456999935,-21.709757378350819],[-43.343840924999938,-21.709974833350874],[-43.343455282999969,-21.710047752350857],[-43.34313339299996,-21.710198080350818],[-43.342812379999941,-21.710271643350811],[-43.342552203999958,-21.710571617350837],[-43.341974203999939,-21.710719382350845],[-43.341521063999949,-21.711094196350828],[-43.341133382999942,-21.71139740835082],[-43.340744265999945,-21.711772862350809],[-43.340038407999934,-21.712691584350789],[-43.339613628999984,-21.713120870350757],[-43.339463011999946,-21.713453549350746],[-43.339312587999984,-21.713664296350782],[-43.339099287999936,-21.71403699135071],[-43.33885651099996,-21.714346166350747],[-43.338588051999977,-21.714682179350728],[-43.337785338999936,-21.715089604350705],[-43.337638556999934,-21.715088131350718],[-43.337259334999942,-21.715179163350715],[-43.336540074999959,-21.715158395350699],[-43.336062932999937,-21.715149087350738],[-43.335517480999954,-21.715143609350694],[-43.335244452999966,-21.715140865350712],[-43.334643738999951,-21.714425808350757],[-43.334219434999966,-21.713920261350729],[-43.333958809999956,-21.713732482350743],[-43.33372187599997,-21.713323655350745],[-43.333619873999965,-21.71310585935074],[-43.333446385999927,-21.712643476350799],[-43.333191154999952,-21.71204027435077],[-43.332922190999966,-21.711685316350785],[-43.332776348999978,-21.711602561350787],[-43.33205942099994,-21.711852760350776],[-43.33147801299998,-21.712190126350766],[-43.330980770999922,-21.71251027335078],[-43.33030340799997,-21.712995698350788],[-43.330124176999959,-21.713084212350747],[-43.329666759999952,-21.713617012350777],[-43.329347803999958,-21.713929918350747],[-43.328808403999972,-21.714290278350735],[-43.328492551999943,-21.714386445350708],[-43.327989253999931,-21.714340722350752],[-43.327508060999946,-21.714159740350727],[-43.327047254999968,-21.714096379350732],[-43.326274592999937,-21.713731809350747],[-43.325103293999973,-21.713309014350742],[-43.324813394999978,-21.712989960350757],[-43.324564023999983,-21.712770668350764],[-43.324253270999975,-21.712374631350809],[-43.324317843999943,-21.712275931350796],[-43.324529009999942,-21.712142586350797],[-43.324781568999974,-21.712086431350809],[-43.325197161999938,-21.711566771350821],[-43.32545222899995,-21.711293871350801],[-43.326115716999936,-21.71018059635086],[-43.326523171999952,-21.709475695350861],[-43.326719281999942,-21.708995586350859],[-43.326745890999973,-21.708930443350887],[-43.326890588999959,-21.708576196350876],[-43.326931179999974,-21.708448283350855],[-43.326941352999938,-21.707594975350879],[-43.326874264999958,-21.706348957350954],[-43.326595365999935,-21.705664727350918],[-43.326477685999976,-21.705331917350957],[-43.326459764999989,-21.705199995350974],[-43.326569610999961,-21.704528775350983],[-43.326552267999944,-21.704346890350962],[-43.326416248999976,-21.703918496350987],[-43.326206114999934,-21.703593838351001],[-43.325684434999971,-21.703306917351007],[-43.325254318999946,-21.703089062350987],[-43.325061632999962,-21.702937204351009],[-43.32495832799998,-21.702622709351019],[-43.324907596999935,-21.702385973351049],[-43.32500388699998,-21.702046238351052],[-43.325010429999963,-21.701900936351024],[-43.326535330999945,-21.695417511351184],[-43.325818507999948,-21.695098956351206],[-43.325360175999947,-21.694878967351205],[-43.32496195899995,-21.694774443351204],[-43.324638885999946,-21.694814251351215],[-43.324252707999968,-21.69499699435119],[-43.32389608699998,-21.695280537351202],[-43.323401218999948,-21.695562682351166],[-43.323153118999983,-21.695761175351191],[-43.322859100999949,-21.695944848351171],[-43.32258094499997,-21.69608560835119],[-43.322288255999986,-21.696154433351147],[-43.322134647999974,-21.696152879351153],[-43.321952813999985,-21.695935678351162],[-43.321696170999992,-21.695545431351189],[-43.321424667999963,-21.695111961351184],[-43.321276886999954,-21.694607956351213],[-43.321173354999985,-21.694262332351244],[-43.320993355999974,-21.6938872173512],[-43.320691303999979,-21.693439080351233],[-43.320512636999986,-21.69294911935128],[-43.320288056999971,-21.69244433635124],[-43.320263662999935,-21.691898509351251],[-43.319758435999979,-21.691749817351273],[-43.319807847999982,-21.69146317135128],[-43.320089660999948,-21.691006589351311],[-43.320216372999937,-21.690677654351305],[-43.320451437999964,-21.690278029351298],[-43.320732249999935,-21.68990758035131],[-43.320889677999958,-21.689578955351305],[-43.321015054999975,-21.689364863351351],[-43.321143425999928,-21.688892370351354],[-43.321282096999937,-21.688566694351355],[-43.321466812999965,-21.688285903351343],[-43.32172597999994,-21.687545532351361],[-43.321889262999946,-21.686876872351402],[-43.321910751999958,-21.686513669351402],[-43.322149639999964,-21.686031523351392],[-43.322083232999937,-21.685796648351399],[-43.322035507999942,-21.685440818351413],[-43.321955188999937,-21.684915064351408],[-43.321770631999982,-21.684436711351477],[-43.322817764999968,-21.682636567351512],[-43.32268294499994,-21.68263179635149],[-43.322566822999939,-21.682586331351516],[-43.322443764999946,-21.682510130351499],[-43.322408616999951,-21.682397340351507],[-43.322355323999943,-21.682277555351529],[-43.32226499199993,-21.6822084993515],[-43.322199937999976,-21.682160142351528],[-43.322186145999979,-21.682091860351505],[-43.322241844999951,-21.682003841351527],[-43.322337753999932,-21.681906004351536],[-43.322448558999952,-21.681781064351512],[-43.322461267999984,-21.681627873351527],[-43.322404369999958,-21.681504644351534],[-43.322310392999952,-21.681435551351559],[-43.322227350999981,-21.681366570351528],[-43.32217421699994,-21.681233157351521],[-43.322101990999954,-21.681174505351507],[-43.322014555999942,-21.681170214351532],[-43.321919828999967,-21.681165849351547],[-43.321778666999933,-21.681079244351555],[-43.321728388999929,-21.681014001351507],[-43.321678544999948,-21.680911284351573],[-43.321632149999971,-21.680825638351571],[-43.321578305999935,-21.680753544351557],[-43.32153076499997,-21.68076669235154],[-43.321476132999976,-21.680762732351521],[-43.321407471999976,-21.680710931351541],[-43.321364248999942,-21.680666201351531],[-43.321302363999962,-21.68065876135153],[-43.321236757999941,-21.680658098351564],[-43.321211086999938,-21.680671466351559],[-43.321156532999964,-21.680660693351573],[-43.321116874999973,-21.680622813351537],[-43.321077136999975,-21.680591747351514],[-43.321026740999969,-21.680536723351569],[-43.320839341999942,-21.680350845351548],[-43.320771432999948,-21.680234317351584],[-43.320713747999946,-21.680179220351551],[-43.320605351999973,-21.680096353351548],[-43.320471836999957,-21.679979161351543],[-43.32036355799994,-21.679886073351572],[-43.320255123999978,-21.679806613351587],[-43.320194386999951,-21.679700378351551],[-43.320166135999955,-21.679621730351553],[-43.320137332999941,-21.679590774351563],[-43.320141451999973,-21.679549931351541],[-43.320101871999945,-21.679505238351595],[-43.320044700999972,-21.679405854351593],[-43.320003293999953,-21.679204417351553],[-43.319987834999949,-21.678965765351595],[-43.319989769999957,-21.678798838351611],[-43.320023993999939,-21.678676529351595],[-43.320076400999938,-21.678557813351571],[-43.320074139999974,-21.678438542351611],[-43.320074612999974,-21.678397663351575],[-43.320123218999981,-21.678292535351602],[-43.320127930999945,-21.678200592351573],[-43.320198955999956,-21.678047993351591],[-43.320226049999974,-21.677911983351589],[-43.320286299999964,-21.677745647351585],[-43.320328484999948,-21.677565499351619],[-43.320337273999939,-21.677436119351647],[-43.320338181999944,-21.677357765351623],[-43.320374865999952,-21.677337694351621],[-43.320393680999985,-21.677286779351647],[-43.320442286999935,-21.677181651351614],[-43.320461180999985,-21.677123922351633],[-43.320435983999971,-21.677096410351659],[-43.320425800999942,-21.677031573351634],[-43.320343352999942,-21.676911490351621],[-43.320257695999942,-21.676753898351638],[-43.320222275999981,-21.676664955351654],[-43.32017924899997,-21.676603192351635],[-43.320103617999962,-21.676524064351657],[-43.320050211999963,-21.676414497351619],[-43.320011264999941,-21.676315296351664],[-43.319943121999984,-21.67621920935164],[-43.319886188999931,-21.676099384351627],[-43.319810795999956,-21.675999816351634],[-43.319834123999954,-21.675873990351647],[-43.319867715999976,-21.67580618935165],[-43.319933713999951,-21.675772786351683],[-43.320010608999951,-21.675742901351668],[-43.320029226999964,-21.67570902035164],[-43.320022411999958,-21.675668064351683],[-43.319946781999938,-21.675588937351694],[-43.319853361999947,-21.675472149351677],[-43.319774442999972,-21.675362324351699],[-43.319691365999972,-21.675296749351695],[-43.319623064999973,-21.675214287351665],[-43.319561775999951,-21.675155746351685],[-43.319500369999957,-21.675107425351673],[-43.319457424999946,-21.675038848351694],[-43.319381635999946,-21.674973346351667],[-43.319327519999952,-21.674925099351668],[-43.319280651999975,-21.674880332351698],[-43.319212154999938,-21.67481490435167],[-43.31918739199994,-21.674749918351694],[-43.319188063999945,-21.674692005351666],[-43.319202878999931,-21.674671713351678],[-43.319253982999953,-21.674665417351697],[-43.319290666999969,-21.674645346351699],[-43.319298192999952,-21.674624979351716],[-43.319288010999969,-21.674560141351709],[-43.31928523299996,-21.674485158351718],[-43.31928622099997,-21.674399990351713],[-43.319090278999965,-21.674323050351678],[-43.318818549999953,-21.674180607351722],[-43.318524954999937,-21.67403794235172],[-43.318304172999945,-21.673902829351722],[-43.31801442099993,-21.673743167351688],[-43.317750141999959,-21.673587169351727],[-43.317391734999944,-21.673375704351724],[-43.316964438999946,-21.673132875351723],[-43.316475659999988,-21.672848537351761],[-43.316080850999981,-21.672633291351726],[-43.315849672999946,-21.672484523351752],[-43.315445091999948,-21.67224788335173],[-43.315151838999952,-21.672076256351751],[-43.314831253999955,-21.671904350351767],[-43.314556662999962,-21.671773796351765],[-43.314238453999963,-21.671632577351765],[-43.313871046999964,-21.671490858351774],[-43.313187691999985,-21.671248826351768],[-43.312646061999935,-21.671044005351746],[-43.311946399999954,-21.670794136351798],[-43.31185923299995,-21.670768650351778],[-43.311774573999969,-21.670736618351793],[-43.311692983999933,-21.670698252351787],[-43.311615005999954,-21.670653807351769],[-43.311541154999929,-21.670603578351759],[-43.311471922999942,-21.670547898351767],[-43.311407767999981,-21.670487136351788],[-43.311349114999992,-21.670421697351774],[-43.31129635599995,-21.670352011351817],[-43.311249835999945,-21.670278544351802],[-43.311188318999932,-21.670202520351808],[-43.311121319999984,-21.670130658351781],[-43.31104916299995,-21.670063299351831],[-43.310972192999941,-21.670000770351781],[-43.310890778999976,-21.669943368351802],[-43.310805310999967,-21.669891371351788],[-43.310716198999955,-21.669845024351815],[-43.310623869999972,-21.669804553351792],[-43.31051838399997,-21.669766165351774],[-43.31041486099997,-21.669723367351803],[-43.310313507999979,-21.669676246351781],[-43.310214533999954,-21.669624897351788],[-43.310118138999947,-21.669569427351792],[-43.309607092999954,-21.669321470351793],[-43.309158766999985,-21.669086925351841],[-43.308756581999944,-21.668880958351853],[-43.308370768999964,-21.66867771335183],[-43.307979995999979,-21.668430975351853],[-43.307852300999969,-21.668353367351827],[-43.307832176999966,-21.668383600351842],[-43.307883715999935,-21.668119336351843],[-43.308000890999949,-21.667988605351827],[-43.308447215999934,-21.66772671035184],[-43.308739441999933,-21.667110992351844],[-43.308463069999959,-21.666367546351868],[-43.308243202999954,-21.666216276351868],[-43.307936804999947,-21.665355107351928],[-43.308133675999954,-21.664733901351941],[-43.309546933999968,-21.663063820351994],[-43.310025861999968,-21.662342794352003],[-43.311068571999954,-21.661603058352007],[-43.311083811999936,-21.661647365352],[-43.311253165999972,-21.661633284351982],[-43.311307457999931,-21.661581645351998],[-43.311459142999979,-21.66144809035201],[-43.311645931999976,-21.661321215352025],[-43.311998746999961,-21.661088221351992],[-43.31228664899993,-21.660957481352025],[-43.312394036999933,-21.660901961352028],[-43.312583064999956,-21.660892806352049],[-43.312669047999968,-21.660913814352003],[-43.312754563999931,-21.660975091352],[-43.312818524999948,-21.661036146352011],[-43.312925360999941,-21.661117775352032],[-43.313267337999939,-21.661296300351982],[-43.313443421999978,-21.661361014352003],[-43.313545169999941,-21.661358279351994],[-43.31366242799993,-21.661355372351988],[-43.313780120999986,-21.661372300352028],[-43.313906145999965,-21.661397176352029],[-43.314001204999954,-21.661440170352034],[-43.314118006999934,-21.661493886351991],[-43.314336264999952,-21.661591924352035],[-43.314625453999945,-21.661730695351995],[-43.314792352999973,-21.661805533351984],[-43.314928696999971,-21.661861322352021],[-43.315013317999949,-21.661951966351975],[-43.315098294999984,-21.662094704351983],[-43.315278718999934,-21.662301570351978],[-43.315321994999969,-21.662427396351951],[-43.315309352999968,-21.662590185351959],[-43.315278797999952,-21.662748379352003],[-43.315305836999983,-21.662855638351946],[-43.315427639999939,-21.662961363351975],[-43.315693858999964,-21.663152146351962],[-43.315927498999933,-21.663259006351979],[-43.316239301999978,-21.66337710635198],[-43.316333257999929,-21.663421521351975],[-43.316440846999967,-21.66335825435193],[-43.316635127999973,-21.663237303351966],[-43.316946408999961,-21.663164851351972],[-43.317332224999966,-21.66301630835196],[-43.31757595299996,-21.662889111351976],[-43.317834990999984,-21.66273500235198],[-43.31816064199996,-21.662623364351962],[-43.318706411999983,-21.662581536351965],[-43.318815718999979,-21.662514244351978],[-43.318916853999951,-21.662473473352001],[-43.319062237999958,-21.662474946351999],[-43.319129460999932,-21.662465176351979],[-43.319532426999949,-21.662437911351997],[-43.320181064999986,-21.662444476351979],[-43.320505505999961,-21.662437309352008],[-43.320729415999942,-21.662418675351987],[-43.321019336999939,-21.662494751351943],[-43.321197910999956,-21.662527903351972],[-43.321506726999992,-21.662559999351942],[-43.321790994999958,-21.662502555351963],[-43.321925076999946,-21.662514360352009],[-43.322315648999961,-21.662591451351979],[-43.323104888999978,-21.662860699351974],[-43.323514189999976,-21.662982341351974],[-43.323774905999983,-21.66303132835198],[-43.324083083999938,-21.663048185351983],[-43.324212600999935,-21.663054672351997],[-43.324536369999976,-21.663145563351943],[-43.324758410999948,-21.663199671351972],[-43.324976947999971,-21.663239075351981],[-43.325215286999942,-21.663287977351974],[-43.325503237999953,-21.663268473351962],[-43.325702668999952,-21.663164162351976],[-43.325827140999934,-21.663019611351984],[-43.326077810999948,-21.66278611035197],[-43.326153292999955,-21.662738270351984],[-43.326287674999939,-21.662657136351971],[-43.326308437999948,-21.662582950351961],[-43.326260711999964,-21.662405779352],[-43.326190312999984,-21.661605324352024],[-43.326163459999982,-21.661344670352001],[-43.326120344999936,-21.660767673352005],[-43.32611555099993,-21.660683518352045],[-43.326130311999975,-21.660549283352026],[-43.32619430699998,-21.660396443352045],[-43.326344568999957,-21.660314263352053],[-43.326531014999944,-21.660271133352051],[-43.326690352999947,-21.660172688352056],[-43.326808390999929,-21.660083060352047],[-43.327024359999939,-21.659949191352034],[-43.32712614999997,-21.659866471352053],[-43.327290048999942,-21.659692490352025],[-43.327302105999934,-21.659457324352058],[-43.327166941999963,-21.659174277352076],[-43.327107102999946,-21.658921974352054],[-43.326955619999978,-21.658478430352055],[-43.326937341999951,-21.658340524352099],[-43.326870030999942,-21.658135259352072],[-43.326810703999968,-21.658012656352103],[-43.326802398999973,-21.657957888352072],[-43.326924220999956,-21.657755846352114],[-43.32702564899995,-21.657588162352095],[-43.327248345999976,-21.65733363735211],[-43.327328196999993,-21.657247133352083],[-43.327518585999947,-21.657137459352093],[-43.327679006999972,-21.657036781352137],[-43.327839214999983,-21.65695469935212],[-43.327944554999931,-21.656907414352137],[-43.328270863999926,-21.65683080835209],[-43.328428352999936,-21.656793242352141],[-43.328718669999944,-21.656772698352096],[-43.32887654499995,-21.656769856352135],[-43.329265298999985,-21.656789971352122],[-43.329349325999935,-21.656717260352142]]]},"properties":{"OBJECTID":97,"nro":16,"nome":"Grama","qtd_contrib_oficina_1_centro":null,"qtd_contrib_oficina_2_oeste":null,"qtd_contrib_oficina_3_leste":null,"qtd_contrib_oficina_4_nordeste":10,"qtd_contrib_oficina_5_vilas_nu":null,"qtd_contrib_oficina_6_n_co":null,"qtd_contrib_oficina_7_sudeste":null,"qtd_contrib_oficina_8_sul":null,"qtd_inscricoes_vaf":116,"observacao":"-","fonte":"PDDU","ano":"2000","vaf_2018":19918855,"vaf_2019":25433895,"vaf_2020":22170162,"vaf_2021":19709811,"vaf_2022":19059741,"bairro_dado_vinculado":"-","regiao_planejamento":"Nordeste","shape.STArea()":0.0016698522173321983,"shape.STLength()":0.23329962159055601}},{"type":"Feature","id":98,"geometry":{"type":"Polygon","coordinates":[[[-43.442959804999923,-21.671490984351742],[-43.443104257999948,-21.671260697351784],[-43.444577397999979,-21.670878248351755],[-43.449874343999966,-21.673988225351696],[-43.451918648999936,-21.675188411351677],[-43.454331581999945,-21.676604960351643],[-43.454790788999958,-21.676874536351619],[-43.459529043999964,-21.679655996351556],[-43.456636630999981,-21.684841854351433],[-43.455701630999961,-21.684633528351434],[-43.454928593999966,-21.684296388351449],[-43.453908361999936,-21.683967940351444],[-43.452971198999926,-21.683574272351493],[-43.452047687999936,-21.683004757351508],[-43.451665759999969,-21.682407301351496],[-43.451087228999938,-21.681489065351549],[-43.450356926999973,-21.680459430351569],[-43.449877120999986,-21.679113190351568],[-43.449218137999928,-21.678018230351604],[-43.448871529999963,-21.677421097351633],[-43.448327270999982,-21.676602155351624],[-43.447597247999965,-21.675550517351681],[-43.446866172999933,-21.674597847351702],[-43.446763349999969,-21.674310937351699],[-43.446074278999966,-21.673831571351737],[-43.445795100999931,-21.673532011351718],[-43.44512956799997,-21.673052862351735],[-43.444417686999948,-21.672507289351728],[-43.44355168799995,-21.672070247351751],[-43.443247098999962,-21.671946412351748],[-43.44300168999996,-21.671790138351746],[-43.442619781999952,-21.671659410351761],[-43.442515005999951,-21.671646358351769],[-43.442656666999937,-21.671655240351747],[-43.442959804999923,-21.671490984351742]]]},"properties":{"OBJECTID":98,"nro":22,"nome":"Vila Esperança","qtd_contrib_oficina_1_centro":null,"qtd_contrib_oficina_2_oeste":null,"qtd_contrib_oficina_3_leste":null,"qtd_contrib_oficina_4_nordeste":null,"qtd_contrib_oficina_5_vilas_nu":null,"qtd_contrib_oficina_6_n_co":null,"qtd_contrib_oficina_7_sudeste":null,"qtd_contrib_oficina_8_sul":null,"qtd_inscricoes_vaf":null,"observacao":"-","fonte":"PDDU","ano":"2000","vaf_2018":null,"vaf_2019":null,"vaf_2020":null,"vaf_2021":null,"vaf_2022":null,"bairro_dado_vinculado":"-","regiao_planejamento":"Norte","shape.STArea()":7.5850669737975013e-05,"shape.STLength()":0.045819207025547003}},{"type":"Feature","id":99,"geometry":{"type":"Polygon","coordinates":[[[-43.436862833999953,-21.676967457351658],[-43.437540326999965,-21.676335957351668],[-43.438597141999935,-21.675444072351656],[-43.438990720999982,-21.674952866351678],[-43.439965042999972,-21.67407119535169],[-43.440420984999946,-21.673250632351721],[-43.440587232999974,-21.673109220351719],[-43.441253754999941,-21.672400613351748],[-43.44158825399996,-21.671930842351724],[-43.442326537999975,-21.671521171351728],[-43.442281325999936,-21.671344613351785],[-43.442329508999926,-21.671525715351777],[-43.442402573999971,-21.671639307351764],[-43.442515005999951,-21.671646358351769],[-43.442619781999952,-21.671659410351761],[-43.44300168999996,-21.671790138351746],[-43.443247098999962,-21.671946412351748],[-43.44355168799995,-21.672070247351751],[-43.444417686999948,-21.672507289351728],[-43.44512956799997,-21.673052862351735],[-43.445795100999931,-21.673532011351718],[-43.446074278999966,-21.673831571351737],[-43.446763349999969,-21.674310937351699],[-43.446866172999933,-21.674597847351702],[-43.447597247999965,-21.675550517351681],[-43.448327270999982,-21.676602155351624],[-43.44877908899997,-21.677282004351611],[-43.448871529999963,-21.677421097351633],[-43.449106823999955,-21.677826459351603],[-43.449218137999928,-21.678018230351604],[-43.449877120999986,-21.679113190351568],[-43.450356926999973,-21.680459430351569],[-43.451087228999938,-21.681489065351549],[-43.451665759999969,-21.682407301351496],[-43.452047687999936,-21.683004757351508],[-43.452971198999926,-21.683574272351493],[-43.453908361999936,-21.683967940351444],[-43.454928593999966,-21.684296388351449],[-43.455701630999961,-21.684633528351434],[-43.456636630999981,-21.684841854351433],[-43.452914413999956,-21.691514814351279],[-43.451703658999982,-21.69813448535113],[-43.45137035099998,-21.697894938351144],[-43.451243026999975,-21.697826005351139],[-43.451180209999961,-21.697814541351125],[-43.450356026999941,-21.697847237351141],[-43.449944261999974,-21.697766323351107],[-43.449739614999935,-21.697610280351167],[-43.449369108999967,-21.697529751351155],[-43.449165289999939,-21.697296649351127],[-43.449086074999961,-21.69698764935119],[-43.448924751999982,-21.696639348351159],[-43.448802627999946,-21.696484077351172],[-43.448517117999984,-21.696173146351182],[-43.448025731999962,-21.695821755351155],[-43.447617276999949,-21.695432609351197],[-43.447289687999948,-21.695198346351212],[-43.447046682999932,-21.69477221535119],[-43.44671950999998,-21.694499423351214],[-43.446309409999969,-21.694264387351222],[-43.445859705999965,-21.6938748493512],[-43.445573380999974,-21.693640971351243],[-43.445039097999938,-21.693443299351234],[-43.44454814299997,-21.693053371351237],[-43.444263063999983,-21.692703906351252],[-43.444018416999938,-21.692431884351269],[-43.443608739999945,-21.692158313351289],[-43.443159463999962,-21.691730240351276],[-43.442832719999956,-21.691418914351264],[-43.442423049999945,-21.691145339351273],[-43.442218005999962,-21.691027816351298],[-43.441926720999959,-21.691256274351279],[-43.441592933999971,-21.691599928351277],[-43.441384159999984,-21.691829161351301],[-43.441092457999957,-21.6920961453513],[-43.440926183999977,-21.692210178351285],[-43.440758664999976,-21.692439797351263],[-43.440550718999923,-21.692591970351256],[-43.440383199999985,-21.692821589351233],[-43.440133166999942,-21.693050431351249],[-43.439884375999952,-21.693163687351262],[-43.439636828999937,-21.693161357351226],[-43.439471798999932,-21.693159805351282],[-43.439263850999964,-21.693311976351236],[-43.439053825999963,-21.693656790351241],[-43.438883809999929,-21.694117577351239],[-43.438755052999966,-21.694578752351223],[-43.438669629999936,-21.694847673351212],[-43.438625462999937,-21.695116982351177],[-43.438580881999947,-21.695424820351185],[-43.438577142999975,-21.695771576351184],[-43.438490887999926,-21.696117554351162],[-43.438487149999958,-21.696464309351153],[-43.438524253999951,-21.696849980351153],[-43.43847883899997,-21.69723487635116],[-43.438392582999938,-21.697580853351148],[-43.438184211999953,-21.697771552351117],[-43.437728284999942,-21.697959917351163],[-43.437439472999976,-21.697957195351126],[-43.437134528999941,-21.697991679351148],[-43.437036680999938,-21.697990756351135],[-43.436864540999977,-21.697989133351125],[-43.436739985999964,-21.698023791351133],[-43.436566298999935,-21.698085678351152],[-43.436441313999978,-21.6980890043511],[-43.436193448999973,-21.698095602351131],[-43.43610296099996,-21.698031628351124],[-43.436051315999968,-21.697995339351152],[-43.435975008999954,-21.697940313351115],[-43.435903625999963,-21.697888836351108],[-43.435711756999979,-21.697842773351155],[-43.435589143999941,-21.697841617351106],[-43.435523119999964,-21.697859988351116],[-43.435266682999952,-21.697947154351134],[-43.435241373999929,-21.697955756351107],[-43.435186592999969,-21.697955239351117],[-43.434992425999951,-21.697932455351111],[-43.43490040599994,-21.697907375351107],[-43.434827206999955,-21.697861521351161],[-43.434705619999932,-21.697765534351149],[-43.434578576999968,-21.697666193351147],[-43.434430615999922,-21.697489971351153],[-43.434414040999968,-21.697469225351142],[-43.434291965999932,-21.697418394351125],[-43.434255104999977,-21.69740671235115],[-43.433843587999945,-21.697236274351162],[-43.433802508999975,-21.697210541351129],[-43.433631821999938,-21.697163862351154],[-43.433499004999931,-21.697067671351146],[-43.433448406999958,-21.697044589351162],[-43.433387393999965,-21.69699887335118],[-43.433362630999966,-21.696998640351129],[-43.433265271999971,-21.696952556351174],[-43.433221139999937,-21.696974288351164],[-43.433112224999945,-21.697000789351144],[-43.433050507999951,-21.69700020635117],[-43.43300934399997,-21.696931109351187],[-43.432960468999958,-21.696849067351152],[-43.432899099999929,-21.696746053351159],[-43.432898927999929,-21.696745764351157],[-43.43276616299994,-21.696618843351153],[-43.43263269299996,-21.696507232351188],[-43.432617843999935,-21.696494816351183],[-43.43243932699994,-21.69645675335115],[-43.432386447999932,-21.696442950351148],[-43.432346416999962,-21.696454797351141],[-43.432157641999936,-21.696461393351189],[-43.432039569999972,-21.696429212351138],[-43.431763258999986,-21.696302609351189],[-43.431651774999978,-21.696232772351184],[-43.431541311999972,-21.696104015351157],[-43.431505600999969,-21.696044335351164],[-43.431387156999961,-21.695846390351196],[-43.431367554999952,-21.695815721351192],[-43.431330956999943,-21.695758456351182],[-43.431230344999953,-21.695601030351199],[-43.431188346999932,-21.695527305351209],[-43.431144184999937,-21.695469245351187],[-43.431070360999968,-21.695417367351176],[-43.430919986999982,-21.695349214351197],[-43.430863612999985,-21.695323665351218],[-43.430827441999945,-21.695301005351201],[-43.430625110999983,-21.695152713351206],[-43.430319785999984,-21.694955626351216],[-43.430179496999983,-21.694913652351207],[-43.430068705999929,-21.694880989351191],[-43.42985557999998,-21.694815744351217],[-43.429683963999935,-21.694754406351201],[-43.430096397999932,-21.694412265351229],[-43.430287046999979,-21.694194111351198],[-43.430620921999946,-21.693790349351254],[-43.431232808999937,-21.692707346351266],[-43.431770872999948,-21.691920585351298],[-43.432085131999941,-21.691153701351293],[-43.432471770999939,-21.690222533351296],[-43.43288526799995,-21.688983675351356],[-43.433168735999971,-21.687798577351369],[-43.433646037999956,-21.687187201351392],[-43.433866741999964,-21.686364440351419],[-43.434495564999963,-21.68479767135144],[-43.434728856999982,-21.683898041351462],[-43.435053531999984,-21.682163431351537],[-43.434958923999943,-21.68111773235152],[-43.434869897999931,-21.679555183351592],[-43.434901146999941,-21.678840611351557],[-43.434988135999959,-21.678412512351603],[-43.434991815999972,-21.678071611351587],[-43.435081415999946,-21.677401580351635],[-43.435540260999964,-21.677405908351624],[-43.436034758999938,-21.677377576351631],[-43.436434777999978,-21.677381346351602],[-43.436862833999953,-21.676967457351658]]]},"properties":{"OBJECTID":99,"nro":23,"nome":"Benfica","qtd_contrib_oficina_1_centro":null,"qtd_contrib_oficina_2_oeste":null,"qtd_contrib_oficina_3_leste":null,"qtd_contrib_oficina_4_nordeste":null,"qtd_contrib_oficina_5_vilas_nu":17,"qtd_contrib_oficina_6_n_co":null,"qtd_contrib_oficina_7_sudeste":null,"qtd_contrib_oficina_8_sul":null,"qtd_inscricoes_vaf":385,"observacao":"-","fonte":"PDDU","ano":"2000","vaf_2018":547656035,"vaf_2019":474069099,"vaf_2020":1418283298,"vaf_2021":798259786,"vaf_2022":638423784,"bairro_dado_vinculado":"Distrito Industrial","regiao_planejamento":"Norte","shape.STArea()":0.00039179723626980211,"shape.STLength()":0.094483459236205464}},{"type":"Feature","id":100,"geometry":{"type":"Polygon","coordinates":[[[-43.338524237999934,-21.79720309634877],[-43.339031257999977,-21.797370772348753],[-43.339304837999975,-21.797391586348731],[-43.339608845999983,-21.797394643348749],[-43.339843431999952,-21.797442160348737],[-43.340092483999967,-21.79759820934872],[-43.340310485999964,-21.797826200348762],[-43.340399895999944,-21.797935483348724],[-43.340444580999979,-21.798044317348729],[-43.340519954999934,-21.798112814348752],[-43.340625078999942,-21.798222254348712],[-43.34076736399993,-21.798359165348735],[-43.340857378999949,-21.798468453348715],[-43.340999229999966,-21.798695679348754],[-43.341089243999932,-21.798804968348712],[-43.34119374699997,-21.798968594348725],[-43.341329091999967,-21.799078338348703],[-43.341593257999932,-21.799234535348738],[-43.341774590999933,-21.799340225348729],[-43.341859323999991,-21.799435911348731],[-43.341956664999934,-21.799486564348683],[-43.342039500999931,-21.799537072348702],[-43.342108382999982,-21.799591956348706],[-43.342233940999961,-21.79960676434872],[-43.342400943999962,-21.7996445683487],[-43.342665703999963,-21.799696902348728],[-43.342790657999956,-21.799711704348681],[-43.342881421999948,-21.799703583348677],[-43.343397006999965,-21.799758431348717],[-43.343647658999942,-21.799828686348686],[-43.343875910999941,-21.800007099348697],[-43.344042032999937,-21.800121665348673],[-43.344208880999922,-21.800173014348658],[-43.344333783999957,-21.800192331348672],[-43.34487489199995,-21.800446135348682],[-43.344972803999951,-21.800447117348693],[-43.345153917999937,-21.800466996348675],[-43.345327553999937,-21.800559056348661],[-43.345465995999973,-21.800610119348651],[-43.345660076999934,-21.800711416348665],[-43.345777692999953,-21.800839043348649],[-43.345873498999936,-21.800970967348665],[-43.345927788999973,-21.801138603348676],[-43.345954242999937,-21.801256286348654],[-43.346009121999941,-21.801320060348658],[-43.346098332999929,-21.80144740234865],[-43.346181982999951,-21.801479852348642],[-43.346230023999972,-21.801507429348661],[-43.346341683999981,-21.801522095348634],[-43.346396874999982,-21.801558776348671],[-43.346570717999953,-21.801632773348622],[-43.346660135999969,-21.801742052348633],[-43.346728657999961,-21.801828544348673],[-43.34681096099996,-21.801978395348673],[-43.34686563399999,-21.802060232348648],[-43.34696183799997,-21.802210223348652],[-43.347015319999969,-21.802395916348637],[-43.347125994999942,-21.802496377348625],[-43.347220248999975,-21.802605704348643],[-43.347359142999949,-21.802828380348593],[-43.347469041999943,-21.80299657234864],[-43.34757818099996,-21.80317830534862],[-43.347715211999969,-21.80340547934863],[-43.347852810999939,-21.803582980348637],[-43.34801363899993,-21.803738134348592],[-43.348249914999933,-21.803903074348593],[-43.348552538999968,-21.804028033348583],[-43.348807742999952,-21.804071231348605],[-43.349232649999976,-21.804075478348597],[-43.349399572999971,-21.804068115348588],[-43.349682787999946,-21.804093525348616],[-43.350827817999971,-21.804082384348604],[-43.351819701999943,-21.803983902348602],[-43.352367217999983,-21.803944205348632],[-43.352876567999942,-21.803858965348603],[-43.353192193999966,-21.803798889348588],[-43.353359927999982,-21.803773464348605],[-43.353449986999976,-21.803774363348587],[-43.353617514999939,-21.803767001348618],[-43.35382377499996,-21.803755508348573],[-43.354029536999974,-21.803734980348583],[-43.354287431999978,-21.803701421348606],[-43.354506799999967,-21.803653931348631],[-43.354751397999962,-21.803620240348625],[-43.35497086799996,-21.803563718348599],[-43.355112611999971,-21.803538033348584],[-43.35526760099998,-21.803516997348609],[-43.355078977999945,-21.803677695348611],[-43.35497473199996,-21.803807622348604],[-43.354902156999962,-21.803969477348591],[-43.354815975999941,-21.804158292348585],[-43.354703634999964,-21.804414588348607],[-43.354636368999934,-21.804693911348576],[-43.354608313999961,-21.804874274348592],[-43.354598348999964,-21.805217393348567],[-43.35460160699995,-21.805461292348554],[-43.354672906999951,-21.805728449348553],[-43.354742984999973,-21.806049785348566],[-43.354869251999958,-21.806267814348548],[-43.354956680999976,-21.806499003348517],[-43.355031571999973,-21.806716518348544],[-43.355106013999936,-21.806920482348509],[-43.35518116399993,-21.807115420348502],[-43.355230735999953,-21.807273975348551],[-43.355278590999944,-21.807635736348498],[-43.355274721999933,-21.80797440034852],[-43.355246564999959,-21.808163792348491],[-43.355205249999983,-21.808393699348493],[-43.355026077999987,-21.808784809348495],[-43.354846345999931,-21.809013337348464],[-43.354563865999971,-21.809398902348448],[-43.35431596899997,-21.80966739334848],[-43.353891122999983,-21.809920572348442],[-43.353345554999976,-21.810475120348453],[-43.353013495999967,-21.810702126348431],[-43.352670736999983,-21.811177405348424],[-43.352447583999954,-21.81155452534842],[-43.352120003999971,-21.812129308348393],[-43.351858656999987,-21.812885393348413],[-43.351714038999944,-21.813741995348391],[-43.35163175699995,-21.815014694348324],[-43.351612090999936,-21.815253847348316],[-43.351620069999967,-21.816035200348335],[-43.351792610999951,-21.817174962348279],[-43.351673859999948,-21.817250549348305],[-43.351570031999984,-21.817448218348289],[-43.351518017999979,-21.817518306348266],[-43.35151635699998,-21.817520545348295],[-43.35134714099997,-21.817748565348289],[-43.351160825999955,-21.817864120348268],[-43.350962752999983,-21.81821439134826],[-43.350961222999956,-21.818225077348266],[-43.350542753999946,-21.818643590348245],[-43.350520431999939,-21.818639433348281],[-43.350077730999935,-21.818684804348269],[-43.349893636999973,-21.818782557348246],[-43.349746760999949,-21.818958933348252],[-43.349109728999963,-21.819329595348208],[-43.348734648999937,-21.819461004348224],[-43.348551698999977,-21.81945917334825],[-43.348347101999934,-21.819350420348233],[-43.348112911999976,-21.819163117348229],[-43.348007089999953,-21.819083807348246],[-43.347762931999974,-21.818929219348259],[-43.347504812999937,-21.81883415634827],[-43.347238825999966,-21.818760355348214],[-43.347056774999942,-21.818680280348254],[-43.346919967999952,-21.81864334134826],[-43.34673848999995,-21.818513474348272],[-43.346557745999974,-21.818319590348274],[-43.346460198999978,-21.818183452348265],[-43.346196667999948,-21.817896261348288],[-43.345994526999959,-21.817574113348282],[-43.345693575999974,-21.817218150348289],[-43.345550990999989,-21.817029020348265],[-43.345425852999931,-21.816792849348293],[-43.345312125999946,-21.816585571348288],[-43.345170216999982,-21.816410713348322],[-43.344996056999946,-21.816226713348332],[-43.344905485999966,-21.81614755434828],[-43.344668812999942,-21.816037981348309],[-43.344341688999968,-21.815894405348281],[-43.343946801999948,-21.815805264348292],[-43.343721003999967,-21.815784818348291],[-43.343424000999967,-21.815778298348285],[-43.343284474999969,-21.815794069348335],[-43.342938274999938,-21.815951460348298],[-43.342867357999978,-21.815941976348334],[-43.342746482999985,-21.815707717348293],[-43.342691964999972,-21.815493706348335],[-43.342626343999939,-21.815229618348351],[-43.342561930999977,-21.814978327348324],[-43.342464914999937,-21.814687568348337],[-43.342345816999966,-21.814437389348363],[-43.342203769999969,-21.814194094348348],[-43.342084510999939,-21.81395814234838],[-43.342026478999969,-21.813701463348373],[-43.342050547999968,-21.813525260348349],[-43.342122128999961,-21.813339620348369],[-43.342275386999972,-21.813137322348407],[-43.342398823999986,-21.813010514348402],[-43.342553406999976,-21.81282710734839],[-43.342511356999978,-21.812506563348375],[-43.342508648999967,-21.812079710348417],[-43.342594953999935,-21.811867164348421],[-43.342574707999972,-21.811639318348401],[-43.342531344999934,-21.811432583348395],[-43.342418971999962,-21.811260723348425],[-43.342264467999946,-21.811138851348414],[-43.34210864299996,-21.811040574348407],[-43.341939621999984,-21.810982614348418],[-43.341685294999934,-21.810990684348443],[-43.341461318999961,-21.810999056348422],[-43.341242281999939,-21.810908333348443],[-43.341077052999935,-21.810757956348443],[-43.340952960999971,-21.810633185348447],[-43.340827719999936,-21.810556239348472],[-43.340653932999949,-21.81052616634847],[-43.340546391999965,-21.810571699348458],[-43.340455212999984,-21.810701519348438],[-43.340370631999981,-21.810707443348427],[-43.34029119999996,-21.810685401348419],[-43.340245915999951,-21.810663700348432],[-43.34021209499997,-21.810635033348458],[-43.34018219099994,-21.810595782348429],[-43.340156162999961,-21.810549489348457],[-43.340013087999978,-21.810452445348432],[-43.339952710999967,-21.810423511348436],[-43.339862100999937,-21.81038365134841],[-43.339260932999935,-21.810326413348474],[-43.339006147999953,-21.810285222348433],[-43.338614513999971,-21.810146089348425],[-43.338263453999957,-21.810078178348459],[-43.337837920999959,-21.809995645348451],[-43.337583787999961,-21.809993623348458],[-43.337427330999958,-21.810008813348464],[-43.337180409999981,-21.81010713934845],[-43.336830593999935,-21.810068368348468],[-43.336731391999933,-21.810035324348434],[-43.336009345999976,-21.809719818348459],[-43.335769996999943,-21.809630886348476],[-43.335639706999984,-21.809613551348477],[-43.335464745999957,-21.809598969348471],[-43.335064539999969,-21.809463554348486],[-43.334660020999934,-21.80938707634845],[-43.334593086999966,-21.809387442348445],[-43.334517386999941,-21.809393825348479],[-43.334462784999971,-21.809364435348471],[-43.334425164999963,-21.80935123834848],[-43.334373683999956,-21.809340948348449],[-43.334325229999934,-21.80933912834848],[-43.334232444999941,-21.809348837348466],[-43.334152337999967,-21.809371983348459],[-43.333979774999932,-21.809402515348488],[-43.333809042999974,-21.809484669348475],[-43.333699087999946,-21.809492879348451],[-43.333508920999975,-21.809528240348474],[-43.333248095999977,-21.809628123348485],[-43.333116430999944,-21.809769828348454],[-43.332872166999948,-21.809955971348462],[-43.332870192999962,-21.809945036348484],[-43.332952317999961,-21.809821055348483],[-43.333046656999954,-21.809684337348454],[-43.333262972999933,-21.80937943334845],[-43.333448254999951,-21.809092280348469],[-43.333679836999984,-21.808773981348459],[-43.333850190999954,-21.808522804348474],[-43.334120634999977,-21.808137156348511],[-43.334441528999946,-21.807675245348523],[-43.334531226999957,-21.807541307348501],[-43.334559019999965,-21.807499807348488],[-43.33469987899997,-21.807289475348501],[-43.335017090999948,-21.806832040348525],[-43.335303003999968,-21.806414935348531],[-43.335627777999946,-21.805930480348554],[-43.335742428999929,-21.805781476348585],[-43.335750767999969,-21.805770638348548],[-43.335889832999953,-21.805589904348572],[-43.336106501999957,-21.805253387348596],[-43.336307694999959,-21.804948326348594],[-43.336547277999948,-21.804616555348559],[-43.336663306999981,-21.804409987348617],[-43.336817309999958,-21.804212834348569],[-43.336864079999934,-21.804141048348594],[-43.337055586999959,-21.803993948348602],[-43.33726288299993,-21.8037882993486],[-43.33750792099994,-21.803664317348609],[-43.33777542699994,-21.803531530348632],[-43.338057833999983,-21.803416956348627],[-43.33850872599993,-21.803159564348597],[-43.338624522999964,-21.803025249348629],[-43.339007582999947,-21.802726530348632],[-43.33926897799995,-21.802494325348611],[-43.339448337999954,-21.802089687348662],[-43.339551696999933,-21.80167073734863],[-43.339582125999982,-21.801652978348681],[-43.339582264999933,-21.801011706348646],[-43.339518027999937,-21.800658811348654],[-43.339234485999945,-21.800190811348717],[-43.338841916999968,-21.799952029348674],[-43.338327842999945,-21.799766218348672],[-43.337693558999945,-21.799416618348694],[-43.337385265999949,-21.799156102348736],[-43.337212179999938,-21.798964687348722],[-43.337006501999952,-21.798402631348754],[-43.336993706999984,-21.798149605348769],[-43.337016665999954,-21.797522111348766],[-43.337094716999957,-21.797306127348751],[-43.337411602999964,-21.797345445348753],[-43.337721653999942,-21.797348566348781],[-43.338524237999934,-21.79720309634877]]]},"properties":{"OBJECTID":100,"nro":67,"nome":"São Geraldo","qtd_contrib_oficina_1_centro":null,"qtd_contrib_oficina_2_oeste":null,"qtd_contrib_oficina_3_leste":null,"qtd_contrib_oficina_4_nordeste":null,"qtd_contrib_oficina_5_vilas_nu":null,"qtd_contrib_oficina_6_n_co":null,"qtd_contrib_oficina_7_sudeste":null,"qtd_contrib_oficina_8_sul":"8","qtd_inscricoes_vaf":null,"observacao":"-","fonte":"PDDU","ano":"2000","vaf_2018":null,"vaf_2019":null,"vaf_2020":null,"vaf_2021":null,"vaf_2022":null,"bairro_dado_vinculado":"-","regiao_planejamento":"Sul","shape.STArea()":0.00023583902365808507,"shape.STLength()":0.079721627650448601}},{"type":"Feature","id":101,"geometry":{"type":"Polygon","coordinates":[[[-43.30211808599995,-21.655119996352123],[-43.302216074999933,-21.655086445352126],[-43.302305333999982,-21.655025323352159],[-43.302439832999937,-21.654881954352167],[-43.302507442999968,-21.654779258352168],[-43.302530303999966,-21.654717457352152],[-43.302620147999953,-21.654657297352177],[-43.302686285999982,-21.654579614352137],[-43.302871037999978,-21.65451547835217],[-43.303330668999926,-21.654301432352167],[-43.303542935999985,-21.654231393352195],[-43.303665918999968,-21.654263154352194],[-43.303838845999962,-21.6543720843522],[-43.303987885999959,-21.654486943352154],[-43.304496358999977,-21.654808385352155],[-43.304600031999932,-21.654914696352193],[-43.304909407999965,-21.655269279352169],[-43.305039121999982,-21.655486717352158],[-43.305161666999936,-21.655807127352123],[-43.305314431999932,-21.65599129135213],[-43.30562270399998,-21.656297382352154],[-43.306000057999938,-21.656631032352113],[-43.306180520999924,-21.656896712352143],[-43.306242504999943,-21.657055891352112],[-43.306278446999954,-21.657195171352097],[-43.306307379999964,-21.657285974352128],[-43.306429881999975,-21.65730820635212],[-43.306697793999945,-21.657240392352083],[-43.306761951999924,-21.657144506352097],[-43.306862384999931,-21.657071581352113],[-43.307224142999978,-21.657026296352107],[-43.30762047099995,-21.656924588352137],[-43.308045876999984,-21.65677062035213],[-43.308286973999941,-21.656680732352143],[-43.30849982999996,-21.656590558352104],[-43.308746471999939,-21.65651665235216],[-43.309023908999961,-21.656450785352114],[-43.309150976999945,-21.656452078352128],[-43.30920699099994,-21.656492224352128],[-43.309338789999963,-21.656637165352102],[-43.309378300999981,-21.65674331635212],[-43.309440476999953,-21.65692126335211],[-43.309623857999952,-21.657172490352131],[-43.309721304999989,-21.657292211352104],[-43.310010688999959,-21.657372356352077],[-43.310228350999971,-21.657402908352079],[-43.31045286799997,-21.657523920352094],[-43.310578095999965,-21.657607959352092],[-43.310775297999953,-21.657725081352098],[-43.310816731999971,-21.657804654352095],[-43.310792413999934,-21.65788644235208],[-43.310773737999966,-21.658100081352103],[-43.310781890999976,-21.658371555352083],[-43.310973894999961,-21.658797050352081],[-43.31099919299993,-21.659112518352064],[-43.311061076999977,-21.659464030352062],[-43.311112570999967,-21.659609267352028],[-43.311189620999983,-21.659947589352029],[-43.311267136999952,-21.660355288352019],[-43.311299689999942,-21.660543336352056],[-43.311275695999939,-21.660703482352027],[-43.311260564999948,-21.660811323352011],[-43.311221935999974,-21.660951320352034],[-43.311192305999946,-21.661047947352028],[-43.311126238999975,-21.661223062352022],[-43.31105236999997,-21.661441602352003],[-43.311034717999974,-21.66150463635201],[-43.311068571999954,-21.661603058352007],[-43.310025861999968,-21.662342794352003],[-43.309959980999963,-21.662441979352014],[-43.309546933999968,-21.663063820351994],[-43.309399304999943,-21.663238277351951],[-43.308133675999954,-21.664733901351941],[-43.307936804999947,-21.665355107351928],[-43.308243202999954,-21.666216276351868],[-43.308463069999959,-21.666367546351868],[-43.308739441999933,-21.667110992351844],[-43.308447215999934,-21.66772671035184],[-43.308000890999949,-21.667988605351827],[-43.307883715999935,-21.668119336351843],[-43.307832176999966,-21.668383600351842],[-43.30709048399995,-21.669497826351783],[-43.306458341999978,-21.669620592351787],[-43.306077572999982,-21.669673239351809],[-43.305372165999984,-21.670150597351807],[-43.304530560999986,-21.671191880351785],[-43.304568277999977,-21.671660673351756],[-43.304444405999952,-21.671909763351763],[-43.304165690999987,-21.672100737351787],[-43.303838356999961,-21.672016633351731],[-43.303604632999964,-21.672054623351741],[-43.303186371999971,-21.672357234351718],[-43.302988183999958,-21.673049742351761],[-43.302746989999953,-21.673725658351724],[-43.302605463999953,-21.674651939351669],[-43.302520831999971,-21.675238601351694],[-43.302039431999958,-21.675766060351641],[-43.301593009999976,-21.676504479351639],[-43.301252777999935,-21.677028628351618],[-43.300645962999965,-21.677690028351623],[-43.300215844999968,-21.678019428351618],[-43.299768117999982,-21.677885625351635],[-43.299309627999946,-21.677687102351648],[-43.298824944999986,-21.677757508351604],[-43.29812101999994,-21.677857968351603],[-43.297898363999934,-21.678178723351618],[-43.297709886999939,-21.678532131351574],[-43.29752115499997,-21.678907073351567],[-43.297297863999972,-21.679281659351581],[-43.29783192899999,-21.679789196351553],[-43.298200293999969,-21.680059483351577],[-43.298661891999984,-21.680484167351558],[-43.29911712799997,-21.680714963351544],[-43.29938333999997,-21.680854983351534],[-43.299902674999949,-21.681514461351512],[-43.300449067999978,-21.682077301351544],[-43.300593952999975,-21.682248380351517],[-43.300680558999943,-21.682968030351503],[-43.300225900999976,-21.683423702351487],[-43.299980107999943,-21.683752297351468],[-43.299690544999976,-21.684128899351471],[-43.299548993999963,-21.68441010735145],[-43.299543875999973,-21.684846157351462],[-43.299600846999965,-21.685145551351415],[-43.299545786999943,-21.685419570351428],[-43.299282708999954,-21.685747987351412],[-43.299229922999977,-21.685828204351417],[-43.299234959999978,-21.6861351433514],[-43.299314531999983,-21.686717428351383],[-43.299397138999957,-21.687041314351369],[-43.299236408999946,-21.687483843351352],[-43.299093619999951,-21.687870026351391],[-43.298746981999962,-21.687955305351352],[-43.298254507999957,-21.687950252351349],[-43.297667659999945,-21.687887698351346],[-43.297235667999985,-21.687883264351395],[-43.296810128999937,-21.688064641351385],[-43.296564128999925,-21.688409381351381],[-43.296239419999949,-21.688834070351369],[-43.29612491599994,-21.689018640351357],[-43.295984396999984,-21.68921102035134],[-43.295792607999935,-21.689354415351342],[-43.295480714999933,-21.689423893351336],[-43.295171766999943,-21.689243046351322],[-43.295050046999961,-21.689306404351353],[-43.29487525299993,-21.68947420035132],[-43.294682891999976,-21.689666044351341],[-43.294421411999956,-21.6898571793513],[-43.294204079999986,-21.6899680073513],[-43.293919055999936,-21.689956999351299],[-43.293660140999975,-21.689930107351312],[-43.293341604999966,-21.689829917351304],[-43.293057150999978,-21.689770457351319],[-43.292668256999946,-21.689774531351311],[-43.292339272999989,-21.68982767535131],[-43.292088714999977,-21.68982509435132],[-43.291676659999951,-21.689635552351341],[-43.291390916999944,-21.689115749351313],[-43.291012002999935,-21.68868112735133],[-43.290477628999952,-21.688402833351343],[-43.289986284999941,-21.68838341035136],[-43.289387761999926,-21.688334166351339],[-43.28881673799998,-21.688557990351381],[-43.288487906999933,-21.689085813351348],[-43.288024736999937,-21.689282032351315],[-43.28764057099994,-21.68929242335135],[-43.286718470999972,-21.689325972351323],[-43.286105775999943,-21.689176068351326],[-43.28604994199997,-21.688701704351367],[-43.285703292999983,-21.688138191351349],[-43.285066851999943,-21.687399394351367],[-43.284430756999939,-21.686631884351382],[-43.28410066999993,-21.685968039351433],[-43.283800281999959,-21.685390644351408],[-43.283462715999967,-21.685358436351411],[-43.282786391999934,-21.685394507351422],[-43.282415311999955,-21.685255814351432],[-43.282416070999943,-21.685245735351433],[-43.282379465999952,-21.685187306351466],[-43.282325379999975,-21.685131439351437],[-43.282232671999964,-21.685044422351449],[-43.282192497999972,-21.68492687635144],[-43.282152810999953,-21.684730269351427],[-43.282067999999981,-21.684458983351448],[-43.282047287999944,-21.684179827351478],[-43.281993905999975,-21.683956920351459],[-43.281939901999976,-21.683786323351491],[-43.281845190999945,-21.683554128351478],[-43.281814053999938,-21.683505142351446],[-43.281692471999975,-21.683391370351494],[-43.28162583899995,-21.683329707351504],[-43.281544817999929,-21.683256199351487],[-43.281486877999953,-21.683175202351496],[-43.281402722999985,-21.683022136351497],[-43.281320249999958,-21.682890486351486],[-43.281266400999982,-21.682706812351523],[-43.281233735999933,-21.682570780351522],[-43.281172645999952,-21.682474744351524],[-43.281076090999932,-21.682367462351475],[-43.281044412999961,-21.682344760351519],[-43.281001991999972,-21.682302366351532],[-43.280918244999953,-21.682209202351512],[-43.280852785999969,-21.682153178351506],[-43.280790718999981,-21.682121973351538],[-43.280541364999969,-21.682038623351527],[-43.280403086999968,-21.68199255535152],[-43.280257954999975,-21.681948543351528],[-43.280157594999935,-21.681911980351479],[-43.280057797999973,-21.681870263351502],[-43.279940125999985,-21.681829192351515],[-43.27988877599995,-21.681796448351491],[-43.279849143999968,-21.681745032351532],[-43.279807736999942,-21.681697635351536],[-43.279776519999984,-21.681567109351519],[-43.279782057999967,-21.681501173351517],[-43.279783453999976,-21.681383468351545],[-43.279864392999961,-21.681214816351531],[-43.279924274999985,-21.681145631351566],[-43.280069835999932,-21.680887436351558],[-43.280185202999974,-21.680677757351532],[-43.280459322999953,-21.680406462351538],[-43.280914774999985,-21.680073783351546],[-43.281144497999939,-21.679738766351562],[-43.281419116999984,-21.679425298351571],[-43.281669912999973,-21.679217022351605],[-43.282170250999975,-21.678905892351615],[-43.282353326999953,-21.678696912351583],[-43.282672085999934,-21.678468250351617],[-43.283174169999931,-21.678009524351598],[-43.283379066999942,-21.6778640323516],[-43.283628356999948,-21.677782262351649],[-43.283975380999948,-21.677680484351601],[-43.284239300999957,-21.677662057351622],[-43.284780966999961,-21.677562830351604],[-43.285234466999952,-21.677503645351607],[-43.285542275999944,-21.677703107351611],[-43.285704488999961,-21.677845902351596],[-43.286020748999924,-21.67782808235161],[-43.286359329999982,-21.677831580351619],[-43.286653513999966,-21.677771357351638],[-43.286702311999932,-21.677675234351646],[-43.286815753999974,-21.677414544351642],[-43.286917216999939,-21.677317011351619],[-43.287133758999971,-21.677249127351647],[-43.287310004999931,-21.677217622351609],[-43.287449766999941,-21.677252389351651],[-43.287562126999944,-21.67729572535163],[-43.28779371599996,-21.67748976935162],[-43.287832296999966,-21.677488666351646],[-43.287941271999955,-21.67724214835161],[-43.288111322999953,-21.677079118351614],[-43.288271318999925,-21.676912070351619],[-43.28843206099998,-21.676681765351638],[-43.288663258999975,-21.676220226351628],[-43.288759269999957,-21.675736202351636],[-43.288943509999967,-21.675446245351697],[-43.288878010999952,-21.675208632351673],[-43.288821052999936,-21.674799950351687],[-43.288825954999943,-21.674660267351708],[-43.289206554999957,-21.67445367135171],[-43.289274015999979,-21.674202122351669],[-43.289346207999984,-21.673823290351706],[-43.28961980299993,-21.67359414935169],[-43.289824936999935,-21.673427563351719],[-43.290146070999981,-21.672771928351743],[-43.290263737999972,-21.672588582351725],[-43.290468621999935,-21.672443081351762],[-43.290631977999965,-21.672095387351735],[-43.290565619999931,-21.671874716351784],[-43.290588017999937,-21.671648026351747],[-43.29045864099993,-21.671446733351775],[-43.290460967999941,-21.671177749351784],[-43.29044088499996,-21.670966667351763],[-43.290401459999934,-21.670481248351805],[-43.29039204299994,-21.670097595351791],[-43.290408420999938,-21.669890869351818],[-43.290276226999936,-21.669615369351828],[-43.290146519999951,-21.669129019351821],[-43.29010535499998,-21.668791194351854],[-43.290210791999982,-21.668365704351817],[-43.290317690999984,-21.668013143351821],[-43.290571100999948,-21.667624359351841],[-43.290865510999936,-21.667543039351848],[-43.29140844799997,-21.667443193351836],[-43.291792893999961,-21.667383888351857],[-43.291994038999981,-21.66730745635185],[-43.292292919999966,-21.667093807351858],[-43.292421789999928,-21.667064129351889],[-43.292460325999969,-21.667071742351862],[-43.29281377999996,-21.666951553351904],[-43.29313348799996,-21.666638528351875],[-43.293384988999946,-21.666366975351888],[-43.293708010999978,-21.665963728351887],[-43.29392054799996,-21.665688120351909],[-43.293988059999954,-21.665025441351915],[-43.293924197999957,-21.664664425351923],[-43.294178422999948,-21.664160936351948],[-43.29425605199998,-21.663318230351955],[-43.294305157999929,-21.662981333351947],[-43.29437683499998,-21.662644667351955],[-43.294538044999967,-21.662372185352005],[-43.294877342999939,-21.662139256352017],[-43.295175481999934,-21.66207715635198],[-43.295535577999942,-21.662002855352004],[-43.295783590999974,-21.661712918352013],[-43.295956209999986,-21.661619653351977],[-43.296108255999968,-21.661515144351998],[-43.296293662999972,-21.661358743352039],[-43.296564560999968,-21.661137261352017],[-43.296739941999931,-21.660978715351991],[-43.297006583999966,-21.660772423352022],[-43.297340144999971,-21.660023906352066],[-43.297385598999938,-21.65976053435207],[-43.297374886999933,-21.65947020235205],[-43.297513343999981,-21.659020124352036],[-43.297576894999963,-21.65890037835204],[-43.297710600999949,-21.658686752352043],[-43.297879103999939,-21.658617898352102],[-43.298106243999939,-21.658514691352103],[-43.298310742999945,-21.658395449352071],[-43.298433294999931,-21.658320163352098],[-43.298631886999935,-21.658243048352091],[-43.298711539999942,-21.658173811352096],[-43.298634670999952,-21.658005622352089],[-43.298522980999969,-21.657971177352103],[-43.298496266999962,-21.657766748352095],[-43.298525587999961,-21.657674705352107],[-43.298795544999962,-21.657532361352064],[-43.298938432999933,-21.657388714352113],[-43.29913841299998,-21.657192884352128],[-43.29924548799994,-21.657037797352135],[-43.299368021999946,-21.656878630352082],[-43.299541464999955,-21.656537415352119],[-43.299590539999947,-21.65641956535212],[-43.299694754999962,-21.656235085352158],[-43.299965982999936,-21.656119909352153],[-43.30000849299995,-21.656069276352149],[-43.300016031999974,-21.655803528352145],[-43.299962243999971,-21.655666435352128],[-43.29990602099997,-21.655551756352153],[-43.29987948499997,-21.655406372352143],[-43.299966049999966,-21.655248955352185],[-43.299993352999934,-21.655199909352159],[-43.300109550999942,-21.655052545352188],[-43.300166641999965,-21.655000362352141],[-43.300351330999945,-21.654840572352157],[-43.30052197699996,-21.654896791352133],[-43.30067568099998,-21.654939613352155],[-43.30121590899995,-21.655043057352142],[-43.301374984999939,-21.655077844352132],[-43.301485412999966,-21.655099649352152],[-43.301701409999964,-21.655120103352143],[-43.301861447999954,-21.655124173352174],[-43.30211808599995,-21.655119996352123]]]},"properties":{"OBJECTID":101,"nro":17,"nome":"Filgueiras","qtd_contrib_oficina_1_centro":null,"qtd_contrib_oficina_2_oeste":null,"qtd_contrib_oficina_3_leste":null,"qtd_contrib_oficina_4_nordeste":1,"qtd_contrib_oficina_5_vilas_nu":null,"qtd_contrib_oficina_6_n_co":null,"qtd_contrib_oficina_7_sudeste":null,"qtd_contrib_oficina_8_sul":null,"qtd_inscricoes_vaf":32,"observacao":"-","fonte":"PDDU","ano":"2000","vaf_2018":0,"vaf_2019":1589523,"vaf_2020":1321088,"vaf_2021":977851,"vaf_2022":836713,"bairro_dado_vinculado":"-","regiao_planejamento":"Nordeste","shape.STArea()":0.00049692313308126066,"shape.STLength()":0.11884763399390175}},{"type":"Feature","id":102,"geometry":{"type":"Polygon","coordinates":[[[-43.353123058999984,-21.801386634348674],[-43.354059290999935,-21.80065533634869],[-43.355021314999931,-21.799675907348671],[-43.355073274999938,-21.798989986348722],[-43.354955262999965,-21.798049475348751],[-43.354689986999972,-21.797089431348759],[-43.35520549599994,-21.797044888348758],[-43.356506844999956,-21.796890748348758],[-43.356465812999943,-21.795241982348834],[-43.358206824999975,-21.795543806348785],[-43.358570841999949,-21.795636852348803],[-43.358550323999957,-21.795809858348811],[-43.358547692999934,-21.796040780348758],[-43.358404143999962,-21.796237309348808],[-43.358399632999983,-21.796633174348777],[-43.358397126999925,-21.796853100348766],[-43.358476165999939,-21.797150817348783],[-43.358531279999966,-21.797481291348735],[-43.358551320999936,-21.797789420348739],[-43.358546685999947,-21.798196281348719],[-43.358625474999947,-21.798515992348744],[-43.358621590999974,-21.798856875348719],[-43.358712655999966,-21.799132719348698],[-43.358709147999946,-21.799440615348715],[-43.358729063999931,-21.799759739348701],[-43.358808605999968,-21.800013472348713],[-43.358841172999973,-21.800255740348675],[-43.358883386999935,-21.800685063348663],[-43.358878374999961,-21.801124913348676],[-43.35887549399996,-21.801377826348663],[-43.358871358999977,-21.801740703348642],[-43.358865469999955,-21.802257528348655],[-43.358943886999946,-21.802610227348605],[-43.358939626999984,-21.802984100348603],[-43.358938247999959,-21.803105059348617],[-43.358853189999941,-21.803335161348599],[-43.358803083999931,-21.803598603348593],[-43.358765375999951,-21.803807180348617],[-43.358655892999934,-21.804114022348607],[-43.358478011999978,-21.804222229348575],[-43.358451076999977,-21.804518894348572],[-43.35817460699996,-21.805011033348578],[-43.358089923999962,-21.805208145348544],[-43.358005615999964,-21.805372269348577],[-43.357884602999945,-21.805657001348582],[-43.357634312999942,-21.805918451348553],[-43.357370296999932,-21.806247552348523],[-43.357223242999964,-21.806155767348528],[-43.356978437999942,-21.805995271348561],[-43.356710192999969,-21.80571712434854],[-43.356563563999941,-21.805535022348554],[-43.356441717999985,-21.80535316834856],[-43.356320180999944,-21.805144220348598],[-43.356246777999957,-21.805008008348565],[-43.35612566799994,-21.804708744348595],[-43.356053039999949,-21.804504799348575],[-43.355955292999965,-21.804436085348584],[-43.355832762999967,-21.804367124348573],[-43.355710491999957,-21.804275586348581],[-43.355588698999952,-21.804089216348597],[-43.355442847999939,-21.803839382348617],[-43.355418492999945,-21.803748818348609],[-43.355369703999941,-21.80368059134863],[-43.35527243599995,-21.803517045348624],[-43.35497751599997,-21.803563784348587],[-43.354412856999943,-21.803675576348631],[-43.35397080499996,-21.803743427348618],[-43.35365136099994,-21.803767339348628],[-43.353234053999984,-21.803785758348592],[-43.352841304999977,-21.80387667834858],[-43.352325513999972,-21.803943788348601],[-43.351711458999944,-21.803987338348595],[-43.351023958999974,-21.804057247348581],[-43.350778305999938,-21.804077374348612],[-43.350385985999935,-21.804077971348601],[-43.350017635999961,-21.80409687234858],[-43.349674272999955,-21.804097956348588],[-43.353123058999984,-21.801386634348674]]]},"properties":{"OBJECTID":102,"nro":65,"nome":"Santa Efigênia","qtd_contrib_oficina_1_centro":null,"qtd_contrib_oficina_2_oeste":null,"qtd_contrib_oficina_3_leste":null,"qtd_contrib_oficina_4_nordeste":null,"qtd_contrib_oficina_5_vilas_nu":null,"qtd_contrib_oficina_6_n_co":null,"qtd_contrib_oficina_7_sudeste":null,"qtd_contrib_oficina_8_sul":"4","qtd_inscricoes_vaf":null,"observacao":"-","fonte":"PDDU","ano":"2000","vaf_2018":null,"vaf_2019":null,"vaf_2020":null,"vaf_2021":null,"vaf_2022":null,"bairro_dado_vinculado":"-","regiao_planejamento":"Sul","shape.STArea()":4.351165797103801e-05,"shape.STLength()":0.035569553383871737}},{"type":"Feature","id":103,"geometry":{"type":"Polygon","coordinates":[[[-43.344047149999945,-21.755729083349728],[-43.344265391999961,-21.755509980349732],[-43.344483029999928,-21.755290873349772],[-43.344691603999934,-21.755071674349768],[-43.346205743999974,-21.753822322349798],[-43.349433095999984,-21.751081693349846],[-43.349492115999965,-21.751046153349844],[-43.349848099999974,-21.750828417349886],[-43.350175109999952,-21.750502006349887],[-43.35045204599993,-21.750274447349899],[-43.350768341999981,-21.750092442349914],[-43.35097643499995,-21.749913873349893],[-43.351175028999933,-21.749667469349905],[-43.351313998999956,-21.749456599349919],[-43.351393883999947,-21.749339977349912],[-43.351573348999977,-21.749075317349885],[-43.351790759999979,-21.748874260349929],[-43.352859412999976,-21.749110704349917],[-43.351978737999964,-21.752046408349827],[-43.351286715999947,-21.754703989349768],[-43.351123217999941,-21.755474606349733],[-43.351060894999932,-21.755799141349733],[-43.351402735999955,-21.755974159349734],[-43.351642909999953,-21.755421077349734],[-43.351873747999946,-21.754944674349751],[-43.352133996999953,-21.754432435349774],[-43.35244313499993,-21.753925199349808],[-43.35310965899999,-21.753024107349837],[-43.353599128999974,-21.753182524349796],[-43.353141865999923,-21.754862465349774],[-43.35269362899993,-21.756650878349713],[-43.352400126999953,-21.75779955234967],[-43.352080913999941,-21.759241511349678],[-43.354247260999948,-21.759777909349669],[-43.354933684999935,-21.759942801349649],[-43.354832142999953,-21.760262431349631],[-43.354262237999933,-21.762492212349599],[-43.354409210999961,-21.762534319349566],[-43.354173217999971,-21.763462279349554],[-43.354044873999953,-21.76342938934955],[-43.353792276999968,-21.764488149349571],[-43.353477835999975,-21.765564356349515],[-43.353428529999974,-21.765595478349518],[-43.353349665999986,-21.765621789349513],[-43.353251157999985,-21.765675000349539],[-43.353162214999934,-21.765737340349531],[-43.353122215999981,-21.765800167349489],[-43.35308237199996,-21.765849446349492],[-43.353081533999955,-21.765975887349505],[-43.353099619999959,-21.766138645349493],[-43.353147466999985,-21.766288152349485],[-43.353234556999958,-21.766388373349514],[-43.353293361999931,-21.766425087349489],[-43.353381466999963,-21.766489189349507],[-43.353478945999939,-21.766526288349489],[-43.353596350999965,-21.766617778349477],[-43.353762494999955,-21.766727817349473],[-43.353869627999984,-21.766819206349503],[-43.353956548999975,-21.766987164349459],[-43.354014530999962,-21.767096127349454],[-43.354023257999984,-21.767231695349473],[-43.354022073999943,-21.767335553349454],[-43.353923975999976,-21.767352641349461],[-43.353845214999978,-21.767369921349466],[-43.353727073999949,-21.767395841349437],[-43.353628062999974,-21.767440016349468],[-43.353598233999946,-21.767511975349493],[-43.353480414999979,-21.76803918234943],[-43.353600728999936,-21.768564243349431],[-43.353727111999945,-21.769193232349426],[-43.351303826999981,-21.76860006634945],[-43.350141787999981,-21.76832654434947],[-43.34803008199998,-21.76791707934947],[-43.348138306999935,-21.767543329349476],[-43.345850346999953,-21.767064338349467],[-43.345924873999941,-21.766414773349474],[-43.346268126999973,-21.764358889349577],[-43.346110468999946,-21.764352796349545],[-43.344836291999968,-21.764060054349553],[-43.344071569999983,-21.763871757349541],[-43.342963552999947,-21.763634856349551],[-43.341189474999972,-21.763197080349549],[-43.341339490999985,-21.762868914349578],[-43.341273375999947,-21.762574708349607],[-43.341199169999982,-21.762090749349614],[-43.340492848999922,-21.761975278349599],[-43.33944396499993,-21.761747980349575],[-43.339154694999934,-21.761153475349605],[-43.339321880999933,-21.761119026349622],[-43.33944958099994,-21.76110224334964],[-43.339686116999978,-21.761027845349606],[-43.339813922999952,-21.761002032349616],[-43.340247456999975,-21.760875418349606],[-43.340474686999983,-21.76076931434962],[-43.340711343999942,-21.760631690349637],[-43.340948552999976,-21.760498589349616],[-43.341155790999956,-21.76039679834966],[-43.341412229999946,-21.760272921349632],[-43.34159017099995,-21.760143740349662],[-43.34172878499993,-21.760018680349653],[-43.341937057999985,-21.759826579349674],[-43.342542210999959,-21.758121064349695],[-43.34258347399998,-21.757895675349719],[-43.342654308999954,-21.757620906349679],[-43.342735190999974,-21.757418494349714],[-43.342913765999981,-21.757180933349719],[-43.343102871999974,-21.756920897349744],[-43.343292029999937,-21.756656344349722],[-43.343401186999984,-21.756517439349757],[-43.343600424999977,-21.75621686034971],[-43.343749736999939,-21.756001585349754],[-43.343749839999923,-21.755992554349771],[-43.344047149999945,-21.755729083349728]]]},"properties":{"OBJECTID":103,"nro":105,"nome":"Centro","qtd_contrib_oficina_1_centro":21,"qtd_contrib_oficina_2_oeste":null,"qtd_contrib_oficina_3_leste":null,"qtd_contrib_oficina_4_nordeste":null,"qtd_contrib_oficina_5_vilas_nu":null,"qtd_contrib_oficina_6_n_co":null,"qtd_contrib_oficina_7_sudeste":null,"qtd_contrib_oficina_8_sul":"\u003cNull\u003e","qtd_inscricoes_vaf":2200,"observacao":"-","fonte":"PDDU","ano":"2000","vaf_2018":628210107,"vaf_2019":769510330,"vaf_2020":569071901,"vaf_2021":571690214,"vaf_2022":537249424,"bairro_dado_vinculado":"-","regiao_planejamento":"Centro","shape.STArea()":0.00015753911614207954,"shape.STLength()":0.070561067774736114}},{"type":"Feature","id":104,"geometry":{"type":"Polygon","coordinates":[[[-43.358655892999934,-21.804114022348607],[-43.358765375999951,-21.803807180348617],[-43.358803083999931,-21.803598603348593],[-43.358853189999941,-21.803335161348599],[-43.358938247999959,-21.803105059348617],[-43.358939626999984,-21.802984100348603],[-43.358943886999946,-21.802610227348605],[-43.358865469999955,-21.802257528348655],[-43.358871358999977,-21.801740703348642],[-43.35887549399996,-21.801377826348663],[-43.358878374999961,-21.801124913348676],[-43.358883386999935,-21.800685063348663],[-43.358841172999973,-21.800255740348675],[-43.358808605999968,-21.800013472348713],[-43.358729063999931,-21.799759739348701],[-43.358709147999946,-21.799440615348715],[-43.358712655999966,-21.799132719348698],[-43.358621590999974,-21.798856875348719],[-43.358625474999947,-21.798515992348744],[-43.358546685999947,-21.798196281348719],[-43.358551320999936,-21.797789420348739],[-43.358531279999966,-21.797481291348735],[-43.358476165999939,-21.797150817348783],[-43.358397126999925,-21.796853100348766],[-43.358399632999983,-21.796633174348777],[-43.358404143999962,-21.796237309348808],[-43.358547692999934,-21.796040780348758],[-43.358550323999957,-21.795809858348811],[-43.358570771999943,-21.795637441348767],[-43.35879547199994,-21.795658040348812],[-43.35886894999993,-21.795681350348762],[-43.358990868999967,-21.795750303348811],[-43.359260348999953,-21.795865881348767],[-43.359407138999984,-21.795980240348772],[-43.359652187999984,-21.796118156348797],[-43.359847675999958,-21.796255578348759],[-43.360141589999955,-21.796348817348782],[-43.360533597999954,-21.796533350348756],[-43.360704563999946,-21.796647948348799],[-43.360826666999969,-21.796807222348793],[-43.36102184899994,-21.79697173734878],[-43.36114411799997,-21.797063270348765],[-43.361339700999963,-21.79724585434877],[-43.361559640999985,-21.797518998348774],[-43.361705536999978,-21.797818505348729],[-43.361827037999944,-21.797977772348748],[-43.362071452999942,-21.79827825634872],[-43.362192621999959,-21.798573000348728],[-43.362386963999938,-21.798918148348744],[-43.362459638999944,-21.799171768348696],[-43.362532109999961,-21.799443449348715],[-43.362554635999963,-21.799854634348716],[-43.362577328999976,-21.800198080348697],[-43.362575754999966,-21.800496124348658],[-43.362574784999936,-21.800794173348695],[-43.362597386999944,-21.801092457348688],[-43.362596414999992,-21.801390507348646],[-43.362619673999966,-21.801684281348635],[-43.362642788999949,-21.801937409348628],[-43.362665737999976,-21.802258277348631],[-43.362738376999971,-21.802462219348612],[-43.362835742999948,-21.802670922348614],[-43.362957596999934,-21.80285277334864],[-43.363152931999934,-21.803057932348594],[-43.363421607999953,-21.803245753348595],[-43.36364245499994,-21.803333747348606],[-43.36386315999993,-21.803381094348619],[-43.364059340999979,-21.803405618348592],[-43.363392214999976,-21.804342864348609],[-43.363293949999957,-21.804319309348617],[-43.363171508999976,-21.804295516348596],[-43.363024284999938,-21.804271475348582],[-43.362828103999959,-21.80424695034862],[-43.362631358999977,-21.804272096348598],[-43.362434753999928,-21.804337887348598],[-43.362311929999976,-21.804454086348585],[-43.362041238999943,-21.804496563348597],[-43.361819816999969,-21.80472468434856],[-43.361794304999933,-21.804841849348563],[-43.36169528399995,-21.805044089348588],[-43.36147342299995,-21.805204466348567],[-43.361350506999941,-21.805275502348575],[-43.361178167999981,-21.805386693348545],[-43.361079005999954,-21.805548287348557],[-43.360857066999984,-21.80582156434858],[-43.360512927999935,-21.805890404348546],[-43.360267361999945,-21.805955706348552],[-43.360243185999934,-21.805955466348525],[-43.357465519999948,-21.806749780348518],[-43.357417632999955,-21.806496405348536],[-43.35739388099995,-21.806405849348565],[-43.357370296999932,-21.806247552348523],[-43.357634312999942,-21.805918451348553],[-43.357884602999945,-21.805657001348582],[-43.358005615999964,-21.805372269348577],[-43.358089923999962,-21.805208145348544],[-43.35817460699996,-21.805011033348578],[-43.358451076999977,-21.804518894348572],[-43.358478011999978,-21.804222229348575],[-43.358655892999934,-21.804114022348607]]]},"properties":{"OBJECTID":104,"nro":64,"nome":"Bela Aurora","qtd_contrib_oficina_1_centro":null,"qtd_contrib_oficina_2_oeste":null,"qtd_contrib_oficina_3_leste":null,"qtd_contrib_oficina_4_nordeste":null,"qtd_contrib_oficina_5_vilas_nu":null,"qtd_contrib_oficina_6_n_co":null,"qtd_contrib_oficina_7_sudeste":null,"qtd_contrib_oficina_8_sul":"7","qtd_inscricoes_vaf":null,"observacao":"-","fonte":"PDDU","ano":"2000","vaf_2018":null,"vaf_2019":null,"vaf_2020":null,"vaf_2021":null,"vaf_2022":null,"bairro_dado_vinculado":"-","regiao_planejamento":"Sul","shape.STArea()":3.6835285732265013e-05,"shape.STLength()":0.030177496015297418}},{"type":"Feature","id":105,"geometry":{"type":"Polygon","coordinates":[[[-43.366932627999979,-21.787447186348984],[-43.367102283999941,-21.78783724534901],[-43.367273216999934,-21.788114414348957],[-43.367418565999969,-21.788409395348978],[-43.367589244999976,-21.788709141348964],[-43.367704582999977,-21.788876444348972],[-43.367808674999942,-21.789027433348938],[-43.367905856999982,-21.789145811348959],[-43.367954484999991,-21.78928177434895],[-43.367953903999933,-21.789439831348961],[-43.367903713999965,-21.789601913348935],[-43.367755452999972,-21.78983076934896],[-43.367361145999951,-21.790170093348941],[-43.367311977999968,-21.790241865348943],[-43.367089818999943,-21.790537730348948],[-43.366916941999925,-21.79069859934889],[-43.366892255999964,-21.790743517348897],[-43.366572095999963,-21.790993251348915],[-43.366350354999952,-21.791198798348926],[-43.366153298999961,-21.791359428348901],[-43.365931864999936,-21.791537880348901],[-43.365808613999945,-21.791586338348875],[-43.36573471699996,-21.791653349348881],[-43.366196482999953,-21.792615321348872],[-43.366391083999979,-21.792937886348842],[-43.366683738999932,-21.793302065348868],[-43.366584518999964,-21.793576564348861],[-43.366877544999966,-21.793854941348823],[-43.367024081999951,-21.793991871348826],[-43.367121502999957,-21.794196058348824],[-43.367267785999957,-21.794355565348848],[-43.367512626999947,-21.794565724348789],[-43.367732602999979,-21.794676283348792],[-43.367953134999944,-21.794791365348836],[-43.368099837999971,-21.794860555348809],[-43.368271064999931,-21.79495256734879],[-43.368442896999966,-21.795044585348816],[-43.368540337999946,-21.795140385348809],[-43.368638393999959,-21.795181999348806],[-43.368907880999984,-21.795297561348825],[-43.36615601099993,-21.796024550348797],[-43.365934127999935,-21.796135256348776],[-43.362554635999963,-21.799854634348716],[-43.362532109999961,-21.799443449348715],[-43.362459638999944,-21.799171768348696],[-43.362386963999938,-21.798918148348744],[-43.362192621999959,-21.798573000348728],[-43.362071452999942,-21.79827825634872],[-43.361827037999944,-21.797977772348748],[-43.361705536999978,-21.797818505348729],[-43.361559640999985,-21.797518998348774],[-43.361339700999963,-21.79724585434877],[-43.36114411799997,-21.797063270348765],[-43.36102184899994,-21.79697173734878],[-43.360826666999969,-21.796807222348793],[-43.360704563999946,-21.796647948348799],[-43.360533597999954,-21.796533350348756],[-43.360141589999955,-21.796348817348782],[-43.359847675999958,-21.796255578348759],[-43.359652187999984,-21.796118156348797],[-43.359407138999984,-21.795980240348772],[-43.359260348999953,-21.795865881348767],[-43.358990868999967,-21.795750303348811],[-43.35886894999993,-21.795681350348762],[-43.35879547199994,-21.795658040348812],[-43.358574471999937,-21.795637781348812],[-43.359114660999978,-21.79040000934889],[-43.358771155999932,-21.785320552349056],[-43.357862557999965,-21.785388298349062],[-43.356026934999932,-21.784489416349089],[-43.355661924999936,-21.783849021349088],[-43.355860900999971,-21.783254882349059],[-43.355964965999931,-21.781973358349127],[-43.356945854999935,-21.782136658349113],[-43.356969306999986,-21.782412371349114],[-43.356968624999979,-21.782525266349133],[-43.357065971999923,-21.782733973349092],[-43.357236921999977,-21.782848573349099],[-43.357407959999939,-21.783008334349116],[-43.35757933299994,-21.783032618349122],[-43.357775793999963,-21.783030055349116],[-43.357972200999932,-21.783032005349071],[-43.358266768999954,-21.783012353349076],[-43.358438964999948,-21.782964387349129],[-43.358635282999956,-21.782921175349092],[-43.358709011999963,-21.782921907349078],[-43.358807313999932,-21.782940948349115],[-43.358929221999972,-21.783009899349107],[-43.358977273999983,-21.783195535349073],[-43.359001370999977,-21.783308676349119],[-43.35902546799997,-21.783421816349101],[-43.359098556999989,-21.783585120349059],[-43.359171437999976,-21.783766486349112],[-43.359317611999984,-21.783880839349056],[-43.359587583999932,-21.783951260349095],[-43.359832174999944,-21.784021428349075],[-43.360175580999964,-21.784065481349067],[-43.360494506999942,-21.784136386349054],[-43.360812917999958,-21.784252447349083],[-43.361180629999978,-21.784391575349087],[-43.361473843999931,-21.784597704349057],[-43.361619944999973,-21.784824957349045],[-43.361789838999982,-21.785192441349075],[-43.361887194999952,-21.785401146349042],[-43.362057307999976,-21.785696377349037],[-43.362227550999926,-21.786086445349031],[-43.362349224999946,-21.786336034349048],[-43.362397539999968,-21.786499091348986],[-43.362470244999948,-21.786590132349009],[-43.362715115999947,-21.786795782348996],[-43.363277803999949,-21.787117481348975],[-43.363569966999933,-21.787576497349004],[-43.363619010999962,-21.78762214334899],[-43.363765869999952,-21.787623597349015],[-43.363938069999961,-21.787575626349003],[-43.364135161999968,-21.787464676348975],[-43.364307179999962,-21.787326381348986],[-43.364504576999941,-21.787188337349008],[-43.364676798999938,-21.787031978349003],[-43.36482515199998,-21.786848288349024],[-43.365046376999942,-21.786687898349019],[-43.36519400199996,-21.786621618349024],[-43.365292469999986,-21.786572915349012],[-43.365395326999931,-21.786573933348997],[-43.365537836999977,-21.786575343349025],[-43.365758516999961,-21.786622685348998],[-43.365979453999955,-21.786647451349015],[-43.366199928999947,-21.786712856348995],[-43.366395576999935,-21.786782531349012],[-43.366543293999939,-21.78676141134903],[-43.366616676999961,-21.786739556349023],[-43.366911650999953,-21.786737956349022],[-43.367107461999986,-21.786739891349011],[-43.367209845999987,-21.786714044349001],[-43.367257070999976,-21.78725163234903],[-43.367259281999971,-21.787276823348982],[-43.367262861999961,-21.787317570349007],[-43.367261816999985,-21.787318078348974],[-43.36719882999995,-21.787331228349004],[-43.36690282099994,-21.787396132348995],[-43.366932627999979,-21.787447186348984]]]},"properties":{"OBJECTID":105,"nro":58,"nome":"Teixeiras","qtd_contrib_oficina_1_centro":1,"qtd_contrib_oficina_2_oeste":null,"qtd_contrib_oficina_3_leste":null,"qtd_contrib_oficina_4_nordeste":null,"qtd_contrib_oficina_5_vilas_nu":null,"qtd_contrib_oficina_6_n_co":null,"qtd_contrib_oficina_7_sudeste":null,"qtd_contrib_oficina_8_sul":"14","qtd_inscricoes_vaf":153,"observacao":"-","fonte":"PDDU","ano":"2000","vaf_2018":105758794,"vaf_2019":148263354,"vaf_2020":115018630,"vaf_2021":79822946,"vaf_2022":86041456,"bairro_dado_vinculado":"Jardim Laranjeiras","regiao_planejamento":"Sul","shape.STArea()":0.00010086419043109452,"shape.STLength()":0.056612647253988367}},{"type":"Feature","id":106,"geometry":{"type":"Polygon","coordinates":[[[-43.35209739499993,-21.785096074349042],[-43.35221981799998,-21.785119875349043],[-43.352391797999985,-21.78514416934906],[-43.352441489999933,-21.785150385349034],[-43.352587949999936,-21.785168706349062],[-43.352784153999949,-21.785188726349023],[-43.35300525599996,-21.785145769349015],[-43.353127847999978,-21.78510182934907],[-43.353373946999966,-21.78498686534903],[-43.353546057999949,-21.784893743349031],[-43.35371872199994,-21.784805141349079],[-43.353988736999945,-21.784712994349057],[-43.354161141999953,-21.784646971349062],[-43.354455765999944,-21.784622809349084],[-43.354529147999983,-21.784600959349085],[-43.354848716999982,-21.784509304349079],[-43.355094814999973,-21.784394336349099],[-43.355414498999956,-21.784239456349066],[-43.355587291999939,-21.784033437349056],[-43.355661924999936,-21.783849021349088],[-43.356026934999932,-21.784489416349089],[-43.357862557999965,-21.785388298349062],[-43.358771155999932,-21.785320552349056],[-43.359114660999978,-21.79040000934889],[-43.358574471999937,-21.795637781348812],[-43.358206824999975,-21.795543806348785],[-43.356465812999943,-21.795241982348834],[-43.356506844999956,-21.796890748348758],[-43.35520549599994,-21.797044888348758],[-43.354689986999972,-21.797089431348759],[-43.354955262999965,-21.798049475348751],[-43.355073274999938,-21.798989986348722],[-43.355021314999931,-21.799675907348671],[-43.354059290999935,-21.80065533634869],[-43.353123058999984,-21.801386634348674],[-43.349674272999955,-21.804097956348588],[-43.34942853299998,-21.804072921348574],[-43.349134128999935,-21.804074493348605],[-43.348864557999946,-21.804071799348627],[-43.348643599999953,-21.804047008348572],[-43.348275800999943,-21.803912365348605],[-43.348031667999976,-21.803747346348604],[-43.34788513999996,-21.803610400348614],[-43.347738265999965,-21.803450869348605],[-43.347640954999967,-21.803291834348645],[-43.347543954999935,-21.803105708348632],[-43.347349073999958,-21.802810215348625],[-43.347178509999935,-21.802555610348627],[-43.347031638999965,-21.802396079348629],[-43.346958763999965,-21.802214708348629],[-43.346691150999959,-21.801778491348674],[-43.346569405999958,-21.801641792348637],[-43.346373405999941,-21.801549509348675],[-43.346226448999964,-21.801502877348661],[-43.346128448999941,-21.80145673534868],[-43.34603062299994,-21.801342855348668],[-43.345957316999943,-21.801251801348673],[-43.345909277999965,-21.801066163348683],[-43.345861013999972,-21.800952778348655],[-43.345738924999978,-21.800793493348671],[-43.345641444999956,-21.800702197348688],[-43.34556762099993,-21.800656298348695],[-43.345420924999992,-21.800587088348696],[-43.345347446999938,-21.800563772348696],[-43.345273969999937,-21.800540455348681],[-43.345126668999967,-21.800471239348695],[-43.344832842999956,-21.800423134348694],[-43.344783541999952,-21.800400059348679],[-43.344587544999968,-21.800307775348685],[-43.344367370999969,-21.800215247348703],[-43.344220414999931,-21.800168614348696],[-43.343999930999985,-21.800103179348685],[-43.34385320399997,-21.799984291348714],[-43.343657726999936,-21.799846851348715],[-43.343461418999937,-21.799781657348717],[-43.343290028999945,-21.7997573583487],[-43.343093858999964,-21.799732809348715],[-43.342872907999947,-21.799708014348713],[-43.342701206999948,-21.799710807348678],[-43.34250469299996,-21.799663675348718],[-43.342259826999964,-21.799616056348725],[-43.342088091999983,-21.799569172348704],[-43.341965574999961,-21.799500202348728],[-43.341868181999985,-21.799454064348705],[-43.341770360999931,-21.799340182348722],[-43.341991887999939,-21.799157249348713],[-43.342164543999964,-21.799018986348724],[-43.342361666999984,-21.798908064348748],[-43.342607452999971,-21.79877053434873],[-43.343050010999953,-21.798657557348722],[-43.34332040299995,-21.798588013348727],[-43.343516485999942,-21.798567399348741],[-43.343909308999969,-21.798521662348758],[-43.344352040999986,-21.798340943348741],[-43.344671904999977,-21.798226732348763],[-43.344917947999924,-21.798066621348749],[-43.345139158999984,-21.797910777348747],[-43.345484632999955,-21.797566504348765],[-43.345756144999939,-21.797293745348778],[-43.345953402999953,-21.797065403348771],[-43.345979531999951,-21.796790186348758],[-43.346054356999957,-21.79653803834875],[-43.346080141999956,-21.796240238348759],[-43.346130737999943,-21.795992362348809],[-43.346255260999953,-21.795623295348815],[-43.346477122999943,-21.795304878348812],[-43.348131938999984,-21.793158253348835],[-43.348404211999934,-21.792659696348885],[-43.349762353999949,-21.790921045348902],[-43.349641474999942,-21.790603715348933],[-43.349495351999963,-21.790326777348923],[-43.349325261999979,-21.79003153534893],[-43.349204177999979,-21.78973226734896],[-43.349107096999937,-21.789500978348954],[-43.348961010999972,-21.789273716348955],[-43.348789886999953,-21.789068786348956],[-43.348618594999948,-21.78893159234898],[-43.348324790999989,-21.78888349534899],[-43.347981601999948,-21.78876716234894],[-43.347761442999975,-21.788674640348951],[-43.347541110999941,-21.78849179734895],[-43.348283588999948,-21.787257309349023],[-43.34830862299998,-21.787076918349008],[-43.34818662999993,-21.78696279834903],[-43.348039859999979,-21.786848430349011],[-43.347991078999947,-21.786780202349036],[-43.347869136999975,-21.786661565349021],[-43.347648635999974,-21.786546459349008],[-43.347428998999931,-21.786408782349024],[-43.347331353999948,-21.786227164349025],[-43.347331955999948,-21.78606910934905],[-43.347381907999932,-21.785929611349037],[-43.34750527999995,-21.785817944349038],[-43.347800595999956,-21.78568090034905],[-43.348046353999955,-21.785543359349042],[-43.348317147999978,-21.785383489349048],[-43.348655574999952,-21.785285748349065],[-43.348592641999971,-21.785246335349044],[-43.348592738999969,-21.785246309349031],[-43.348702679999974,-21.785217117349028],[-43.348714120999944,-21.785214908349023],[-43.348979449999945,-21.785145588349067],[-43.349297992999936,-21.78506236534907],[-43.349528434999968,-21.785002382349049],[-43.349639532999959,-21.784973463349065],[-43.349675335999962,-21.784964144349047],[-43.350354591999967,-21.784787333349026],[-43.350383897999961,-21.784779700349038],[-43.35104460499997,-21.784607619349082],[-43.351149042999964,-21.784498191349048],[-43.351344747999974,-21.784433713349046],[-43.351368651999962,-21.784443861349036],[-43.351433021999981,-21.784402218349069],[-43.351408211999967,-21.784362576349071],[-43.35138062599998,-21.784318501349066],[-43.351365255999951,-21.784293944349049],[-43.351463036999967,-21.784385244349064],[-43.351560856999981,-21.784499121349047],[-43.351658020999935,-21.78461750734904],[-43.351731063999978,-21.784731136349045],[-43.351779586999953,-21.784821942349044],[-43.351853146999986,-21.784890415349039],[-43.351999919999969,-21.785004780349038],[-43.35209739499993,-21.785096074349042]]]},"properties":{"OBJECTID":106,"nro":63,"nome":"Ipiranga","qtd_contrib_oficina_1_centro":null,"qtd_contrib_oficina_2_oeste":null,"qtd_contrib_oficina_3_leste":null,"qtd_contrib_oficina_4_nordeste":null,"qtd_contrib_oficina_5_vilas_nu":null,"qtd_contrib_oficina_6_n_co":null,"qtd_contrib_oficina_7_sudeste":null,"qtd_contrib_oficina_8_sul":"25","qtd_inscricoes_vaf":140,"observacao":"-","fonte":"PDDU","ano":"2000","vaf_2018":28416270,"vaf_2019":47954702,"vaf_2020":50307375,"vaf_2021":29148017,"vaf_2022":23283583,"bairro_dado_vinculado":"-","regiao_planejamento":"Sul","shape.STArea()":0.00018501718412164905,"shape.STLength()":0.067858474031706417}},{"type":"Feature","id":107,"geometry":{"type":"Polygon","coordinates":[[[-43.366973177999967,-21.782143186349142],[-43.367116083999981,-21.782107340349143],[-43.367153997999935,-21.782097830349098],[-43.367326190999954,-21.782049854349129],[-43.367571548999933,-21.782052278349134],[-43.367718751999973,-21.782076312349108],[-43.368037071999929,-21.782147197349129],[-43.368330895999975,-21.78235332134911],[-43.368600062999974,-21.782441783349118],[-43.368943673999979,-21.782467755349121],[-43.369188871999938,-21.78253791734911],[-43.369532185999958,-21.782536787349116],[-43.369949015999964,-21.782608640349121],[-43.370218736999959,-21.782701622349133],[-43.370512682999959,-21.78279032534909],[-43.370954037999972,-21.782884998349122],[-43.37144383399994,-21.783025308349128],[-43.372154707999982,-21.78323101834911],[-43.372424432999935,-21.783323996349104],[-43.372718076999945,-21.78343979034911],[-43.372914326999933,-21.783509463349098],[-43.373036592999945,-21.783600989349107],[-43.372938019999935,-21.783712922349068],[-43.372888463999978,-21.783712433349066],[-43.372716874999981,-21.783760420349083],[-43.372618207999956,-21.783827190349072],[-43.372470630999942,-21.783943155349093],[-43.372420753999961,-21.78407814634906],[-43.372395188999974,-21.784308215349057],[-43.37236911399998,-21.784583437349081],[-43.372319331999961,-21.784763592349083],[-43.37219576699993,-21.784947533349065],[-43.372072202999959,-21.785131475349036],[-43.371924006999961,-21.785355819349036],[-43.371776011999948,-21.785562101349054],[-43.371578366999984,-21.785722732349022],[-43.37140489799998,-21.786204243349051],[-43.371330079999957,-21.786406729349014],[-43.371280082999931,-21.786659137349002],[-43.371059561999971,-21.786544061349016],[-43.370961817999955,-21.78647535634903],[-43.370839040999954,-21.78642898534904],[-43.370495622999954,-21.786384955349021],[-43.370152257999962,-21.786336407349019],[-43.369661728999979,-21.786313504349021],[-43.369219479999963,-21.786403978349011],[-43.368925252999929,-21.786446234349032],[-43.368581070999937,-21.786469933349029],[-43.368335541999954,-21.786535250349033],[-43.367967278999963,-21.786603871349005],[-43.367721348999964,-21.786651118348999],[-43.367598665999928,-21.786649907349013],[-43.367402344999959,-21.786693127349022],[-43.367279608999979,-21.786696431348989],[-43.367107461999986,-21.786739891349011],[-43.366911650999953,-21.786737956349022],[-43.366616676999961,-21.786739556349023],[-43.366543293999939,-21.78676141134903],[-43.366395576999935,-21.786782531349012],[-43.366199928999947,-21.786712856348995],[-43.365979453999955,-21.786647451349015],[-43.365758516999961,-21.786622685348998],[-43.365537836999977,-21.786575343349025],[-43.365292469999986,-21.786572915349012],[-43.36519400199996,-21.786621618349024],[-43.365046376999942,-21.786687898349019],[-43.36482515199998,-21.786848288349024],[-43.364676798999938,-21.787031978349003],[-43.364504576999941,-21.787188337349008],[-43.364307179999962,-21.787326381348986],[-43.364135161999968,-21.787464676348975],[-43.363938069999961,-21.787575626349003],[-43.363765869999952,-21.787623597349015],[-43.363619010999962,-21.78762214334899],[-43.363569966999933,-21.787576497349004],[-43.363277803999949,-21.787117481348975],[-43.362715115999947,-21.786795782348996],[-43.362470244999948,-21.786590132349009],[-43.362397539999968,-21.786499091348986],[-43.362349224999946,-21.786336034349048],[-43.362227550999926,-21.786086445349031],[-43.362057307999976,-21.785696377349037],[-43.361887194999952,-21.785401146349042],[-43.361789838999982,-21.785192441349075],[-43.361619944999973,-21.784824957349045],[-43.361473843999931,-21.784597704349057],[-43.361180629999978,-21.784391575349087],[-43.360812917999958,-21.784252447349083],[-43.360494506999942,-21.784136386349054],[-43.360175580999964,-21.784065481349067],[-43.359832174999944,-21.784021428349075],[-43.359587583999932,-21.783951260349095],[-43.359317611999984,-21.783880839349056],[-43.359171437999976,-21.783766486349112],[-43.359098556999989,-21.783585120349059],[-43.35902546799997,-21.783421816349101],[-43.359001370999977,-21.783308676349119],[-43.358977273999983,-21.783195535349073],[-43.358929221999972,-21.783009899349107],[-43.358807313999932,-21.782940948349115],[-43.359696939999935,-21.781617543349142],[-43.360776796999964,-21.781528903349152],[-43.362151728999947,-21.781375440349155],[-43.362692081999974,-21.781213699349152],[-43.364238056999966,-21.781219974349135],[-43.365880766999965,-21.781543318349161],[-43.366693797999964,-21.781447810349146],[-43.366834218999941,-21.781431314349138],[-43.366846565999943,-21.781454876349109],[-43.366895714999941,-21.781548671349114],[-43.366897537999925,-21.781548780349148],[-43.366902297999957,-21.781592008349129],[-43.366917588999968,-21.781645638349154],[-43.366920567999948,-21.781656088349141],[-43.366947757999974,-21.781978787349111],[-43.366973177999967,-21.782143186349142]]]},"properties":{"OBJECTID":107,"nro":59,"nome":"Cascatinha","qtd_contrib_oficina_1_centro":4,"qtd_contrib_oficina_2_oeste":null,"qtd_contrib_oficina_3_leste":null,"qtd_contrib_oficina_4_nordeste":null,"qtd_contrib_oficina_5_vilas_nu":null,"qtd_contrib_oficina_6_n_co":null,"qtd_contrib_oficina_7_sudeste":null,"qtd_contrib_oficina_8_sul":"2","qtd_inscricoes_vaf":181,"observacao":"-","fonte":"PDDU","ano":"2000","vaf_2018":47390545,"vaf_2019":69293784,"vaf_2020":59825371,"vaf_2021":65346654,"vaf_2022":58041678,"bairro_dado_vinculado":"-","regiao_planejamento":"Centro","shape.STArea()":5.5469636239467517e-05,"shape.STLength()":0.035007675090909317}},{"type":"Feature","id":108,"geometry":{"type":"Polygon","coordinates":[[[-43.349648275999989,-21.782624870349089],[-43.349684401999973,-21.782652160349095],[-43.349746787999948,-21.7826992873491],[-43.349838148999943,-21.78276830434908],[-43.349843371999953,-21.782772248349097],[-43.349912553999957,-21.782825780349082],[-43.349981626999984,-21.78287922634911],[-43.349993421999955,-21.782888352349119],[-43.350068024999977,-21.782925981349084],[-43.35009906099998,-21.782941635349125],[-43.350144992999958,-21.782969631349097],[-43.350171748999976,-21.782985939349089],[-43.350193635999972,-21.782999281349074],[-43.350212065999983,-21.78301055934913],[-43.350218731999973,-21.783014638349073],[-43.350305512999967,-21.783067745349115],[-43.350390750999964,-21.783119909349121],[-43.350491187999971,-21.783181372349073],[-43.35049565099996,-21.783184613349075],[-43.350575652999964,-21.783242695349088],[-43.35060759199996,-21.783265883349085],[-43.350662944999954,-21.783308141349092],[-43.350713926999958,-21.783347061349094],[-43.350725354999952,-21.783361161349074],[-43.350775289999945,-21.783422766349076],[-43.350800653999954,-21.783454058349079],[-43.350815669999974,-21.783473506349079],[-43.350854752999965,-21.783524130349107],[-43.35088422299998,-21.783562300349093],[-43.350916336999944,-21.783593575349073],[-43.350980524999954,-21.783656086349072],[-43.350988290999958,-21.7836648343491],[-43.350997538999934,-21.783675250349098],[-43.351043688999937,-21.783727229349093],[-43.351059915999947,-21.78375152134906],[-43.351065720999934,-21.783760209349094],[-43.351112111999953,-21.783827549349084],[-43.351131532999943,-21.783855740349097],[-43.351154805999954,-21.783906720349059],[-43.351174973999939,-21.783950898349051],[-43.351191578999931,-21.783983874349051],[-43.351233257999979,-21.784066647349082],[-43.351275485999963,-21.784150511349051],[-43.351278667999964,-21.784155595349077],[-43.351333321999967,-21.784242919349058],[-43.351365255999951,-21.784293944349049],[-43.35138062599998,-21.784318501349066],[-43.351408211999967,-21.784362576349071],[-43.351433021999981,-21.784402218349069],[-43.351368651999962,-21.784443861349036],[-43.351344747999974,-21.784433713349046],[-43.351149042999964,-21.784498191349048],[-43.35104460499997,-21.784607619349082],[-43.350383897999961,-21.784779700349038],[-43.350354591999967,-21.784787333349026],[-43.349675335999962,-21.784964144349047],[-43.349639532999959,-21.784973463349065],[-43.349297992999936,-21.78506236534907],[-43.348979449999945,-21.785145588349067],[-43.348714120999944,-21.785214908349023],[-43.348702679999974,-21.785217117349028],[-43.348592738999969,-21.785246309349031],[-43.348592641999971,-21.785246335349044],[-43.348655574999952,-21.785285748349065],[-43.348317147999978,-21.785383489349048],[-43.348046353999955,-21.785543359349042],[-43.347800595999956,-21.78568090034905],[-43.34750527999995,-21.785817944349038],[-43.347381907999932,-21.785929611349037],[-43.347331955999948,-21.78606910934905],[-43.347331353999948,-21.786227164349025],[-43.347428998999931,-21.786408782349024],[-43.347648635999974,-21.786546459349008],[-43.347869136999975,-21.786661565349021],[-43.347991078999947,-21.786780202349036],[-43.348039859999979,-21.786848430349011],[-43.34818662999993,-21.78696279834903],[-43.34830862299998,-21.787076918349008],[-43.348283588999948,-21.787257309349023],[-43.347541110999941,-21.78849179734895],[-43.347761442999975,-21.788674640348951],[-43.347981601999948,-21.78876716234894],[-43.348324790999989,-21.78888349534899],[-43.348618594999948,-21.78893159234898],[-43.348789886999953,-21.789068786348956],[-43.348961010999972,-21.789273716348955],[-43.349107096999937,-21.789500978348954],[-43.349204177999979,-21.78973226734896],[-43.349325261999979,-21.79003153534893],[-43.349495351999963,-21.790326777348923],[-43.349641474999942,-21.790603715348933],[-43.349762353999949,-21.790921045348902],[-43.348404211999934,-21.792659696348885],[-43.348131938999984,-21.793158253348835],[-43.346477122999943,-21.795304878348812],[-43.346255260999953,-21.795623295348815],[-43.346130737999943,-21.795992362348809],[-43.346080141999956,-21.796240238348759],[-43.346054356999957,-21.79653803834875],[-43.345979531999951,-21.796790186348758],[-43.345953402999953,-21.797065403348771],[-43.345756144999939,-21.797293745348778],[-43.345484632999955,-21.797566504348765],[-43.345139158999984,-21.797910777348747],[-43.344917947999924,-21.798066621348749],[-43.344671904999977,-21.798226732348763],[-43.344352040999986,-21.798340943348741],[-43.343909308999969,-21.798521662348758],[-43.343516485999942,-21.798567399348741],[-43.34332040299995,-21.798588013348727],[-43.343050010999953,-21.798657557348722],[-43.342607452999971,-21.79877053434873],[-43.342361666999984,-21.798908064348748],[-43.342164543999964,-21.799018986348724],[-43.341991887999939,-21.799157249348713],[-43.341770360999931,-21.799340182348722],[-43.341452108999938,-21.799156345348727],[-43.341305071999948,-21.799064549348738],[-43.341183074999947,-21.7989504233487],[-43.341061306999968,-21.798764043348701],[-43.340914964999975,-21.79855935234875],[-43.340769229999978,-21.798354667348718],[-43.340598193999945,-21.798194888348725],[-43.340451384999938,-21.798030837348719],[-43.340305045999969,-21.797826145348772],[-43.34020783099993,-21.797712268348722],[-43.340061316999943,-21.79757531634873],[-43.339889761999977,-21.797460690348764],[-43.339718031999951,-21.797413804348764],[-43.339546644999984,-21.797389502348764],[-43.339423954999972,-21.797388269348737],[-43.339252307999971,-21.797386542348761],[-43.339031309999932,-21.797366257348756],[-43.338811144999973,-21.797273722348734],[-43.338688370999932,-21.797227327348768],[-43.338541160999959,-21.797203267348785],[-43.338492205999955,-21.797202774348762],[-43.338345079999947,-21.797223873348745],[-43.338222075999965,-21.797249733348735],[-43.337976517999948,-21.797315002348743],[-43.337681607999968,-21.797361711348746],[-43.337607872999968,-21.797360969348738],[-43.337411445999969,-21.79735899234873],[-43.337289015999943,-21.79733517934875],[-43.337092798999947,-21.797315140348761],[-43.337167462999957,-21.797130735348738],[-43.337193264999947,-21.796832938348761],[-43.337268802999972,-21.79646790134878],[-43.33731964499998,-21.796147776348764],[-43.337394661999944,-21.795827894348772],[-43.337445940999942,-21.795417451348822],[-43.337521967999976,-21.794957584348829],[-43.33762211699996,-21.794502474348814],[-43.33764782399993,-21.794317576348831],[-43.337698580999984,-21.793952289348823],[-43.338115909999942,-21.793929392348822],[-43.338382203999977,-21.794686245348835],[-43.338481476999952,-21.794411767348841],[-43.338629785999963,-21.79418294234884],[-43.338827654999939,-21.793954614348852],[-43.338999648999959,-21.793820864348831],[-43.339294467999935,-21.793728991348846],[-43.339589629999978,-21.793659701348844],[-43.339835006999976,-21.793662167348867],[-43.339982212999985,-21.793686227348843],[-43.34030044999998,-21.793870066348827],[-43.340519655999969,-21.794098069348848],[-43.340887367999983,-21.79423724334881],[-43.341010315999938,-21.79421589734882],[-43.341280615999956,-21.794101195348809],[-43.34135518599993,-21.793871626348814],[-43.341405614999985,-21.793691492348877],[-43.341430972999945,-21.793484010348877],[-43.341481544999965,-21.793186459348853],[-43.341605503999972,-21.792867066348894],[-43.341827364999972,-21.792706716348846],[-43.342147828999934,-21.7924344543489],[-43.342272305999984,-21.792069906348861],[-43.34234787999997,-21.791700350348915],[-43.342397008999967,-21.791633102348921],[-43.342495174999947,-21.791611507348904],[-43.342569167999955,-21.791589670348873],[-43.342716339999981,-21.791564049348921],[-43.342815633999976,-21.791339244348915],[-43.342792034999952,-21.791131270348881],[-43.342719949999946,-21.790882166348904],[-43.342622794999947,-21.790605714348931],[-43.342476542999975,-21.790446185348909],[-43.342353772999957,-21.790399793348904],[-43.342157700999955,-21.790420407348901],[-43.342281740999965,-21.790146173348951],[-43.342405605999943,-21.789939678348915],[-43.342480122999973,-21.789714625348967],[-43.342481301999953,-21.789506900348968],[-43.342408665999983,-21.789253273348976],[-43.342360321999934,-21.789094727348949],[-43.342299130999947,-21.788949601348946],[-43.342272524999942,-21.78884546434896],[-43.342256850999952,-21.788736922348935],[-43.342314688999984,-21.788385252348956],[-43.342414552999969,-21.788110777349001],[-43.342562362999963,-21.787976779348984],[-43.343053980999969,-21.787746876348994],[-43.343226395999977,-21.787680864349003],[-43.34349667999993,-21.787566157348991],[-43.343742044999949,-21.787568617349002],[-43.343938683999966,-21.787498331348964],[-43.343890339999973,-21.787339786348998],[-43.34379286799998,-21.787248488349029],[-43.343645840999947,-21.787156694349015],[-43.343573374999949,-21.786993390349004],[-43.343550207999954,-21.786695100349021],[-43.343648804999937,-21.78658318834901],[-43.343746967999941,-21.786561591348999],[-43.343820697999945,-21.786562330349028],[-43.343943346999936,-21.786513883348992],[-43.343943864999979,-21.786468729349028],[-43.343846394999957,-21.786377431349006],[-43.343723712999974,-21.78637620134899],[-43.343527215999984,-21.786329071349009],[-43.343380307999944,-21.786332114349001],[-43.34318381199995,-21.78628498434901],[-43.343037216999967,-21.786260934349034],[-43.341518783999959,-21.785590878349065],[-43.341726368999957,-21.783307851349079],[-43.342019809999954,-21.783491435349095],[-43.34206910499995,-21.783514509349111],[-43.342166486999986,-21.783560647349059],[-43.342264559999933,-21.783651952349071],[-43.342460532999951,-21.783744238349055],[-43.342656421999948,-21.783791363349088],[-43.342901573999939,-21.783811885349085],[-43.343049030999971,-21.783813364349083],[-43.343122758999982,-21.783814103349062],[-43.34334356599993,-21.783744060349058],[-43.343540492999978,-21.783700873349101],[-43.34378607699994,-21.783631078349092],[-43.344056872999943,-21.783471215349081],[-43.344204157999968,-21.783382370349099],[-43.344231079999922,-21.783360808349066],[-43.344235705999949,-21.783319184349118],[-43.344233454999937,-21.783317466349096],[-43.344402180999964,-21.783115020349097],[-43.344402448999972,-21.783114699349088],[-43.344461554999945,-21.783043778349118],[-43.344519901999945,-21.78297376834912],[-43.344520929999923,-21.782972535349078],[-43.344521922999945,-21.782971345349093],[-43.344523616999936,-21.782971334349103],[-43.344524803999946,-21.78296862334912],[-43.344541591999985,-21.782930328349096],[-43.344710341999985,-21.782936888349067],[-43.344840299999923,-21.782944934349079],[-43.344899544999976,-21.782938832349089],[-43.344909162999954,-21.782937841349113],[-43.34497380199997,-21.782931183349096],[-43.345203365999964,-21.782891210349074],[-43.345322004999957,-21.782870552349099],[-43.345807968999964,-21.782777355349094],[-43.345909148999965,-21.78276328034913],[-43.345953463999926,-21.782775039349076],[-43.345965323999962,-21.782797788349114],[-43.346074389999963,-21.7827871853491],[-43.346259183999962,-21.782795350349094],[-43.346498800999939,-21.782805935349078],[-43.346747080999933,-21.782816903349108],[-43.346789532999935,-21.782818779349114],[-43.346861464999954,-21.782818662349094],[-43.346881466999939,-21.782751542349114],[-43.346869161999962,-21.782623675349122],[-43.346936699999958,-21.78261106934913],[-43.347128273999942,-21.782587316349129],[-43.347175460999949,-21.7825814663491],[-43.347178284999991,-21.782601284349091],[-43.347180861999959,-21.782625495349127],[-43.347372182999941,-21.782652270349111],[-43.347477731999959,-21.7826670423491],[-43.347482769999942,-21.782704618349111],[-43.34749206999993,-21.782774002349072],[-43.347497890999932,-21.78281742734908],[-43.347499304999978,-21.78283585934912],[-43.347608531999974,-21.782836135349111],[-43.347724488999972,-21.782836427349082],[-43.347844839999937,-21.782813518349094],[-43.347965189999968,-21.782790609349103],[-43.348113152999986,-21.782762443349103],[-43.348230607999938,-21.782740087349119],[-43.348397508999938,-21.782708316349122],[-43.348513976999982,-21.782684957349105],[-43.348632594999977,-21.782669902349081],[-43.34879972899995,-21.782690571349136],[-43.34881449899995,-21.78269888734911],[-43.348943511999948,-21.78277256334912],[-43.349084314999971,-21.782717871349135],[-43.349179604999968,-21.782571115349075],[-43.349181878999957,-21.782567613349116],[-43.34921411299996,-21.782517971349101],[-43.349319039999955,-21.782356370349099],[-43.349515294999946,-21.782517196349104],[-43.349648275999989,-21.782624870349089]]]},"properties":{"OBJECTID":108,"nro":68,"nome":"Santa Luzia","qtd_contrib_oficina_1_centro":null,"qtd_contrib_oficina_2_oeste":null,"qtd_contrib_oficina_3_leste":null,"qtd_contrib_oficina_4_nordeste":null,"qtd_contrib_oficina_5_vilas_nu":null,"qtd_contrib_oficina_6_n_co":null,"qtd_contrib_oficina_7_sudeste":null,"qtd_contrib_oficina_8_sul":"17","qtd_inscricoes_vaf":168,"observacao":"-","fonte":"PDDU","ano":"2000","vaf_2018":5729896,"vaf_2019":15205683,"vaf_2020":12153713,"vaf_2021":8904373,"vaf_2022":7130124,"bairro_dado_vinculado":"-","regiao_planejamento":"Sul","shape.STArea()":0.00010910919375921302,"shape.STLength()":0.064195894070532555}},{"type":"Feature","id":109,"geometry":{"type":"Polygon","coordinates":[[[-43.332851908999942,-21.78139032934914],[-43.332990164999956,-21.781587864349127],[-43.333007620999979,-21.781612807349163],[-43.333139048999954,-21.781647714349138],[-43.333290386999977,-21.781579008349105],[-43.33346275699995,-21.781500752349118],[-43.333532021999986,-21.781469305349141],[-43.333534688999983,-21.781468094349162],[-43.333565140999951,-21.781454269349098],[-43.333621562999951,-21.781428654349138],[-43.333733423999945,-21.781377869349161],[-43.333733572999954,-21.781359058349139],[-43.333733726999981,-21.781339877349161],[-43.333733739999957,-21.781338270349167],[-43.333733797999969,-21.78133112434913],[-43.333734484999979,-21.781326101349162],[-43.333734579999941,-21.781323784349109],[-43.333734269999987,-21.781318357349154],[-43.333733830999961,-21.781302505349167],[-43.333733764999977,-21.781300124349148],[-43.333846743999977,-21.781247094349158],[-43.333848888999967,-21.781246088349164],[-43.333841985999975,-21.781509320349105],[-43.333831600999986,-21.781905252349112],[-43.334924214999937,-21.781916263349125],[-43.33501427899995,-21.780973322349148],[-43.335332410999968,-21.780953947349122],[-43.335521688999961,-21.780892629349182],[-43.335892187999946,-21.780629914349159],[-43.336093353999956,-21.780428719349182],[-43.336401940999963,-21.780346020349167],[-43.336661212999957,-21.780294438349141],[-43.336881088999974,-21.780147622349165],[-43.337219110999968,-21.78013295834916],[-43.337338368999951,-21.780116094349193],[-43.337505827999962,-21.780217131349175],[-43.337798810999971,-21.780649100349134],[-43.337897273999943,-21.780758475349163],[-43.338231255999972,-21.78104182634916],[-43.338507506999981,-21.781247826349141],[-43.338922561999937,-21.781419090349157],[-43.339140722999957,-21.781421283349164],[-43.339438652999945,-21.781424277349156],[-43.33968780999993,-21.781359039349105],[-43.340065509999938,-21.781362832349135],[-43.34033416099993,-21.781284242349159],[-43.340488418999939,-21.781692234349151],[-43.340703753999939,-21.781992453349144],[-43.341033952999965,-21.782605432349115],[-43.341315420999933,-21.782883736349113],[-43.34156441399994,-21.783148164349083],[-43.341731203999991,-21.783307899349104],[-43.341618220999976,-21.784405728349071],[-43.341602595999973,-21.784557548349056],[-43.341514813999943,-21.785595564349016],[-43.341518783999959,-21.785590878349065],[-43.341870841999935,-21.785746236349038],[-43.341846788999923,-21.785776054349007],[-43.341741578999972,-21.785705086349019],[-43.341687148999938,-21.785762863349021],[-43.341612075999933,-21.785705206349057],[-43.341511883999949,-21.785773111349037],[-43.341469365999963,-21.785850668349035],[-43.341237932999945,-21.78598171934901],[-43.340978899999982,-21.786078458349024],[-43.340900785999956,-21.786141170349008],[-43.340832755999941,-21.786191866349025],[-43.340772125999933,-21.786262223348992],[-43.34069210399997,-21.786344078349021],[-43.340611575999951,-21.786404400349028],[-43.340574819999965,-21.786435730349041],[-43.340531321999947,-21.786472805349007],[-43.340453560999947,-21.786539086348998],[-43.34036440199997,-21.786615082349016],[-43.340322413999957,-21.786641554349018],[-43.34027898599993,-21.786665917349044],[-43.340222362999953,-21.786693521349004],[-43.340163895999979,-21.786717539348988],[-43.340110900999939,-21.786735694349009],[-43.340056853999954,-21.786750904349013],[-43.339977370999968,-21.786767554349034],[-43.339966287999971,-21.786773018349013],[-43.33988708399994,-21.786825993349026],[-43.339881894999962,-21.786814613349044],[-43.339877700999978,-21.786805418349015],[-43.339853453999972,-21.786752243349014],[-43.339832232999981,-21.786705707349004],[-43.339676203999943,-21.786749136349009],[-43.339605988999956,-21.786768681348999],[-43.339536128999953,-21.78678812634902],[-43.339527600999936,-21.786843052348974],[-43.339519905999964,-21.786845340349],[-43.339438134999973,-21.786869653348976],[-43.33942606599993,-21.786871577348979],[-43.339409760999956,-21.786874178348992],[-43.339405430999932,-21.786874869349017],[-43.339341775999969,-21.786885022349018],[-43.339327473999958,-21.786883571349009],[-43.339246195999976,-21.786875328348998],[-43.33921882299996,-21.78687405234902],[-43.339136539999977,-21.78687021334903],[-43.339040255999976,-21.786865722348999],[-43.338950946999944,-21.786854246349002],[-43.338944582999943,-21.786853427349026],[-43.338855370999973,-21.786841963349019],[-43.338753188999931,-21.786828832349013],[-43.338734431999967,-21.786822729349037],[-43.338634658999979,-21.786807826349015],[-43.338521469999932,-21.78678212234902],[-43.338408102999949,-21.786757998349039],[-43.338299958999976,-21.786735139349016],[-43.338186529999973,-21.786711323349007],[-43.338085937999942,-21.786690781348998],[-43.33808706599995,-21.786678166348988],[-43.337974188999965,-21.786661157349013],[-43.337849179999978,-21.786642320348985],[-43.337753923999969,-21.786627967349002],[-43.337680836999937,-21.786586483349001],[-43.337661450999974,-21.786586288349017],[-43.337651536999942,-21.786591190349021],[-43.337536814999964,-21.78666656834903],[-43.337483023999937,-21.786701910349013],[-43.337479898999959,-21.786972839349019],[-43.337652783999943,-21.787128124349024],[-43.338106220999975,-21.787326874349002],[-43.338522867999977,-21.787466544349016],[-43.339020331999954,-21.787778635348964],[-43.339170754999941,-21.787942723348973],[-43.339319115999956,-21.788233240348966],[-43.339210876999964,-21.788394730348998],[-43.338986049999953,-21.788550529348957],[-43.338417356999976,-21.788544812348945],[-43.337914640999941,-21.788792653348974],[-43.337636661999966,-21.78899759434896],[-43.337543966999931,-21.789330847348964],[-43.337473820999946,-21.789700454348935],[-43.33735171099994,-21.790173408348938],[-43.337266423999957,-21.791017044348894],[-43.337248041999935,-21.79192909534887],[-43.337333518999969,-21.792431233348857],[-43.337421027999937,-21.792757267348861],[-43.337523228999942,-21.793119578348854],[-43.337566940999977,-21.793260014348835],[-43.337655282999947,-21.793513800348855],[-43.337659931999951,-21.793739648348868],[-43.337708854999967,-21.793952392348814],[-43.337385335999947,-21.795850379348778],[-43.337156833999984,-21.79700417934874],[-43.337094716999957,-21.797306127348751],[-43.337016665999954,-21.797522111348766],[-43.336993706999984,-21.798149605348769],[-43.337006501999952,-21.798402631348754],[-43.337212179999938,-21.798964687348722],[-43.337385265999949,-21.799156102348736],[-43.337693558999945,-21.799416618348694],[-43.338327842999945,-21.799766218348672],[-43.338841916999968,-21.799952029348674],[-43.339234485999945,-21.800190811348717],[-43.339518027999937,-21.800658811348654],[-43.339582264999933,-21.801011706348646],[-43.339582125999982,-21.801652978348681],[-43.339551696999933,-21.80167073734863],[-43.339448337999954,-21.802089687348662],[-43.33926897799995,-21.802494325348611],[-43.339007582999947,-21.802726530348632],[-43.338624522999964,-21.803025249348629],[-43.33850872599993,-21.803159564348597],[-43.338057833999983,-21.803416956348627],[-43.33777542699994,-21.803531530348632],[-43.33750792099994,-21.803664317348609],[-43.33726288299993,-21.8037882993486],[-43.337055586999959,-21.803993948348602],[-43.336864079999934,-21.804141048348594],[-43.336817309999958,-21.804212834348569],[-43.336663306999981,-21.804409987348617],[-43.336547277999948,-21.804616555348559],[-43.336307694999959,-21.804948326348594],[-43.336106501999957,-21.805253387348596],[-43.335889832999953,-21.805589904348572],[-43.335750767999969,-21.805770638348548],[-43.335742428999929,-21.805781476348585],[-43.335627777999946,-21.805930480348554],[-43.335303003999968,-21.806414935348531],[-43.335017090999948,-21.806832040348525],[-43.33469987899997,-21.807289475348501],[-43.334441528999946,-21.807675245348523],[-43.334120634999977,-21.808137156348511],[-43.333850190999954,-21.808522804348474],[-43.333679836999984,-21.808773981348459],[-43.333448254999951,-21.809092280348469],[-43.333262972999933,-21.80937943334845],[-43.333046656999954,-21.809684337348454],[-43.332952306999971,-21.809821069348441],[-43.332870192999962,-21.809945036348484],[-43.33286618999994,-21.809951078348476],[-43.33286915399998,-21.809958267348456],[-43.332836895999947,-21.809982850348472],[-43.332673051999969,-21.810110180348467],[-43.332581338999944,-21.810267689348432],[-43.332469226999933,-21.810462269348452],[-43.332185725999977,-21.810794915348442],[-43.331731812999976,-21.811181756348397],[-43.331449717999938,-21.811393260348442],[-43.331268669999986,-21.811503265348399],[-43.330972666999969,-21.811702032348418],[-43.330618692999955,-21.81189690234838],[-43.330182044999951,-21.812167261348392],[-43.329895707999988,-21.8121719963484],[-43.329682267999942,-21.812238531348424],[-43.329410696999958,-21.812380803348379],[-43.329202739999971,-21.812549582348399],[-43.328956081999927,-21.812923243348365],[-43.328902656999965,-21.813018835348398],[-43.328809038999964,-21.813196422348391],[-43.328748935999954,-21.813444540348378],[-43.328694834999958,-21.813598111348373],[-43.328623221999969,-21.813797705348346],[-43.328514060999964,-21.814078977348348],[-43.32847877599994,-21.814299964348365],[-43.32809954499993,-21.814555633348323],[-43.327967178999984,-21.81468404634834],[-43.327226666999934,-21.815058173348334],[-43.326478416999976,-21.815394057348357],[-43.326192875999929,-21.815675735348304],[-43.326070737999942,-21.816910234348306],[-43.326016809999942,-21.817781460348296],[-43.326020541999974,-21.818087982348253],[-43.325827621999963,-21.81835845434826],[-43.325635889999944,-21.818526777348275],[-43.325325875999965,-21.818670302348266],[-43.32515611599996,-21.818832036348233],[-43.324663805999926,-21.819113089348253],[-43.324500946999933,-21.819308947348233],[-43.324267246999966,-21.819946782348243],[-43.324244004999969,-21.820062329348183],[-43.324140322999938,-21.820190679348205],[-43.324078326999931,-21.820235910348192],[-43.323850235999942,-21.820304296348201],[-43.323634827999967,-21.820338588348207],[-43.32339158199995,-21.820434632348189],[-43.323180319999949,-21.820508584348214],[-43.322771925999973,-21.8205851813482],[-43.322045829999972,-21.820833158348204],[-43.321927290999945,-21.820941394348214],[-43.321573797999967,-21.82108371834817],[-43.321376658999952,-21.821227633348201],[-43.321160824999936,-21.821298397348187],[-43.320748486999939,-21.82145836134816],[-43.320532013999973,-21.8215838383482],[-43.320257972999968,-21.821617528348206],[-43.320023233999962,-21.821633379348203],[-43.319632681999963,-21.821910371348153],[-43.319477253999935,-21.822066247348165],[-43.319415020999934,-21.82211166634816],[-43.319281218999947,-21.822213965348151],[-43.319134298999991,-21.822294197348167],[-43.319009510999933,-21.822354223348185],[-43.318856404999963,-21.822339043348133],[-43.318701565999959,-21.822274688348198],[-43.318670384999962,-21.822268185348182],[-43.318449751999928,-21.822275138348147],[-43.318208966999975,-21.822333789348168],[-43.31805619599993,-21.822332232348142],[-43.317750769999975,-21.822318934348147],[-43.317845383999952,-21.822096065348191],[-43.31782076099995,-21.82199122834815],[-43.317789249999976,-21.821888011348147],[-43.317750974999967,-21.821786808348175],[-43.317706078999947,-21.821688006348211],[-43.317654734999962,-21.821591980348213],[-43.31759713799994,-21.821499098348156],[-43.317533509999976,-21.821409714348192],[-43.317464091999973,-21.821324170348191],[-43.317389147999961,-21.821242791348194],[-43.317236217999948,-21.821125486348198],[-43.317176115999985,-21.821057003348191],[-43.317086510999957,-21.820994348348176],[-43.31699303399995,-21.820936839348196],[-43.31689602299997,-21.820884682348222],[-43.316795827999954,-21.820838067348184],[-43.316692812999975,-21.820797163348189],[-43.316587348999967,-21.820762118348185],[-43.316479818999944,-21.82073305834821],[-43.316370610999968,-21.820710090348218],[-43.316260122999942,-21.820693295348196],[-43.316148752999936,-21.820682735348225],[-43.315957541999978,-21.820672663348226],[-43.315665674999934,-21.820677022348221],[-43.315221518999977,-21.820695326348197],[-43.314907135999931,-21.820708284348207],[-43.314649947999953,-21.820732885348232],[-43.314419586999975,-21.820770501348203],[-43.314147193999929,-21.820846513348226],[-43.313636474999946,-21.821013730348174],[-43.313523652999947,-21.821039984348207],[-43.313411131999942,-21.821057133348177],[-43.313297683999963,-21.821067705348185],[-43.31318375099994,-21.821071657348174],[-43.313069776999953,-21.821068976348215],[-43.312956201999953,-21.821059673348209],[-43.312843468999979,-21.82104378134818],[-43.312732013999948,-21.821021364348219],[-43.312622271999942,-21.820992510348173],[-43.31251466599997,-21.8209573273482],[-43.31240961699995,-21.820915956348191],[-43.312307531999977,-21.820868555348177],[-43.312208805999944,-21.820815309348184],[-43.312113823999937,-21.820756426348183],[-43.312022954999975,-21.820692132348217],[-43.311936550999974,-21.820622679348173],[-43.311854945999983,-21.820548335348196],[-43.31177846099996,-21.820469389348215],[-43.311707389999981,-21.820386149348181],[-43.311642007999978,-21.820298937348198],[-43.311582571999971,-21.820208092348228],[-43.311529309999969,-21.820113966348202],[-43.311482430999945,-21.820016926348249],[-43.311432887999956,-21.819898985348214],[-43.311389885999965,-21.819778827348255],[-43.311353539999963,-21.819656769348203],[-43.311323944999977,-21.819533131348219],[-43.31130117899994,-21.819408237348224],[-43.311285299999952,-21.819282419348269],[-43.311276352999982,-21.819156007348226],[-43.311274358999981,-21.819029331348244],[-43.311278453999925,-21.818916402348233],[-43.311288073999947,-21.818803764348225],[-43.311303202999966,-21.818691657348264],[-43.311323805999955,-21.818580312348221],[-43.311349842999967,-21.81846996334826],[-43.31138428099996,-21.818342676348284],[-43.311425729999932,-21.818217222348281],[-43.311474074999978,-21.818093941348266],[-43.311529187999952,-21.817973161348249],[-43.311590922999983,-21.817855206348298],[-43.311659110999976,-21.817740392348266],[-43.31173357299997,-21.817629028348243],[-43.311814105999986,-21.817521412348277],[-43.31190049799995,-21.817417831348248],[-43.31199251299995,-21.817318563348262],[-43.312089906999965,-21.817223877348255],[-43.312192417999938,-21.817134023348252],[-43.31229977299995,-21.817049243348311],[-43.312411682999937,-21.816969765348279],[-43.312527846999949,-21.816895803348295],[-43.312755387999971,-21.816773614348268],[-43.313017489999936,-21.81667072634831],[-43.313316206999957,-21.816553463348324],[-43.313583804999951,-21.816448417348276],[-43.313778020999962,-21.816334728348298],[-43.313874716999976,-21.81627124934829],[-43.313966769999979,-21.816202010348324],[-43.314053785999924,-21.8161273103483],[-43.314135394999937,-21.816047465348277],[-43.314211247999935,-21.815962817348304],[-43.314281023999968,-21.815873725348315],[-43.314344422999966,-21.815780573348334],[-43.314401175999933,-21.815683754348317],[-43.314451039999931,-21.815583682348315],[-43.314493802999941,-21.815480785348331],[-43.314529281999974,-21.815375500348321],[-43.314557324999953,-21.815268278348331],[-43.31457781599994,-21.815159575348307],[-43.314590662999933,-21.815049856348342],[-43.314595813999965,-21.814939587348352],[-43.314593495999929,-21.814833639348343],[-43.314584072999935,-21.81472803334831],[-43.314567580999949,-21.814623189348346],[-43.314544084999966,-21.814519513348369],[-43.314513676999979,-21.814417418348331],[-43.314476476999964,-21.814317302348339],[-43.314432630999931,-21.814219561348349],[-43.314382310999974,-21.81412457634837],[-43.314325716999974,-21.814032724348344],[-43.314263067999946,-21.813944364348345],[-43.314194612999984,-21.813859843348386],[-43.314120619999976,-21.813779495348346],[-43.314041380999974,-21.813703634348371],[-43.313957204999952,-21.813632560348374],[-43.313868425999942,-21.813566552348341],[-43.313566691999938,-21.813341508348355],[-43.313344368999935,-21.813163778348393],[-43.313247539999963,-21.813084299348382],[-43.313155820999953,-21.81299969934841],[-43.313069521999971,-21.812910266348386],[-43.312988932999986,-21.812816301348359],[-43.312914327999977,-21.8127181223484],[-43.312845959999947,-21.812616060348411],[-43.312784057999977,-21.812510461348417],[-43.312678964999975,-21.812323545348395],[-43.312520650999943,-21.81195617434842],[-43.312337646999936,-21.81135699434844],[-43.312212947999967,-21.810948709348413],[-43.312068160999956,-21.810607150348432],[-43.311895092999968,-21.81019887134844],[-43.311728269999946,-21.809928768348456],[-43.311176348999936,-21.80920490834848],[-43.310699781999972,-21.808579873348517],[-43.310211428999935,-21.8079393733485],[-43.310064608999937,-21.807721123348507],[-43.310007121999945,-21.80759618234849],[-43.309955556999967,-21.807469006348516],[-43.309910015999947,-21.807339842348529],[-43.309870584999942,-21.807208936348491],[-43.309837339999945,-21.807076542348515],[-43.30981034499996,-21.806942913348511],[-43.309789650999953,-21.806808306348564],[-43.309775299999956,-21.806672983348509],[-43.309767316999967,-21.806537202348526],[-43.309765718999984,-21.80640122334853],[-43.309765747999961,-21.806398817348519],[-43.309775362999972,-21.806018755348553],[-43.309789868999992,-21.80544531234856],[-43.309800435999925,-21.805027589348565],[-43.309782277999943,-21.804885615348603],[-43.309757054999977,-21.80474458634859],[-43.309724821999964,-21.804604809348575],[-43.30968564799997,-21.804466587348603],[-43.309639617999942,-21.804330218348589],[-43.309586831999979,-21.804196002348604],[-43.309527405999972,-21.804064228348601],[-43.309461468999991,-21.803935185348578],[-43.309389161999945,-21.803809150348588],[-43.309310644999982,-21.803686401348628],[-43.309226087999946,-21.803567202348596],[-43.309135673999947,-21.803451813348637],[-43.309039598999959,-21.803340483348592],[-43.30893807199994,-21.803233457348625],[-43.308831314999964,-21.80313096434864],[-43.308679394999956,-21.802985946348628],[-43.308476293999945,-21.802756490348646],[-43.30837506599994,-21.802642130348644],[-43.30830848599993,-21.802556971348611],[-43.308247171999938,-21.802468431348636],[-43.308191318999945,-21.802376794348611],[-43.308141106999983,-21.802282353348627],[-43.308096696999939,-21.80218541034867],[-43.308058229999972,-21.802086277348632],[-43.308025831999942,-21.80198526934862],[-43.307999602999985,-21.80188271234864],[-43.307928351999976,-21.801532800348649],[-43.307893724999985,-21.801362745348641],[-43.307859309999969,-21.801258186348683],[-43.307817752999938,-21.801155914348687],[-43.307769225999941,-21.801056355348663],[-43.307713930999967,-21.800959923348707],[-43.307652097999949,-21.800867018348669],[-43.307583982999972,-21.800778027348684],[-43.307509870999972,-21.800693319348653],[-43.307430068999963,-21.800613246348664],[-43.307344906999958,-21.8005381433487],[-43.307254741999941,-21.800468318348681],[-43.307159944999967,-21.800404064348683],[-43.307060913999976,-21.800345647348689],[-43.306958057999964,-21.800293310348692],[-43.306851804999951,-21.800247271348709],[-43.306742595999935,-21.800207720348681],[-43.306630885999937,-21.800174823348687],[-43.306517136999958,-21.800148716348698],[-43.30640182399997,-21.800129508348668],[-43.306285426999978,-21.800117277348694],[-43.30616842499996,-21.800112076348661],[-43.30605130899994,-21.800113925348676],[-43.305934564999973,-21.800122818348701],[-43.305818674999955,-21.800138716348709],[-43.305753041999935,-21.799478038348706],[-43.305943377999938,-21.79823701034875],[-43.306031486999984,-21.797754034348763],[-43.306036012999975,-21.797369175348773],[-43.306110019999949,-21.797084004348736],[-43.306176130999972,-21.796468834348758],[-43.306184274999964,-21.795776087348816],[-43.305977512999959,-21.795334076348805],[-43.305697132999967,-21.79514424734878],[-43.30570049399995,-21.794858352348811],[-43.30553863199998,-21.794603753348852],[-43.305541088999973,-21.79439483034885],[-43.305542898999931,-21.794240886348817],[-43.305630617999952,-21.793790897348824],[-43.305635920999975,-21.79334006334885],[-43.30572415599994,-21.79284608934886],[-43.305848228999935,-21.792308495348905],[-43.305651047999959,-21.792053534348913],[-43.305433163999965,-21.791556420348886],[-43.305356566999933,-21.791060757348909],[-43.305254999999924,-21.790685807348936],[-43.305215274999973,-21.790058554348942],[-43.305373247999967,-21.789642276348928],[-43.305601211999942,-21.789281704348941],[-43.305934750999938,-21.788955205348973],[-43.30620851499998,-21.78870507434894],[-43.30589282599994,-21.788514883348963],[-43.305554366999957,-21.788258475348975],[-43.30524074799996,-21.787892347348976],[-43.305100902999982,-21.787742790349014],[-43.304887513999972,-21.787653285348995],[-43.304619817999935,-21.787442804348995],[-43.304622839999972,-21.787442835349012],[-43.304625184999963,-21.787243481348998],[-43.304627301999972,-21.787063541348989],[-43.307040102999956,-21.781813625349145],[-43.307292101999955,-21.78155879634912],[-43.307635964999974,-21.781458449349131],[-43.310421212999984,-21.78019989334917],[-43.310691481999982,-21.780396843349141],[-43.310953471999937,-21.780629835349149],[-43.311138826999972,-21.780749143349169],[-43.311619132999965,-21.78097081834914],[-43.312236128999984,-21.781442266349117],[-43.312638006999975,-21.781703781349133],[-43.31303898799996,-21.78204205634913],[-43.31340787399995,-21.781765831349137],[-43.313692342999957,-21.78142100234912],[-43.313983321999956,-21.781139465349149],[-43.314288717999936,-21.781020647349166],[-43.314835048999953,-21.780868160349137],[-43.315584481999956,-21.780713224349153],[-43.316518142999939,-21.780722736349158],[-43.316752091999945,-21.780666412349145],[-43.317096581999976,-21.780511860349176],[-43.317739791999948,-21.780084873349164],[-43.318709884999976,-21.779250253349211],[-43.319222735999965,-21.77896192834918],[-43.319389816999951,-21.778782988349228],[-43.319642526999985,-21.778464922349198],[-43.320263699999941,-21.778268016349212],[-43.32059456799994,-21.778244282349196],[-43.320759832999961,-21.778273057349224],[-43.321159274999957,-21.778277114349237],[-43.321017340999958,-21.778632437349177],[-43.320875511999922,-21.778978727349212],[-43.320648523999978,-21.779527374349154],[-43.320586223999953,-21.779842860349184],[-43.32054347299993,-21.780140482349189],[-43.320674943999961,-21.780787605349126],[-43.320811779999985,-21.780974151349135],[-43.321266064999975,-21.781200048349142],[-43.321740241999983,-21.781430664349145],[-43.322612138999943,-21.781606608349122],[-43.322711037999966,-21.781625676349147],[-43.323029590999973,-21.78157020034914],[-43.323247066999954,-21.781631114349164],[-43.32340474199998,-21.781741099349155],[-43.32373735799996,-21.782191556349144],[-43.323991098999954,-21.78256444134912],[-43.324179493999964,-21.782891504349084],[-43.324478194999983,-21.783400325349071],[-43.324594884999946,-21.783604727349072],[-43.324633878999975,-21.783681894349108],[-43.324831232999941,-21.783810344349074],[-43.325046613999973,-21.784051875349096],[-43.325221193999937,-21.784423956349052],[-43.325457148999931,-21.784611503349041],[-43.325614986999938,-21.784707938349026],[-43.32565230199998,-21.784929601349074],[-43.325590323999954,-21.785114129349047],[-43.32542902299997,-21.785315714349057],[-43.325208497999938,-21.785516699349053],[-43.324808879999978,-21.785733933349029],[-43.324508107999968,-21.78597474734902],[-43.324387399999978,-21.786063843349037],[-43.324285715999963,-21.786284096349025],[-43.324162986999973,-21.786598972349026],[-43.323881105999931,-21.786930297349016],[-43.32375908299997,-21.787132278348988],[-43.323838015999968,-21.787205336348986],[-43.324129833999962,-21.787163135348997],[-43.324756083999944,-21.78684433334902],[-43.325215745999976,-21.786609645348985],[-43.326114910999941,-21.786158125349047],[-43.32639505599996,-21.785975805349025],[-43.327265411999981,-21.785402054349049],[-43.327657452999965,-21.785004097349042],[-43.327857954999956,-21.784861614349058],[-43.327915390999976,-21.784808002349067],[-43.328229578999981,-21.784504092349067],[-43.328350358999955,-21.784356286349102],[-43.328512753999966,-21.784059873349101],[-43.329153427999984,-21.783641847349074],[-43.329613491999964,-21.783371020349069],[-43.329862976999955,-21.783218326349072],[-43.329862811999931,-21.783207408349085],[-43.329859276999969,-21.78297312834912],[-43.32985928599993,-21.782972872349095],[-43.329817122999941,-21.782899628349075],[-43.330249696999942,-21.782635089349078],[-43.331141072999969,-21.782125670349124],[-43.332197117999947,-21.781487097349135],[-43.332751192999972,-21.781246429349146],[-43.332849038999939,-21.781386228349142],[-43.332851908999942,-21.78139032934914]]]},"properties":{"OBJECTID":109,"nro":70,"nome":"Graminha","qtd_contrib_oficina_1_centro":null,"qtd_contrib_oficina_2_oeste":null,"qtd_contrib_oficina_3_leste":null,"qtd_contrib_oficina_4_nordeste":null,"qtd_contrib_oficina_5_vilas_nu":null,"qtd_contrib_oficina_6_n_co":null,"qtd_contrib_oficina_7_sudeste":null,"qtd_contrib_oficina_8_sul":"9","qtd_inscricoes_vaf":7,"observacao":"-","fonte":"PDDU","ano":"2000","vaf_2018":19451565,"vaf_2019":22303008,"vaf_2020":29128530,"vaf_2021":12631518,"vaf_2022":19264874,"bairro_dado_vinculado":"-","regiao_planejamento":"Sul","shape.STArea()":0.0010397615568086907,"shape.STLength()":0.16482385667541674}},{"type":"Feature","id":110,"geometry":{"type":"Polygon","coordinates":[[[-43.342501523999942,-21.78602454534904],[-43.343037216999967,-21.786260934349034],[-43.34318381199995,-21.78628498434901],[-43.343380307999944,-21.786332114349001],[-43.343527215999984,-21.786329071349009],[-43.343723712999974,-21.78637620134899],[-43.343846394999957,-21.786377431349006],[-43.343943864999979,-21.786468729349028],[-43.343943346999936,-21.786513883348992],[-43.343820697999945,-21.786562330349028],[-43.343746967999941,-21.786561591348999],[-43.343648804999937,-21.78658318834901],[-43.343550207999954,-21.786695100349021],[-43.343573374999949,-21.786993390349004],[-43.343645840999947,-21.787156694349015],[-43.34379286799998,-21.787248488349029],[-43.343890339999973,-21.787339786348998],[-43.343938683999966,-21.787498331348964],[-43.343742044999949,-21.787568617349002],[-43.34349667999993,-21.787566157348991],[-43.343226395999977,-21.787680864349003],[-43.343053980999969,-21.787746876348994],[-43.342562362999963,-21.787976779348984],[-43.342414552999969,-21.788110777349001],[-43.342314688999984,-21.788385252348956],[-43.342256850999952,-21.788736922348935],[-43.342272524999942,-21.78884546434896],[-43.342299130999947,-21.788949601348946],[-43.342360321999934,-21.789094727348949],[-43.342408665999983,-21.789253273348976],[-43.342481301999953,-21.789506900348968],[-43.342480122999973,-21.789714625348967],[-43.342405605999943,-21.789939678348915],[-43.342281740999965,-21.790146173348951],[-43.342157700999955,-21.790420407348901],[-43.342353772999957,-21.790399793348904],[-43.342476542999975,-21.790446185348909],[-43.342622794999947,-21.790605714348931],[-43.342719949999946,-21.790882166348904],[-43.342792034999952,-21.791131270348881],[-43.342815633999976,-21.791339244348915],[-43.342716339999981,-21.791564049348921],[-43.342569167999955,-21.791589670348873],[-43.342495174999947,-21.791611507348904],[-43.342397008999967,-21.791633102348921],[-43.34234787999997,-21.791700350348915],[-43.342272305999984,-21.792069906348861],[-43.342147828999934,-21.7924344543489],[-43.341827364999972,-21.792706716348846],[-43.341605503999972,-21.792867066348894],[-43.341481544999965,-21.793186459348853],[-43.341430972999945,-21.793484010348877],[-43.341405614999985,-21.793691492348877],[-43.34135518599993,-21.793871626348814],[-43.341280615999956,-21.794101195348809],[-43.341010315999938,-21.79421589734882],[-43.340887367999983,-21.79423724334881],[-43.340519655999969,-21.794098069348848],[-43.34030044999998,-21.793870066348827],[-43.339982212999985,-21.793686227348843],[-43.339835006999976,-21.793662167348867],[-43.339589629999978,-21.793659701348844],[-43.339294467999935,-21.793728991348846],[-43.338999648999959,-21.793820864348831],[-43.338827654999939,-21.793954614348852],[-43.338629785999963,-21.79418294234884],[-43.338481476999952,-21.794411767348841],[-43.338382203999977,-21.794686245348835],[-43.338115909999942,-21.793929392348822],[-43.337698580999984,-21.793952289348823],[-43.337650156999985,-21.793748581348865],[-43.337650907999944,-21.793631172348839],[-43.337651343999944,-21.793540856348873],[-43.337578747999942,-21.79333690534887],[-43.337458122999976,-21.79294731434884],[-43.337386276999943,-21.792625953348871],[-43.33728982699995,-21.792236605348883],[-43.337242416999977,-21.791892910348867],[-43.337243781999973,-21.79161744834888],[-43.337269612999933,-21.791369326348867],[-43.337271727999962,-21.790976454348929],[-43.337297037999974,-21.790773488348897],[-43.33734924099997,-21.790177899348915],[-43.337423817999934,-21.789948333348953],[-43.337474654999937,-21.789628206348947],[-43.337574882999945,-21.789218257348939],[-43.337649456999934,-21.788988691348983],[-43.337846537999951,-21.788828096348968],[-43.338436799999954,-21.788535976348992],[-43.338682217999974,-21.788533928349004],[-43.339025749999962,-21.788514801348967],[-43.339223171999947,-21.788376789348998],[-43.339297307999971,-21.788237537348998],[-43.339273225999932,-21.788124395348966],[-43.339151674999982,-21.787919951349],[-43.339004827999929,-21.787760415349002],[-43.338662690999968,-21.787553754349013],[-43.33851566799995,-21.787461956348988],[-43.338246564999963,-21.787368929348997],[-43.337878871999976,-21.787229751349017],[-43.33756099499994,-21.787068492348983],[-43.337525632999977,-21.787013916349014],[-43.337487359999955,-21.786954850349012],[-43.337488806999943,-21.786724548348982],[-43.337536814999964,-21.78666656834903],[-43.337562972999933,-21.78663497434902],[-43.337651536999942,-21.786591190349021],[-43.337661450999974,-21.786586288349017],[-43.337680836999937,-21.786586483349001],[-43.337753923999969,-21.786627967349002],[-43.337849179999978,-21.786642320348985],[-43.337974188999965,-21.786661157349013],[-43.33808706599995,-21.786678166348988],[-43.338085937999942,-21.786690781348998],[-43.338186529999973,-21.786711323349007],[-43.338299958999976,-21.786735139349016],[-43.338408102999949,-21.786757998349039],[-43.338521469999932,-21.78678212234902],[-43.338634658999979,-21.786807826349015],[-43.338734431999967,-21.786822729349037],[-43.338753188999931,-21.786828832349013],[-43.338855370999973,-21.786841963349019],[-43.338944582999943,-21.786853427349026],[-43.338950946999944,-21.786854246349002],[-43.339040255999976,-21.786865722348999],[-43.339136539999977,-21.78687021334903],[-43.33921882299996,-21.78687405234902],[-43.339246195999976,-21.786875328348998],[-43.339327473999958,-21.786883571349009],[-43.339341775999969,-21.786885022349018],[-43.339405430999932,-21.786874869349017],[-43.339409760999956,-21.786874178348992],[-43.33942606599993,-21.786871577348979],[-43.339438134999973,-21.786869653348976],[-43.339519905999964,-21.786845340349],[-43.339527600999936,-21.786843052348974],[-43.339536128999953,-21.78678812634902],[-43.339605988999956,-21.786768681348999],[-43.339676203999943,-21.786749136349009],[-43.339832232999981,-21.786705707349004],[-43.339853453999972,-21.786752243349014],[-43.339877700999978,-21.786805418349015],[-43.339881894999962,-21.786814613349044],[-43.33988708399994,-21.786825993349026],[-43.339966287999971,-21.786773018349013],[-43.339977370999968,-21.786767554349034],[-43.340056853999954,-21.786750904349013],[-43.340110900999939,-21.786735694349009],[-43.340163895999979,-21.786717539348988],[-43.340222362999953,-21.786693521349004],[-43.34027898599993,-21.786665917349044],[-43.340322413999957,-21.786641554349018],[-43.34036440199997,-21.786615082349016],[-43.340453560999947,-21.786539086348998],[-43.340531321999947,-21.786472805349007],[-43.340574819999965,-21.786435730349041],[-43.340611575999951,-21.786404400349028],[-43.34069210399997,-21.786344078349021],[-43.340772125999933,-21.786262223348992],[-43.340832755999941,-21.786191866349025],[-43.340900785999956,-21.786141170349008],[-43.340978899999982,-21.786078458349024],[-43.341237932999945,-21.78598171934901],[-43.341469365999963,-21.785850668349035],[-43.341511883999949,-21.785773111349037],[-43.341612075999933,-21.785705206349057],[-43.341687148999938,-21.785762863349021],[-43.341741578999972,-21.785705086349019],[-43.341846788999923,-21.785776054349007],[-43.341870841999935,-21.785746236349038],[-43.342501523999942,-21.78602454534904]]]},"properties":{"OBJECTID":110,"nro":69,"nome":"Cruzeiro do Sul","qtd_contrib_oficina_1_centro":null,"qtd_contrib_oficina_2_oeste":null,"qtd_contrib_oficina_3_leste":null,"qtd_contrib_oficina_4_nordeste":null,"qtd_contrib_oficina_5_vilas_nu":null,"qtd_contrib_oficina_6_n_co":null,"qtd_contrib_oficina_7_sudeste":null,"qtd_contrib_oficina_8_sul":"2","qtd_inscricoes_vaf":null,"observacao":"-","fonte":"PDDU","ano":"2000","vaf_2018":null,"vaf_2019":null,"vaf_2020":null,"vaf_2021":null,"vaf_2022":null,"bairro_dado_vinculado":"-","regiao_planejamento":"Sul","shape.STArea()":3.6160937802010011e-05,"shape.STLength()":0.031889981548353256}},{"type":"Feature","id":111,"geometry":{"type":"Polygon","coordinates":[[[-43.363776740999981,-21.803804747348597],[-43.364074347999974,-21.803414799348584],[-43.364336809999941,-21.803458042348637],[-43.364596337999956,-21.803812865348572],[-43.364560608999966,-21.804404115348575],[-43.363850724999963,-21.805060943348554],[-43.363464341999929,-21.80554936434854],[-43.363402941999937,-21.805792623348545],[-43.363326417999986,-21.806089924348576],[-43.363565334999976,-21.806981955348533],[-43.364171324999973,-21.807755688348525],[-43.364427678999967,-21.808390475348478],[-43.364534026999934,-21.809299255348492],[-43.364479991999978,-21.810224511348434],[-43.364298145999953,-21.810746571348464],[-43.364067389999946,-21.811742334348427],[-43.363857329999973,-21.813469900348384],[-43.36366117499994,-21.813973752348367],[-43.363641276999942,-21.814447740348374],[-43.363680834999968,-21.814850061348327],[-43.363751409999956,-21.815076563348356],[-43.364256055999931,-21.815727360348326],[-43.364618570999937,-21.816065140348307],[-43.364923488999978,-21.816257834348281],[-43.365590926999978,-21.816788306348297],[-43.366949597999962,-21.81703207334828],[-43.367794179999976,-21.817455903348243],[-43.368694587999983,-21.818128665348258],[-43.368923762999941,-21.818550924348244],[-43.368947609999971,-21.819007280348274],[-43.368854430999932,-21.819494095348247],[-43.368541206999957,-21.820032925348222],[-43.368332289999962,-21.820383112348186],[-43.368296757999993,-21.82043985334823],[-43.368078857999933,-21.820789978348223],[-43.367794875999955,-21.821285525348166],[-43.367516478999953,-21.821744155348181],[-43.366884737999953,-21.82288299534817],[-43.366818837999972,-21.822892304348176],[-43.366817040999933,-21.822906221348166],[-43.366780713999958,-21.822883101348129],[-43.366609990999962,-21.822881412348142],[-43.366419157999978,-21.822879533348182],[-43.366292925999964,-21.822878274348128],[-43.365975864999939,-21.822875135348127],[-43.365171762999978,-21.822867284348167],[-43.364477966999978,-21.822867523348148],[-43.364019275999965,-21.822976796348168],[-43.36380598899995,-21.82296045534817],[-43.363623676999971,-21.822901737348122],[-43.363513054999942,-21.822850918348148],[-43.363289954999971,-21.82274903534816],[-43.363054038999955,-21.822711127348178],[-43.362841313999972,-21.822644992348181],[-43.362660808999976,-21.822559883348127],[-43.362500261999969,-21.822511696348194],[-43.362353819999953,-21.822498220348134],[-43.361917414999944,-21.822500754348169],[-43.361726835999953,-21.822498862348169],[-43.361612162999961,-21.822526180348145],[-43.361452883999959,-21.82258238334812],[-43.361344215999956,-21.822623113348158],[-43.361180168999958,-21.822666128348164],[-43.360885526999937,-21.822732378348146],[-43.360725275999975,-21.822745014348147],[-43.360580758999959,-21.822715123348154],[-43.360405828999944,-21.822677817348133],[-43.36023122499995,-21.822612057348156],[-43.360084871999959,-21.822481981348144],[-43.360010423999938,-21.822324736348179],[-43.359921052999937,-21.822138888348185],[-43.359763721999968,-21.821895455348148],[-43.359590172999958,-21.821737226348201],[-43.359323606999965,-21.821713235348163],[-43.358918768999956,-21.82178034734817],[-43.358677525999951,-21.821907809348197],[-43.358352916999934,-21.822012897348184],[-43.358057588999941,-21.822095066348179],[-43.357732953999964,-21.822138470348172],[-43.357267533999959,-21.822169406348145],[-43.356831388999986,-21.822249629348139],[-43.356664978999959,-21.822191864348195],[-43.356390460999933,-21.822064496348148],[-43.356208422999941,-21.821844420348196],[-43.356156798999962,-21.821734754348185],[-43.356128662999943,-21.821528173348209],[-43.35599523999997,-21.821119932348214],[-43.355978651999976,-21.820975764348201],[-43.355953508999953,-21.820843502348179],[-43.355660595999943,-21.82045643634822],[-43.355510087999967,-21.820284206348184],[-43.355291780999949,-21.820040161348206],[-43.354703444999984,-21.819486533348236],[-43.35446162299997,-21.819299163348248],[-43.354209884999932,-21.819145699348269],[-43.35387052699997,-21.818987375348225],[-43.353645799999974,-21.818905956348264],[-43.35347014599995,-21.818932658348221],[-43.353294490999978,-21.818959361348231],[-43.352958102999942,-21.819041372348234],[-43.352751631999979,-21.819096221348214],[-43.352460979999933,-21.819178684348223],[-43.352148437999979,-21.819175564348242],[-43.35189695899993,-21.81916594134821],[-43.351584577999972,-21.819148593348238],[-43.351410308999959,-21.819054373348244],[-43.351244476999966,-21.818889099348269],[-43.350903149999965,-21.818710710348242],[-43.350542753999946,-21.818643590348245],[-43.350961222999956,-21.818225077348266],[-43.350962752999983,-21.81821439134826],[-43.351160825999955,-21.817864120348268],[-43.35134714099997,-21.817748565348289],[-43.35151635699998,-21.817520545348295],[-43.351518017999979,-21.817518306348266],[-43.351570031999984,-21.817448218348289],[-43.351673859999948,-21.817250549348305],[-43.351792610999951,-21.817174962348279],[-43.351620069999967,-21.816035200348335],[-43.351612090999936,-21.815253847348316],[-43.35163175699995,-21.815014694348324],[-43.351714038999944,-21.813741995348391],[-43.351858656999987,-21.812885393348413],[-43.352120003999971,-21.812129308348393],[-43.352447583999954,-21.81155452534842],[-43.352670736999983,-21.811177405348424],[-43.353013495999967,-21.810702126348431],[-43.353345554999976,-21.810475120348453],[-43.353891122999983,-21.809920572348442],[-43.35431596899997,-21.80966739334848],[-43.354563865999971,-21.809398902348448],[-43.354846345999931,-21.809013337348464],[-43.355026077999987,-21.808784809348495],[-43.355205249999983,-21.808393699348493],[-43.355246564999959,-21.808163792348491],[-43.355274721999933,-21.80797440034852],[-43.355278590999944,-21.807635736348498],[-43.355230735999953,-21.807273975348551],[-43.35518116399993,-21.807115420348502],[-43.355106013999936,-21.806920482348509],[-43.355031571999973,-21.806716518348544],[-43.354956680999976,-21.806499003348517],[-43.354869251999958,-21.806267814348548],[-43.354742984999973,-21.806049785348566],[-43.354672906999951,-21.805728449348553],[-43.35460160699995,-21.805461292348554],[-43.354598348999964,-21.805217393348567],[-43.354608313999961,-21.804874274348592],[-43.354636368999934,-21.804693911348576],[-43.354703634999964,-21.804414588348607],[-43.354815975999941,-21.804158292348585],[-43.354902156999962,-21.803969477348591],[-43.35497473199996,-21.803807622348604],[-43.355078977999945,-21.803677695348611],[-43.35526760099998,-21.803516997348609],[-43.355399961999979,-21.803730569348616],[-43.355690854999985,-21.804248294348614],[-43.356068445999945,-21.804532049348612],[-43.35623917899995,-21.80498535234857],[-43.356583547999946,-21.805584897348552],[-43.357017158999945,-21.806045333348568],[-43.357366979999938,-21.806220423348538],[-43.357477659999972,-21.80674538534851],[-43.357947692999964,-21.806610063348568],[-43.358447341999977,-21.806475033348541],[-43.359768770999949,-21.80610430034854],[-43.360503102999985,-21.805903855348525],[-43.360884716999976,-21.805835387348527],[-43.361211412999978,-21.805387023348583],[-43.361654016999985,-21.805111420348549],[-43.361923916999949,-21.804554107348565],[-43.362305280999976,-21.804454020348611],[-43.362482760999967,-21.804315783348621],[-43.362776122999946,-21.804246435348606],[-43.363215128999975,-21.804286916348602],[-43.363390195999962,-21.80436090834861],[-43.363776740999981,-21.803804747348597]]]},"properties":{"OBJECTID":111,"nro":66,"nome":"Sagrado Coração","qtd_contrib_oficina_1_centro":null,"qtd_contrib_oficina_2_oeste":null,"qtd_contrib_oficina_3_leste":null,"qtd_contrib_oficina_4_nordeste":null,"qtd_contrib_oficina_5_vilas_nu":null,"qtd_contrib_oficina_6_n_co":null,"qtd_contrib_oficina_7_sudeste":null,"qtd_contrib_oficina_8_sul":"5","qtd_inscricoes_vaf":null,"observacao":"-","fonte":"PDDU","ano":"2000","vaf_2018":null,"vaf_2019":null,"vaf_2020":null,"vaf_2021":null,"vaf_2022":null,"bairro_dado_vinculado":"-","regiao_planejamento":"Sul","shape.STArea()":0.00020654887108762207,"shape.STLength()":0.072282181214746194}}]}